city,exp,year,country,adult_population,t2m_mean_corrected,osa_person_days_corrected,yld_diff_mean_corrected,yld_diff_max_corrected,yld_diff_min_corrected,yll_diff_corrected,yll_diff_min_corrected,yll_diff_max_corrected,money_cost_corrected,money_cost_min_corrected,money_cost_max_corrected,population_adult
Amsterdam,ssp126,2024,Netherlands,14327401.5,11.555757904552655,101655026.66982311,22280.553790649537,25938.473507111645,18622.63407418743,330.931946219023,258.4907491550607,403.37314328298544,2828096848.6534324,1414048424.3267162,4242145272.9801483,14327401.5
Amsterdam,ssp126,2025,Netherlands,14327401.5,11.813230709657581,112968018.07786053,24760.113551315273,29347.868178027027,20172.358924603515,367.76072278686684,276.9051374389826,458.6163081347511,3142830279.9261127,1571415139.9630563,4714245419.889169,14327401.5
Amsterdam,ssp126,2026,Netherlands,14327401.5,11.617984217026075,104321933.03203681,22865.081212504596,26742.19871216235,18987.963712846842,339.61390265289333,262.83172737199584,416.3960779337908,2902291600.508908,1451145800.254454,4353437400.763362,14327401.5
Amsterdam,ssp126,2027,Netherlands,14327401.5,11.567097327762925,101494857.18869805,22245.4481509509,25890.20325252601,18600.693049375783,330.4105239160634,258.2300380035809,402.59100982854596,2823640848.594612,1411820424.297306,4235461272.891918,14327401.5
Amsterdam,ssp126,2028,Netherlands,14327401.5,11.572623386749568,103274505.80530912,22635.508121714964,26426.535712326604,18844.480531103323,336.204065067688,261.12680857939324,411.2813215559829,2873151618.590224,1436575809.295112,4309727427.885336,14327401.5
Amsterdam,ssp126,2029,Netherlands,14327401.5,11.611944383695622,103706525.48587632,22730.19736677079,26556.733424278365,18903.661309263214,337.6104796679163,261.83001587950736,413.3909434563253,2885170635.6245375,1442585317.8122687,4327755953.436806,14327401.5
Amsterdam,ssp126,2030,Netherlands,14327401.5,11.585092569678554,102447108.90533307,22454.160855966787,26177.183221922867,18731.138490010715,333.51052323926456,259.78003766518145,407.2410088133477,2850132997.258219,1425066498.6291094,4275199495.887328,14327401.5
Amsterdam,ssp126,2031,Netherlands,14327401.5,11.496721723221313,98788679.3108003,21652.31327360344,25074.642796173262,18229.983751033622,321.60072137814836,253.82513673462338,389.3763060216734,2748353542.3088603,1374176771.1544302,4122530313.46329,14327401.5
Amsterdam,ssp126,2032,Netherlands,14327401.5,11.417845846365505,96609942.0467172,21174.78181846194,24418.037045353696,17931.526591570182,314.5079706630772,250.2787613770878,378.73717994906656,2687739914.1150527,1343869957.0575264,4031609871.172579,14327401.5
Amsterdam,ssp126,2033,Netherlands,14327401.5,11.693499437473303,108775429.1428538,23841.189949122017,28084.348225011305,19598.031673232734,354.11199668437234,270.08077438773535,438.1432189810092,3026190228.3396635,1513095114.1698318,4539285342.509495,14327401.5
Amsterdam,ssp126,2034,Netherlands,14327401.5,11.526342307589104,100936972.31429991,22123.172014096504,25722.073564351223,18524.270463841785,328.5943625977411,257.3219573444198,399.86676785106255,2808120194.9989843,1404060097.4994922,4212180292.4984765,14327401.5
Amsterdam,ssp126,2035,Netherlands,14327401.5,11.67975672068121,106090701.1150251,23252.756408776,27275.25210703553,19230.26071051647,345.37202286877437,265.7107874799364,425.0332582576125,2951499668.278587,1475749834.1392934,4427249502.41788,14327401.5
Amsterdam,ssp126,2036,Netherlands,14327401.5,11.624565878122471,105094335.50290322,23034.37490474929,26974.9775389988,19093.772270499776,342.12841335956455,264.08898272533145,420.16784399379765,2923780247.6059585,1461890123.8029792,4385670371.408937,14327401.5
Amsterdam,ssp126,2037,Netherlands,14327401.5,11.796746114154459,113646781.89431915,24908.883702867846,29552.427136411818,20265.340269323875,369.9703983746102,278.00997523285434,461.9308215163662,3161713849.909732,1580856924.954866,4742570774.864597,14327401.5
Amsterdam,ssp126,2038,Netherlands,14327401.5,11.827903586074394,114010408.20131043,24988.582619468674,29662.013146737954,20315.15209219939,371.15416237931527,278.60185723520686,463.7064675234238,3171830126.9555244,1585915063.4777622,4757745190.433287,14327401.5
Amsterdam,ssp126,2039,Netherlands,14327401.5,11.674570520664975,107102096.12246509,23474.43202684504,27580.05608188046,19368.80797180962,348.66455968837954,267.35705588973894,429.97206348702014,2979637214.713696,1489818607.356848,4469455822.070544,14327401.5
Amsterdam,ssp126,2040,Netherlands,14327401.5,11.639609290147439,105868831.2632156,23204.127400160218,27208.38722018883,19199.867580131606,344.64973864661647,265.3496453688574,423.9498319243756,2945327131.1275063,1472663565.5637531,4417990696.691259,14327401.5
Amsterdam,ssp126,2041,Netherlands,14327401.5,11.509455988867282,99479577.67091277,21803.74305116234,25282.858740316744,18324.62736200793,323.849900257361,254.94972617422974,392.75007434049246,2767574701.7437015,1383787350.8718507,4151362052.615552,14327401.5
Amsterdam,ssp126,2042,Netherlands,14327401.5,11.589247921577611,102836438.28800727,22539.493323402232,26294.515364646595,18784.471282157865,334.7779620915223,260.41375709131034,409.1421670917342,2860964347.524893,1430482173.7624464,4291446521.287339,14327401.5
Amsterdam,ssp126,2043,Netherlands,14327401.5,11.736855309356308,109580795.1943259,24017.708535746035,28327.061281619328,19708.35578987274,356.7338183843268,271.39168523771264,442.0759515309411,3048595939.7618656,1524297969.8809328,4572893909.642798,14327401.5
Amsterdam,ssp126,2044,Netherlands,14327401.5,11.57228787744921,103400315.00872122,22663.0827416409,26464.45081472477,18861.714668557033,336.6136295122743,261.3315908016864,411.89566822286235,2876651697.468339,1438325848.7341695,4314977546.202509,14327401.5
Amsterdam,ssp126,2045,Netherlands,14327401.5,11.695523196754099,107624735.40649547,23588.983102796905,27737.56381131427,19440.402394279536,350.3659810651745,268.20776657813644,432.5241955522125,2994177317.2602177,1497088658.6301088,4491265975.8903265,14327401.5
Amsterdam,ssp126,2046,Netherlands,14327401.5,11.849425586256105,115172702.30254176,25243.33201151938,30012.293560807673,20474.370462231083,374.9379423024539,280.49374719677616,469.3821374081317,3204165766.348713,1602082883.1743565,4806248649.523069,14327401.5
Amsterdam,ssp126,2047,Netherlands,14327401.5,11.712704686005837,109940694.67204171,24096.590613053613,28435.52413791725,19757.65708818998,357.905449916042,271.97750100357024,443.8333988285139,3058608534.4372463,1529304267.2186232,4587912801.6558695,14327401.5
Amsterdam,ssp126,2048,Netherlands,14327401.5,11.766291593496911,112106910.31848589,24571.37760405508,29088.35625054426,20054.398957565892,364.9574372431057,275.503494667102,454.4113798191094,3118873804.5759273,1559436902.2879636,4678310706.863891,14327401.5
Amsterdam,ssp126,2049,Netherlands,14327401.5,11.82911333254759,114928589.73583487,25189.82788730965,29938.725390019295,20440.9303846,374.1432482332739,280.09640016218617,468.1900963043617,3197374425.052205,1598687212.5261025,4796061637.578308,14327401.5
Amsterdam,ssp126,2050,Netherlands,14327401.5,11.816447702301183,113394174.48456706,24853.51769525095,29476.298875938584,20230.736514563316,369.14804984471283,277.5988009679056,460.6972987215201,3154686177.5666156,1577343088.7833078,4732029266.349923,14327401.5
Amsterdam,ssp126,2051,Netherlands,14327401.5,11.809359287414821,113437055.72100061,24862.916322414465,29489.221988288424,20236.610656540513,369.2876471818453,277.6685996364718,460.90669472721873,3155879156.3458934,1577939578.1729467,4733818734.51884,14327401.5
Amsterdam,ssp126,2052,Netherlands,14327401.5,11.775330339428539,112704056.03494409,24702.258856977423,29268.317973312485,20136.19974064236,366.9014099181189,276.47548100460864,457.32733883162916,3135486715.6559396,1567743357.8279698,4703230073.48391,14327401.5
Amsterdam,ssp126,2053,Netherlands,14327401.5,11.932271918419849,118327871.65106368,25934.875978318705,30963.16651515675,20906.58544148066,385.20941010255024,285.6294810968243,484.78933910827624,3291944253.884837,1645972126.9424186,4937916380.827255,14327401.5
Amsterdam,ssp126,2054,Netherlands,14327401.5,11.55907188121831,101201642.31255457,22181.181876727664,25801.83712546907,18560.526627986263,329.4559801733549,257.75276613222667,401.15919421448325,2815483454.9627852,1407741727.4813926,4223225182.4441776,14327401.5
Amsterdam,ssp126,2055,Netherlands,14327401.5,11.700424545287547,107917877.82631074,23653.23349618107,27825.908102217505,19480.55889014464,351.32028893057816,268.68492051083825,433.955657350318,3002332695.118499,1501166347.5592494,4503499042.677748,14327401.5
Amsterdam,ssp126,2056,Netherlands,14327401.5,11.62785455858372,105418757.06394738,23105.481000320608,27072.748420409363,19138.21358023185,343.184548625167,264.6170503581327,421.7520468922014,2932805827.7910295,1466402913.8955147,4399208741.686544,14327401.5
Amsterdam,ssp126,2057,Netherlands,14327401.5,11.79096431440738,111895363.79405242,24525.011242535416,29024.602503454727,20025.419981616105,364.26876000460544,275.1591560478519,453.378363961359,3112988467.876966,1556494233.938483,4669482701.815449,14327401.5
Amsterdam,ssp126,2058,Netherlands,14327401.5,11.756510398473594,111816426.29936045,24507.709873835804,29000.813121492756,20014.606626178847,364.0117836444209,275.0306678677597,452.99289942108226,3110792384.837177,1555396192.4185884,4666188577.255765,14327401.5
Amsterdam,ssp126,2059,Netherlands,14327401.5,11.90831825759109,117378725.1724706,25726.84387342159,30677.122370923214,20776.565375919963,382.1195196987243,284.0845358949113,480.15450350253724,3265538494.593289,1632769247.2966444,4898307741.889934,14327401.5
Amsterdam,ssp126,2060,Netherlands,14327401.5,11.725662836079673,109836509.50589767,24073.755508145332,28404.12586866836,19743.385147622303,357.56628124992983,271.80791667051415,443.3246458293457,3055710047.764223,1527855023.8821115,4583565071.646335,14327401.5
Amsterdam,ssp126,2061,Netherlands,14327401.5,12.101481434064679,127202265.46131998,27879.94859426529,33637.641362083305,22122.255826447275,414.09947595911785,300.07451402510816,528.1244378931276,3538834604.423125,1769417302.2115624,5308251906.634687,14327401.5
Amsterdam,ssp126,2062,Netherlands,14327401.5,11.675023704365504,107475542.96532345,23556.28338966331,27692.60170575558,19419.96507357104,349.88029386862695,267.9649229798627,431.79566475739136,2990026704.284709,1495013352.1423545,4485040056.427063,14327401.5
Amsterdam,ssp126,2063,Netherlands,14327401.5,11.934130440377915,119251484.3249341,26137.311632865647,31241.51554015879,21033.1077255725,388.2161767104551,287.1328644007768,489.2994890201336,3317639649.163547,1658819824.5817735,4976459473.74532,14327401.5
Amsterdam,ssp126,2064,Netherlands,14327401.5,11.600672761048441,104725649.14785886,22953.566936520387,26863.86658268406,19043.267290356715,340.92817666673943,263.48886437891895,418.36748895456003,2913523197.335056,1456761598.667528,4370284796.0025835,14327401.5
Amsterdam,ssp126,2065,Netherlands,14327401.5,11.886849281414083,115760377.38245219,25372.13750848605,30189.40111913684,20554.87389783525,376.8510838785302,281.4503179848143,472.25184977224615,3220515199.288461,1610257599.6442306,4830772798.932692,14327401.5
Amsterdam,ssp126,2066,Netherlands,14327401.5,11.865393960679187,115072387.60708383,25221.345228953258,29982.061734779258,20460.628723127258,374.61137372547546,280.33046290828696,468.8922845426641,3201374958.226458,1600687479.113229,4802062437.339687,14327401.5
Amsterdam,ssp126,2067,Netherlands,14327401.5,11.860328776243152,115650578.99904945,25348.072109384077,30156.311195371636,20539.833023396517,376.49364171456136,281.27159690282986,471.7156865262929,3217460549.9291425,1608730274.9645712,4826190824.893714,14327401.5
Amsterdam,ssp126,2068,Netherlands,14327401.5,11.734986727200384,110651142.06998116,24252.30511123212,28649.631572912695,19854.978649551547,360.2182695353806,273.1339108132395,447.30262825752175,3078373558.4903336,1539186779.2451668,4617560337.7355,14327401.5
Amsterdam,ssp126,2069,Netherlands,14327401.5,11.927574331834936,118512969.79262298,25975.445434002933,31018.94951672256,20931.941351283305,385.81198618987645,285.9307691404874,485.69320323926553,3297093782.520894,1648546891.260447,4945640673.781342,14327401.5
Amsterdam,ssp126,2070,Netherlands,14327401.5,11.934897841904647,118857609.4910967,26050.98290216156,31122.81353544067,20979.15226888244,386.93394040991416,286.49174625050625,487.37613456932206,3306681842.030632,1653340921.015316,4960022763.045948,14327401.5
Amsterdam,ssp126,2071,Netherlands,14327401.5,11.933943246214406,118420938.0314885,25955.274089096743,30991.213917476554,20919.334260716936,385.51238221726504,285.7809671541817,485.24379728034836,3294533410.032027,1647266705.0160134,4941800115.04804,14327401.5
Amsterdam,ssp126,2072,Netherlands,14327401.5,11.820652208615613,115322168.40725394,25276.091705702867,30057.33814030997,20494.845271095764,375.42452039452246,280.7370362428104,470.11200454623446,3208323992.7892985,1604161996.3946493,4812485989.183948,14327401.5
Amsterdam,ssp126,2073,Netherlands,14327401.5,11.797715958426606,112431053.88528588,24642.422769381104,29186.04335286755,20098.80218589466,366.0126675148356,276.03110980296697,455.99422522670426,3127891650.8134346,1563945825.4067173,4691837476.220152,14327401.5
Amsterdam,ssp126,2074,Netherlands,14327401.5,11.774696263885108,111432758.16108264,24423.61822708998,28885.187107217254,19962.04934696271,362.76277463953517,274.4061633653168,451.1193859137536,3100118533.397283,1550059266.6986415,4650177800.095924,14327401.5
Amsterdam,ssp126,2075,Netherlands,14327401.5,11.90831128820426,117701219.74203181,25797.527614695282,30774.31251517454,20820.742714216023,383.1693817571604,284.60946692412944,481.7292965901915,3274510464.8515444,1637255232.4257722,4911765697.277317,14327401.5
Amsterdam,ssp126,2076,Netherlands,14327401.5,11.98376340871273,121640215.33245352,26660.869113965793,31961.407076671494,21360.331151260092,395.9925496770352,291.02105088406677,500.9640484700036,3384095414.8640227,1692047707.4320114,5076143122.296034,14327401.5
Amsterdam,ssp126,2077,Netherlands,14327401.5,11.972689161883157,120415712.45757669,26392.484922211966,31592.378813009986,21192.591031413947,392.0062527588317,289.0279024249651,494.9846030926984,3350029094.338097,1675014547.1690485,5025043641.507146,14327401.5
Amsterdam,ssp126,2078,Netherlands,14327401.5,11.75931007464827,111053932.29998697,24340.58790137038,28771.02040935281,19910.155393387962,361.5295293825379,273.78954073681814,449.2695180282577,3089579396.6811748,1544789698.3405874,4634369095.021762,14327401.5
Amsterdam,ssp126,2079,Netherlands,14327401.5,11.911824722464365,118479381.93257323,25968.083711252304,31008.82714794045,20927.340274564158,385.70264289166755,285.87609749138295,485.52918829195215,3296159350.4099445,1648079675.2049723,4944239025.614917,14327401.5
Amsterdam,ssp126,2080,Netherlands,14327401.5,11.9661206309376,121103142.03191884,26543.15441795819,31799.549369661043,21286.75946625534,394.2441392104724,290.1468456507854,498.3414327701595,3369153750.309931,1684576875.1549654,5053730625.464896,14327401.5
Amsterdam,ssp126,2081,Netherlands,14327401.5,11.71861164281343,108475971.8814618,23775.555480871717,27994.10083116714,19557.010130576295,353.1371312245092,269.59334165780376,436.68092079121453,3017859168.233805,1508929584.1169026,4526788752.350708,14327401.5
Amsterdam,ssp126,2082,Netherlands,14327401.5,11.906155770991425,117657897.08165812,25788.032237079125,30761.25637095233,20814.808103205927,383.02834739041515,284.5389497407568,481.5177450400736,3273305205.4237337,1636652602.7118669,4909957808.135601,14327401.5
Amsterdam,ssp126,2083,Netherlands,14327401.5,11.720025360558871,109527239.92853048,24005.97039529773,28310.921338502907,19701.01945209255,356.55947237389773,271.3045122324981,441.8144325152974,3047106003.8149037,1523553001.9074519,4570659005.722356,14327401.5
Amsterdam,ssp126,2084,Netherlands,14327401.5,11.778624595127758,112034291.09771374,24555.461062515977,29066.471005927997,20044.451119103956,364.7210296511713,275.3852908711348,454.0567684312078,3116853499.2733235,1558426749.6366618,4675280248.909986,14327401.5
Amsterdam,ssp126,2085,Netherlands,14327401.5,11.958741610525275,119473968.3064458,26186.075245251774,31308.56550718972,21063.584983313827,388.94046019565235,287.49500614337535,490.3859142479294,3323829271.729214,1661914635.864607,4985743907.593822,14327401.5
Amsterdam,ssp126,2086,Netherlands,14327401.5,11.90671035129104,118294591.15937874,25927.5816239768,30953.136777936626,20902.026470016972,385.1010674239319,285.57530975751513,484.62682509034875,3291018372.9250937,1645509186.4625468,4936527559.38764,14327401.5
Amsterdam,ssp126,2087,Netherlands,14327401.5,11.774036084947442,111266357.43999971,24387.146836167696,28835.03894469911,19939.254727636282,362.2210669022574,274.1353094966779,450.3068243078369,3095489176.9323373,1547744588.4661686,4643233765.398506,14327401.5
Amsterdam,ssp126,2088,Netherlands,14327401.5,11.708198934340018,108965661.33219936,23882.884675553923,28141.678473855172,19624.090877252675,354.7312863615873,270.39041922634283,439.07215349683185,3031482588.912722,1515741294.456361,4547223883.369083,14327401.5
Amsterdam,ssp126,2089,Netherlands,14327401.5,11.813436672844684,114022675.74528342,24991.27139622988,29665.710214784616,20316.832577675144,371.1940986454824,278.6218253682904,463.76637192267447,3172171416.5462837,1586085708.2731419,4758257124.819426,14327401.5
Amsterdam,ssp126,2090,Netherlands,14327401.5,11.767029637044104,111465994.51637568,24430.902907702155,28895.20354305899,19966.602272345317,362.87097363473174,274.4602628629151,451.2816844065485,3101043186.4591556,1550521593.2295778,4651564779.688733,14327401.5
Amsterdam,ssp126,2091,Netherlands,14327401.5,11.743585670918321,109448054.63637432,23988.614714825148,28287.057277853106,19690.172151797186,356.30168932367746,271.17562070738796,441.4277579399671,3044903026.9180126,1522451513.4590063,4567354540.377019,14327401.5
Amsterdam,ssp126,2092,Netherlands,14327401.5,11.760277663432896,111622371.95851046,24465.177415567312,28942.33099137358,19988.02383976104,363.38005117831943,274.7148016347089,452.04530072193,3105393689.9786544,1552696844.9893272,4658090534.967981,14327401.5
Amsterdam,ssp126,2093,Netherlands,14327401.5,11.89294910381073,117065891.22783026,25658.277529390827,30582.843647880916,20733.711410900738,381.1011072351727,283.57532966313556,478.62688480721,3256835288.0527735,1628417644.0263867,4885252932.079161,14327401.5
Amsterdam,ssp126,2094,Netherlands,14327401.5,11.859387504890552,116204860.90358382,25469.55855421353,30323.35505701213,20615.762051414928,378.29807377690634,282.1738129340024,474.4223346198104,3232880966.9889946,1616440483.4944973,4849321450.483492,14327401.5
Amsterdam,ssp126,2095,Netherlands,14327401.5,11.753526287465139,111028948.99339569,24335.112108144895,28763.49119366776,19906.73302262203,361.44819770082876,273.7488748959636,449.147520505694,3088884347.8188176,1544442173.9094088,4633326521.728227,14327401.5
Amsterdam,ssp126,2096,Netherlands,14327401.5,11.916738780656702,120236007.37699392,26353.09750728972,31538.221117491892,21167.973897087544,391.42123346356493,288.73539277733164,494.1070741497983,3345029603.5236025,1672514801.7618012,5017544405.285404,14327401.5
Amsterdam,ssp126,2097,Netherlands,14327401.5,11.729855735405211,108766252.08224855,23839.178538578402,28081.58253551383,19596.77454164297,354.08212130460845,270.06583669785346,438.0984059113635,3025934917.6380897,1512967458.8190448,4538902376.457134,14327401.5
Amsterdam,ssp126,2098,Netherlands,14327401.5,11.685250274940712,107817517.18907568,23631.236644184348,27795.662430722008,19466.810857646688,350.9935707928528,268.5215614419756,433.4655801437301,2999540608.871597,1499770304.4357984,4499310913.307395,14327401.5
Athens,ssp126,2024,Greece,8325766.5,17.887375429405033,38458566.952756286,8429.274948549735,10652.042000337507,6206.507896761964,396.84798639532795,257.31829032823947,536.3776824624165,405825372.0897504,202912686.0448752,608738058.1346257,8325766.5
Athens,ssp126,2025,Greece,8325766.5,18.10273509056354,44508470.360015586,9755.281174798349,12475.30056142935,7035.261788167348,459.27600114705155,288.5322977041012,630.0197045900018,469665616.17305124,234832808.08652562,704498424.2595768,8325766.5
Athens,ssp126,2026,Greece,8325766.5,18.00641302112218,40585590.156012714,8895.471815016897,11293.062691729854,6497.88093830394,418.79640886944884,268.2925015653,569.3003161735977,428270305.72353375,214135152.86176687,642405458.5853007,8325766.5
Athens,ssp126,2027,Greece,8325766.5,17.875852537952056,38310923.50267788,8396.914740313372,10607.546714012507,6186.282766614237,395.3244765375622,256.55653539935656,534.092417675768,404267397.81217825,202133698.90608913,606401096.7182674,8325766.5
Athens,ssp126,2028,Greece,8325766.5,18.031792319070128,43046407.150357746,9434.828964462384,12034.678772217398,6834.97915670737,444.18919769313976,280.9888959771455,607.3894994091343,454237523.2124639,227118761.60623196,681356284.8186959,8325766.5
Athens,ssp126,2029,Greece,8325766.5,17.87269247931781,37521398.58631148,8223.868183301558,10369.607698121265,6078.128668481853,387.1774914027858,252.48304283196836,521.8719399736033,395936113.82668537,197968056.91334268,593904170.740028,8325766.5
Athens,ssp126,2030,Greece,8325766.5,18.124923921823612,43701250.089181684,9578.356183930646,12232.028698986258,6924.683668875032,450.9464203945651,284.3675073278581,617.5253334612721,461147605.9421458,230573802.9710729,691721408.9132187,8325766.5
Athens,ssp126,2031,Greece,8325766.5,17.997667281433472,39872662.49048793,8739.213696545712,11078.207778831973,6400.219614259449,411.43981888374935,264.61420657245014,558.2654311950484,420747296.988183,210373648.4940915,631120945.4822745,8325766.5
Athens,ssp126,2032,Greece,8325766.5,18.056518240147916,44065926.72732506,9658.285310099054,12341.931247467823,6974.639372730289,454.7094620521073,286.2490281566292,623.1698959475856,464995774.0901885,232497887.04509425,697493661.1352828,8325766.5
Athens,ssp126,2033,Greece,8325766.5,17.957408642236594,40910817.4503059,8966.7545096565,11391.07639685931,6542.432622453693,422.1523788674882,269.9704865643197,574.3342711706568,431702193.5492659,215851096.77463296,647553290.3238989,8325766.5
Athens,ssp126,2034,Greece,8325766.5,18.017729098209234,41862293.38208601,9175.297179635701,11677.822568080712,6672.771791190693,431.9705114072252,274.87955283418813,589.0614699802622,441742429.1753989,220871214.58769944,662613643.7630984,8325766.5
Athens,ssp126,2035,Greece,8325766.5,18.203183803318606,48778642.88738719,10691.209399975687,13762.20187104819,7620.2169289031835,503.33924903482637,310.56392164798865,696.114576421664,514725650.70155376,257362825.35077688,772088476.0523306,8325766.5
Athens,ssp126,2036,Greece,8325766.5,18.06502650057521,45353407.64978264,9940.472909541813,12729.939196701613,7151.006622382013,467.9947779669537,292.8916861140523,643.0978698198551,478581626.7574661,239290813.37873304,717872440.1361991,8325766.5
Athens,ssp126,2037,Greece,8325766.5,17.974249674649222,42067392.13347364,9220.250330624773,11739.633150690683,6700.867510558862,434.0868936062905,275.93774393372075,592.2360432788603,443906687.5888565,221953343.79442826,665860031.3832848,8325766.5
Athens,ssp126,2038,Greece,8325766.5,17.970209503526984,40841276.07302144,8951.512563950317,11370.118721513307,6532.9064063873275,421.43479218308585,269.61169322211845,573.2578911440535,430968373.81680506,215484186.90840253,646452560.7252076,8325766.5
Athens,ssp126,2039,Greece,8325766.5,18.070474431463413,45987738.82832,10079.504400728081,12921.107497082732,7237.90130437343,474.5403429959246,296.16446862853775,652.9162173633113,485275263.7532041,242637631.87660205,727912895.6298062,8325766.5
Athens,ssp126,2040,Greece,8325766.5,18.15999473583151,45175329.06971574,9901.441987883314,12676.271679421177,7126.612296345451,466.1572127241693,291.9729034926602,640.3415219556784,476702492.62057436,238351246.31028718,715053738.9308615,8325766.5
Athens,ssp126,2041,Greece,8325766.5,18.182624441979698,46621178.49372353,10218.34049177543,13112.007122272837,7324.673861278024,481.07670863916564,299.43265145015835,662.720765828173,491959493.25724596,245979746.62862298,737939239.8858689,8325766.5
Athens,ssp126,2042,Greece,8325766.5,18.158979845081994,46244995.84966323,10135.88950129646,12998.637010364255,7273.141992228668,477.19493829146734,297.4917662763092,656.8981103066255,487989910.57136464,243994955.28568232,731984865.857047,8325766.5
Athens,ssp126,2043,Greece,8325766.5,18.07587143085292,46733326.76358022,10242.920934483747,13145.805230996772,7340.036637970721,482.23394923851043,300.0112717498307,664.4566267271902,493142912.63425297,246571456.31712648,739714368.9513794,8325766.5
Athens,ssp126,2044,Greece,8325766.5,18.065825961551226,46056025.42588647,10094.471326222105,12941.687019637015,7247.255632807194,475.24498180306796,296.5167880321095,653.9731755740264,485995842.705098,242997921.352549,728993764.057647,8325766.5
Athens,ssp126,2045,Greece,8325766.5,18.12778519099933,45487231.574071005,9969.804180618714,12770.26969443235,7169.338666805075,469.3756862818834,293.58214027151723,645.1692322922498,479993773.599431,239996886.7997155,719990660.3991464,8325766.5
Athens,ssp126,2046,Greece,8325766.5,18.28164119474378,51716692.15645662,11335.165404155287,14647.641376795138,8022.689431515433,533.6565236694385,325.72255896529475,741.5904883735822,545728754.361208,272864377.180604,818593131.541812,8325766.5
Athens,ssp126,2047,Greece,8325766.5,18.29264237998453,50547427.75535034,11078.888275145691,14295.260324406943,7862.516225884436,521.5910656997556,319.68982998045334,723.492301419058,533390354.92908293,266695177.46454147,800085532.3936244,8325766.5
Athens,ssp126,2048,Greece,8325766.5,18.269536778300598,49461044.51401444,10840.7768797844,13967.857155785168,7713.696603783628,510.38084556057714,314.0847199108641,706.6769712102903,521926540.28178275,260963270.14089137,782889810.4226742,8325766.5
Athens,ssp126,2049,Greece,8325766.5,18.270943049828016,49237542.32174826,10791.790097917841,13900.500330718649,7683.079865117029,508.0745611099703,312.9315776855607,703.2175445343801,519568083.70042557,259784041.85021278,779352125.5506383,8325766.5
Athens,ssp126,2050,Greece,8325766.5,18.157234735538587,46814987.79556799,10260.81924286463,13170.415405020489,7351.2230807087735,483.07659675970183,300.4325955104264,665.7205980089772,494004622.2952599,247002311.14762995,741006933.4428898,8325766.5
Athens,ssp126,2051,Greece,8325766.5,18.225632800424755,48629243.487965375,10658.464326129812,13717.177394510112,7599.751257749511,501.7976198081824,309.7931070346667,693.8021325816981,513149147.16373813,256574573.58186907,769723720.7456071,8325766.5
Athens,ssp126,2052,Greece,8325766.5,18.364289236580728,52413192.98342928,11487.823119656146,14857.545735608823,8118.100503703471,540.8436076563769,329.31610095876397,752.3711143539898,553078422.5798448,276539211.2899224,829617633.8697672,8325766.5
Athens,ssp126,2053,Greece,8325766.5,18.25242085423584,48445422.11919209,10618.174711056214,13661.779173783914,7574.570248328513,499.9007956196025,308.8446949403768,690.9568962988283,511209413.5415232,255604706.7707616,766814120.3122848,8325766.5
Athens,ssp126,2054,Greece,8325766.5,18.286801759296043,52605660.780817315,11530.007842371331,14915.549729342198,8144.46595540046,542.8296530005314,330.3091236308412,755.3501823702214,555109395.6940079,277554697.84700394,832664093.5410118,8325766.5
Athens,ssp126,2055,Greece,8325766.5,18.210866699607106,48002116.22109781,10521.011774487604,13528.180136002076,7513.843412973131,495.32639082620545,306.5574925436782,684.0952891087328,506531527.82454675,253265763.91227338,759797291.7368201,8325766.5
Athens,ssp126,2056,Greece,8325766.5,18.168488280201117,44407477.970967636,9733.145856650852,12444.864498976542,7021.427214325162,458.23387635118587,288.0112353061684,628.4565173962033,468599916.7174796,234299958.3587398,702899875.0762193,8325766.5
Athens,ssp126,2057,Greece,8325766.5,18.29835970144075,50505521.8927501,11069.703428548379,14282.63116033564,7856.775696761117,521.1586456043451,319.4736199327481,722.8436712759423,532948152.7455389,266474076.37276945,799422229.1183083,8325766.5
Athens,ssp126,2058,Greece,8325766.5,18.27128945110944,50570067.83075544,11083.850483453658,14302.083360830402,7865.617606076917,521.8246851257574,319.8066396934542,723.8427305580606,533629259.22930557,266814629.61465278,800443888.8439584,8325766.5
Athens,ssp126,2059,Greece,8325766.5,18.294980722340533,52626106.83344099,11534.489168973781,14921.71155342057,8147.266784526992,543.0406326458053,330.4146134534782,755.6666518381326,555325148.0626274,277662574.0313137,832987722.0939412,8325766.5
Athens,ssp126,2060,Greece,8325766.5,18.344624509977322,51836779.64490938,11361.485949569593,14683.83212673981,8039.139772399374,534.8956878338831,326.34214104751703,743.4492346202491,546995950.5556095,273497975.27780473,820493925.8334142,8325766.5
Athens,ssp126,2061,Greece,8325766.5,18.435748965197444,56329319.08364089,12346.152127921701,16037.74812197396,8654.556133869442,581.2535053847064,349.5210498229286,812.9859609464838,594402461.8692175,297201230.93460876,891603692.8038263,8325766.5
Athens,ssp126,2062,Greece,8325766.5,18.43946980470033,56632467.253313914,12412.595562370585,16129.107844341179,8696.083280399995,584.3816443208748,351.0851192910129,817.6781693507368,597601364.7016346,298800682.3508173,896402047.052452,8325766.5
Athens,ssp126,2063,Greece,8325766.5,18.469430430775898,55690686.27829009,12206.17781442016,15845.283440909338,8567.072187930979,574.6635525359491,346.22607339855006,803.1010316733481,587663432.9246765,293831716.46233827,881495149.3870149,8325766.5
Athens,ssp126,2064,Greece,8325766.5,18.34572651299677,52439147.63768324,11493.51181099948,14865.367686205904,8121.655935793054,541.1114297073369,329.45001198424393,752.7728474304297,553352303.2273742,276676151.6136871,830028454.8410614,8325766.5
Athens,ssp126,2065,Greece,8325766.5,18.090757058744984,44531553.865010194,9760.340573153331,12482.257234167453,7038.423912139212,459.5141962541993,288.6513952576751,630.3769972507234,469909199.6642167,234954599.83210835,704863799.496325,8325766.5
Athens,ssp126,2066,Greece,8325766.5,18.212515359374983,48372753.796714604,10602.247407499504,13639.879131393438,7564.615683605569,499.1509424728293,308.46976836699014,689.8321165786684,510442597.4236791,255221298.71183956,765663896.1355187,8325766.5
Athens,ssp126,2067,Greece,8325766.5,18.358220089859188,52350096.43863721,11473.993739975693,14838.530338548197,8109.457141403187,540.1925241986912,328.99055922992113,751.3944891674614,552412610.4917533,276206305.24587667,828618915.73763,8325766.5
Athens,ssp126,2068,Greece,8325766.5,18.29446303193171,52127394.17628968,11425.182285214589,14771.414588251679,8078.949982177497,537.8944941008235,327.8415441809873,747.9474440206599,550062594.9908264,275031297.4954132,825093892.4862396,8325766.5
Athens,ssp126,2069,Greece,8325766.5,18.390765927822013,53040678.28808142,11625.354145333327,15046.650895914947,8204.057394751708,547.3185311747111,332.5535627179311,762.0834996314911,559699820.032176,279849910.016088,839549730.048264,8325766.5
Athens,ssp126,2070,Greece,8325766.5,18.31590599677555,49606819.55931912,10872.727574645702,14011.78936121946,7733.665788071942,511.8850756393243,314.83683495023763,708.933316328411,523464798.63849276,261732399.31924638,785197197.9577391,8325766.5
Athens,ssp126,2071,Greece,8325766.5,18.39908846281027,52636669.62022546,11536.804300323798,14924.894859026845,8148.713741620754,543.1496284040531,330.4691113326021,755.8301454755042,555436609.4928563,277718304.74642813,833154914.2392844,8325766.5
Athens,ssp126,2072,Greece,8325766.5,18.23889235419917,48619324.81324887,10656.29037002756,13714.188204869519,7598.392535185605,501.6952705424442,309.7419324017976,693.6486086830906,513044482.5811391,256522241.29056954,769566723.8717086,8325766.5
Athens,ssp126,2073,Greece,8325766.5,18.291745291828583,50167085.79523288,10995.525653750083,14180.636719987986,7810.414587512182,517.6663760148888,317.7274851380198,717.6052668917574,529376881.99662507,264688440.99831253,794065322.9949377,8325766.5
Athens,ssp126,2074,Greece,8325766.5,18.3811862265494,54134956.92558479,11865.196038484752,15376.433498998154,8353.958577971349,558.610222682147,338.199408471649,779.021036892645,571246949.0705559,285623474.53527796,856870423.6058339,8325766.5
Athens,ssp126,2075,Greece,8325766.5,18.317828287982667,51293777.19805251,11242.471714642059,14520.187553714451,7964.755875569666,529.2925298195044,323.5405620403277,735.0444975986809,541266039.4460243,270633019.72301215,811899059.1690364,8325766.5
Athens,ssp126,2076,Greece,8325766.5,18.300835230495895,51933931.22352435,11382.779446252327,14713.11068467857,8052.448207826083,535.8981799027069,326.843387081929,744.952972723485,548021120.7235192,274010560.3617596,822031681.0852787,8325766.5
Athens,ssp126,2077,Greece,8325766.5,18.457513674006044,55507125.628566355,12165.945343247833,15789.963793047391,8541.926893448275,572.7694186667969,345.27900646397393,800.2598308696198,585726450.4815533,292863225.24077666,878589675.72233,8325766.5
Athens,ssp126,2078,Greece,8325766.5,18.424913419138356,52971971.26092984,11610.295070889144,15025.944668554195,8194.645473224096,546.6095540198992,332.1990741405251,761.0200338992732,558974804.5917093,279487402.2958546,838462206.887564,8325766.5
Athens,ssp126,2079,Greece,8325766.5,18.311262290511404,52084571.30435504,11415.796450270009,14758.509065202885,8073.0838353371355,537.452611528345,327.620602894748,747.2846201619419,549610716.2726678,274805358.1363339,824416074.4090016,8325766.5
Athens,ssp126,2080,Greece,8325766.5,18.44529822150973,57026675.79545173,12498.99743461997,16247.910418684078,8750.08445055586,588.4494211145184,353.1190076878347,823.7798345412021,601761161.6199794,300880580.8099897,902641742.4299691,8325766.5
Athens,ssp126,2081,Greece,8325766.5,18.443139303626335,55555408.69117157,12176.52793231199,15804.514853010609,8548.541011613373,573.2676440997783,345.5281191804646,801.0071690190919,586235946.6328651,293117973.31643254,879353919.9492977,8325766.5
Athens,ssp126,2082,Greece,8325766.5,18.28126514747095,49496116.312095895,10848.463849226908,13978.42673876862,7718.500959685198,510.74274600437127,314.26567013276116,707.2198218759814,522296627.5376012,261148313.7688006,783444941.3064017,8325766.5
Athens,ssp126,2083,Greece,8325766.5,18.304119878347382,51852018.40755719,11364.825952341715,14688.424630551479,8041.227274131952,535.0529342616911,326.42076426142114,743.6851042619612,547156754.1687376,273578377.0843688,820735131.2531065,8325766.5
Athens,ssp126,2084,Greece,8325766.5,18.347975563272204,56069901.255610764,12289.293425887703,15959.567406677212,8619.019445098194,578.5766130601625,348.1826036606567,808.9706224596681,591665013.6248157,295832506.81240785,887497520.4372236,8325766.5
Athens,ssp126,2085,Greece,8325766.5,18.42273405055525,55446202.99185416,12152.592436571187,15771.603546367001,8533.581326775371,572.1407674293541,344.9646808452526,799.3168540134557,585083578.0692041,292541789.03460205,877625367.1038061,8325766.5
Athens,ssp126,2086,Greece,8325766.5,18.440924675103943,55061903.546758115,12068.362421207672,15655.787275242168,8480.937567173174,568.1752410709089,342.98191766602986,793.3685644757877,581028344.6672013,290514172.33360064,871542517.0008019,8325766.5
Athens,ssp126,2087,Greece,8325766.5,18.41268793978989,54557267.853734195,11957.757337805167,15503.705285563727,8411.809390046608,562.9679836375847,340.37828894936786,785.5576783258015,575703290.092423,287851645.0462115,863554935.1386344,8325766.5
Athens,ssp126,2088,Greece,8325766.5,18.342172655377478,51370385.89890239,11259.262662773537,14543.275107395235,7975.250218151839,530.0830431194402,323.9358186902956,736.2302675485847,542074435.5198016,271037217.7599008,813111653.2797024,8325766.5
Athens,ssp126,2089,Greece,8325766.5,18.118028551436385,44371239.59871451,9725.20319971866,12433.94334569478,7016.463053742542,457.85993820948215,287.82426623531666,627.8956101836478,468217519.4502695,234108759.72513476,702326279.1754043,8325766.5
Athens,ssp126,2090,Greece,8325766.5,18.43368701331969,54666759.351374686,11981.755474274316,15536.702723208804,8426.808225339828,564.0978094165694,340.9432018388602,787.2524169942785,576858674.478565,288429337.2392825,865288011.7178475,8325766.5
Athens,ssp126,2091,Greece,8325766.5,18.35704216052668,53054041.40920441,11628.283048593159,15050.678137897215,8205.887959289104,547.4564231485887,332.62250870486986,762.2903375923074,559840831.3602549,279920415.68012744,839761247.0403824,8325766.5
Athens,ssp126,2092,Greece,8325766.5,18.227658802593783,50439606.622525215,11055.25624603334,14262.76628437746,7847.746207689215,520.4784761561809,319.133535208666,721.8234171036959,532252596.69171447,266126298.34585723,798378895.0375717,8325766.5
Athens,ssp126,2093,Greece,8325766.5,18.462454187050728,54350703.21269317,11912.48289593316,15441.452927989718,8383.512863876605,560.8364751505864,339.31253470586864,782.360415595304,573523563.2083185,286761781.60415924,860285344.8124777,8325766.5
Athens,ssp126,2094,Greece,8325766.5,18.498543792514898,56693296.8696973,12425.928081029957,16147.440057497814,8704.416104562104,585.0093356959746,351.3989649785628,818.6197064133864,598243255.5378999,299121627.7689499,897364883.3068497,8325766.5
Athens,ssp126,2095,Greece,8325766.5,18.53499447440386,59562962.76660864,13054.89594884614,17012.270875745067,9097.521021947217,614.620972921445,366.20478359129794,863.0371622515918,628524759.0535628,314262379.5267814,942787138.5803442,8325766.5
Athens,ssp126,2096,Greece,8325766.5,18.39518605050375,54834735.35715483,12018.572133075442,15587.325629060357,8449.818637090531,565.8311277624782,341.8098610118146,789.8523945131417,578631203.474032,289315601.737016,867946805.2110481,8325766.5
Athens,ssp126,2097,Greece,8325766.5,18.250010132601265,50426493.1856917,11052.38206809722,14258.814289715301,7845.949846479143,520.3431606357533,319.06587744845217,721.6204438230545,532114220.1009048,266057110.0504524,798171330.1513572,8325766.5
Athens,ssp126,2098,Greece,8325766.5,18.219792033407938,46425927.68396476,10175.545793746114,13053.164412482525,7297.9271750097,479.0619458220801,298.4252700416156,659.6986216025447,489899153.03139967,244949576.51569983,734848729.5470995,8325766.5
Auckland,ssp126,2024,New Zealand,3898491.5,16.164252675803844,21106018.78106155,4625.976719136013,5932.370934705035,3319.5825035669914,197.40844491265466,123.07653875280391,271.74035107250535,468136820.1124398,234068410.0562199,702205230.1686597,3898491.5
Auckland,ssp126,2025,New Zealand,3898491.5,16.200761578270907,22109160.489973623,4845.843395061947,6234.687614103194,3456.9991760207004,206.79101236119067,127.76782247707192,285.8142022453094,490386756.2374713,245193378.11873564,735580134.3562069,3898491.5
Auckland,ssp126,2026,New Zealand,3898491.5,16.232425606615934,22353387.490590256,4899.372600676552,6308.290271823276,3490.4549295298284,209.07531206250044,128.9099723277268,289.24065179727404,495803772.71226364,247901886.35613182,743705659.0683955,3898491.5
Auckland,ssp126,2027,New Zealand,3898491.5,16.203460787373785,21480568.88526403,4708.069892659845,6045.249048300304,3370.8907370193865,200.91168038209528,124.82815648752421,276.9952042766663,476444435.8960235,238222217.94801176,714666653.8440353,3898491.5
Auckland,ssp126,2028,New Zealand,3898491.5,16.262425556895174,23592506.0811201,5170.960236957066,6681.723271708983,3660.1972022051496,220.6650143439357,134.70482346844443,306.6252052194269,523287735.591774,261643867.795887,784931603.387661,3898491.5
Auckland,ssp126,2029,New Zealand,3898491.5,16.217132057981573,22193495.83769869,4864.3278548373055,6260.103746294311,3468.551963380299,207.5798162572866,128.16222442511992,286.9974080894533,492257335.521828,246128667.760914,738386003.282742,3898491.5
Auckland,ssp126,2030,New Zealand,3898491.5,16.335140538654283,24861996.4937779,5449.204710964255,7064.309423468868,3834.0999984596424,232.53878981973506,140.6417112063441,324.43586843312596,551445353.1467347,275722676.57336736,827168029.7201021,3898491.5
Auckland,ssp126,2031,New Zealand,3898491.5,16.211291999235442,21959836.28919561,4813.114803110602,6189.685800170095,3436.5438060511096,205.394355863857,127.06949422840508,283.71921749930885,487074707.80033123,243537353.90016562,730612061.7004969,3898491.5
Auckland,ssp126,2032,New Zealand,3898491.5,16.345019382789346,25032150.555804636,5486.4987519564165,7115.588729833089,3857.408774079743,234.1302718101904,141.43745220157177,326.823091418809,555219413.1602651,277609706.58013254,832829119.7403977,3898491.5
Auckland,ssp126,2033,New Zealand,3898491.5,16.35552668020805,25564750.494774092,5603.232985155201,7276.098300481419,3930.367669828984,239.11177622384562,143.92820440839938,334.29534803929175,567032614.1437212,283516307.0718606,850548921.2155819,3898491.5
Auckland,ssp126,2034,New Zealand,3898491.5,16.27720350068749,23731275.037981633,5201.375350789731,6723.544053228897,3679.206648350565,221.96294571888407,135.3537891559186,308.57210228184954,526365666.0565086,263182833.0282543,789548499.0847629,3898491.5
Auckland,ssp126,2035,New Zealand,3898491.5,16.305628024344934,24280153.75528115,5321.677535403324,6888.959557072587,3754.3955137340604,227.09670851667846,137.9206705548158,316.2727464785411,538539934.4493045,269269967.22465223,807809901.6739566,3898491.5
Auckland,ssp126,2036,New Zealand,3898491.5,16.158670601323216,20888183.30684015,4578.231957662831,5866.7218876794095,3289.7420276462526,195.37098997342912,122.05781128319114,268.68416866366704,463305174.3498003,231652587.17490014,694957761.5247004,3898491.5
Auckland,ssp126,2037,New Zealand,3898491.5,16.224902699770453,22769617.638739295,4990.601126298259,6433.729494553124,3547.4727580433955,212.96838858840607,130.85651059067962,295.0802665861325,505035862.383495,252517931.1917475,757553793.5752425,3898491.5
Auckland,ssp126,2038,New Zealand,3898491.5,16.372082772907433,26167363.59106335,5735.312567903532,7457.707726760373,4012.9174090466904,244.74812647334025,146.74637953314672,342.7498734135338,580398724.6158745,290199362.30793726,870598086.9238118,3898491.5
Auckland,ssp126,2039,New Zealand,3898491.5,16.345455519217133,24726361.617867157,5419.476518983818,7023.433159495767,3815.5198784718696,231.27017207580076,140.007402334377,322.53294181722447,548436937.3879945,274218468.69399726,822655406.0819918,3898491.5
Auckland,ssp126,2040,New Zealand,3898491.5,16.442068734570988,27480687.278590333,6023.164335032733,7853.503906563024,4192.824763502442,257.0318825673279,152.8882575801406,361.1755075545152,609528575.2634537,304764287.63172686,914292862.8951806,3898491.5
Auckland,ssp126,2041,New Zealand,3898491.5,16.265087457172648,23269277.474201117,5100.115610783042,6584.3119107197,3615.9193108463846,217.6417982033141,133.19321539813365,302.0903810084945,516118443.56270474,258059221.78135237,774177665.3440571,3898491.5
Auckland,ssp126,2042,New Zealand,3898491.5,16.299827668213247,24301538.522164278,5326.364607596885,6895.404281338734,3757.3249338550368,227.29672414345333,138.02067836820325,316.57276991870333,539014253.9726291,269507126.98631454,808521380.9589436,3898491.5
Auckland,ssp126,2043,New Zealand,3898491.5,16.446628992124946,27176198.49835784,5956.427068132461,7761.740164575151,4151.113971689771,254.1839434451952,151.46428801907422,356.90359887131615,602774937.3170172,301387468.6585086,904162405.9755259,3898491.5
Auckland,ssp126,2044,New Zealand,3898491.5,16.354638317503564,25806676.53660746,5656.257871036487,7349.007518568186,3963.5082235047876,241.37455463779537,145.05959361537427,337.68951566021633,572398594.7723323,286199297.38616616,858597892.1584985,3898491.5
Auckland,ssp126,2045,New Zealand,3898491.5,16.33971534887809,25289736.23045164,5542.955886125623,7193.217289315748,3892.6944829354975,236.5395176272877,142.6420751101204,330.43696014445493,560932728.3944951,280466364.19724756,841399092.5917428,3898491.5
Auckland,ssp126,2046,New Zealand,3898491.5,16.29030867618046,23616091.837206118,5176.129717743042,6688.8313077897,3663.4281276963848,220.88561622434378,134.81512440864847,306.956108040039,523810873.61077195,261905436.80538598,785716310.416158,3898491.5
Auckland,ssp126,2047,New Zealand,3898491.5,16.423507045566176,27079808.15487205,5935.3004175054375,7732.691019962994,4137.909815047882,253.28238697405234,151.01350978350274,355.5512641646019,600636975.186069,300318487.5930345,900955462.7791035,3898491.5
Auckland,ssp126,2048,New Zealand,3898491.5,16.38628899366032,26337421.727179967,5772.58558403868,7508.958123946202,4036.2130441311583,246.33871125125455,147.54167192210386,345.1357505804052,584170656.968523,292085328.4842615,876255985.4527845,3898491.5
Auckland,ssp126,2049,New Zealand,3898491.5,16.487974587497835,28551518.517209932,6257.8670722644265,8176.220170256603,4339.5139742722495,267.0475625386493,157.89609756580126,376.1990275114973,633279882.2306558,316639941.1153279,949919823.3459837,3898491.5
Auckland,ssp126,2050,New Zealand,3898491.5,16.44157254063929,27174599.864933826,5956.076682724458,7761.258384639147,4150.89498080977,254.1689911350749,151.45681186401404,356.88117040613565,602739479.2244511,301369739.61222553,904109218.8366766,3898491.5
Auckland,ssp126,2051,New Zealand,3898491.5,16.51283963227688,28840146.886289448,6321.128084665415,8263.204062307963,4379.052107022868,269.74715634119036,159.2458944670718,380.2484182153089,639681732.2572646,319840866.1286323,959522598.3858969,3898491.5
Auckland,ssp126,2052,New Zealand,3898491.5,16.50712801032121,28370482.16357978,6218.187871468777,8121.661269162585,4314.714473774969,265.35429648911577,157.04946454103447,373.65912843719696,629264450.2445331,314632225.12226653,943896675.3667996,3898491.5
Auckland,ssp126,2053,New Zealand,3898491.5,16.423294288399482,26834953.98371058,5881.6337498536095,7658.899351941729,4104.368147765489,250.9922212321958,149.86842691257448,352.1160155518171,595206047.9104016,297603023.9552008,892809071.8656024,3898491.5
Auckland,ssp126,2054,New Zealand,3898491.5,16.58234372406206,30137862.361703157,6605.5588737971875,8654.296397364149,4556.821350230226,281.88492597922396,165.3147792860886,398.4550726723593,668465388.8233289,334232694.4116644,1002698083.2349932,3898491.5
Auckland,ssp126,2055,New Zealand,3898491.5,16.488229860005145,28281775.860150024,6198.745394004721,8094.927862649507,4302.562925359934,264.52461024673767,156.63462141984542,372.4145990736297,627296922.0601649,313648461.03008246,940945383.0902474,3898491.5
Auckland,ssp126,2056,New Zealand,3898491.5,16.42482144436795,27152701.325747725,5951.277002902846,7754.658824884431,4147.895180921262,253.9641701022012,151.35440134757718,356.5739388568252,602253764.1018581,301126882.05092907,903380646.1527872,3898491.5
Auckland,ssp126,2057,New Zealand,3898491.5,16.62503303214553,31370051.704801064,6875.627770914538,9025.641130900505,4725.614410928569,293.409817745036,171.0772251689946,415.7424103210773,695795659.2470423,347897829.62352115,1043693488.8705635,3898491.5
Auckland,ssp126,2058,New Zealand,3898491.5,16.640059393286332,31727926.075888928,6954.065989235165,9133.493681091368,4774.638297378961,296.7570820398044,172.75085731637878,420.76330676322993,703733403.0640414,351866701.5320207,1055600104.5960621,3898491.5
Auckland,ssp126,2059,New Zealand,3898491.5,16.553191532454697,30042780.79789528,6584.719078989982,8625.641679504242,4543.796478475722,280.9956107632241,164.87012167808865,397.12109984835945,666356455.755749,333178227.8778745,999534683.6336235,3898491.5
Auckland,ssp126,2060,New Zealand,3898491.5,16.47518847968312,27640970.127094727,6058.294822376162,7901.80832666024,4214.781318092084,258.53103729649075,153.63783494472196,363.42423964825946,613083689.2712529,306541844.63562644,919625533.9068793,3898491.5
Auckland,ssp126,2061,New Zealand,3898491.5,16.45971971486727,27679590.698853552,6066.759605227411,7913.447403080707,4220.071807374115,258.89226255131655,153.81844757213486,363.9660775304982,613940303.2940892,306970151.6470446,920910454.9411337,3898491.5
Auckland,ssp126,2062,New Zealand,3898491.5,16.529126633411632,29665918.445209205,6502.119111277966,8512.066723900221,4492.171498655712,277.4707484117963,163.10769050237474,391.8338063212178,657997553.7175832,328998776.8587916,986996330.5763748,3898491.5
Auckland,ssp126,2063,New Zealand,3898491.5,16.535287623965292,29447498.776834335,6454.246307250597,8446.241618362586,4462.250996138606,275.4278293980544,162.0862309955038,388.76942780060494,653152950.3812689,326576475.1906344,979729425.5719032,3898491.5
Auckland,ssp126,2064,New Zealand,3898491.5,16.529432476487674,29053302.264235776,6367.847071612557,8327.442669360284,4408.2514738648315,271.7408374859697,160.24273503946142,383.2389399324778,644409572.3040676,322204786.1520338,966614358.4561014,3898491.5
Auckland,ssp126,2065,New Zealand,3898491.5,16.491045560382656,28575477.81799233,6263.118425860568,8183.440781451298,4342.796070269838,267.271658250764,158.0081454218586,376.53517107966934,633811305.5652382,316905652.7826191,950716958.3478574,3898491.5
Auckland,ssp126,2066,New Zealand,3898491.5,16.48640543371544,28521543.767709237,6251.297264154685,8167.186684105708,4335.407844203661,266.7672032370226,157.7559179149879,375.77848855905734,632615034.7262315,316307517.3631157,948922552.0893471,3898491.5
Auckland,ssp126,2067,New Zealand,3898491.5,16.517104785916832,29248597.406733684,6410.651486406619,8386.298739702117,4435.00423311112,273.56746858961037,161.15605059128177,385.978886587939,648741267.8237565,324370633.9118782,973111901.7356347,3898491.5
Auckland,ssp126,2068,New Zealand,3898491.5,16.668077763497593,32233560.262104794,7064.8899204605605,9285.876586526287,4843.903254394833,301.48637084746554,175.11550172020938,427.85723997472155,714948496.84988,357474248.42494,1072422745.27482,3898491.5
Auckland,ssp126,2069,New Zealand,3898491.5,16.586078234229145,30725562.081283454,6734.369771239445,8831.411381347254,4637.328161131636,287.38178869508897,168.06321064402107,406.70036674615665,681500716.8384924,340750358.4192462,1022251075.2577386,3898491.5
Auckland,ssp126,2070,New Zealand,3898491.5,16.491592255539416,28521404.276183203,6251.266690669527,8167.144645563616,4335.388735775437,266.76589854732634,157.75526557013976,375.77653152451285,632611940.7690002,316305970.3845001,948917911.1535003,3898491.5
Auckland,ssp126,2071,New Zealand,3898491.5,16.486436813008982,28354799.224681925,6214.750514998014,8116.934904015286,4312.566125980742,265.2076110999099,156.97612184643157,373.4391003533882,628916598.7040877,314458299.35204387,943374898.0561316,3898491.5
Auckland,ssp126,2072,New Zealand,3898491.5,16.453032875294948,27293010.381666876,5982.029672693346,7796.943745846366,4167.115599540324,255.27650630466022,152.01056944880668,358.5424431605137,605365854.3521482,302682927.1760741,908048781.5282223,3898491.5
Auckland,ssp126,2073,New Zealand,3898491.5,16.4875721828038,28744095.306835454,6300.075683689198,8234.257010965663,4365.894356412731,268.84876839185176,158.7967004924025,378.90083629130095,637551283.9979879,318775641.99899393,956326925.9969819,3898491.5
Auckland,ssp126,2074,New Zealand,3898491.5,16.578289998875558,30229041.91019364,6625.543432370445,8681.775165402378,4569.311699338511,282.73774493395257,165.7411887634529,399.73430110445224,670487774.206968,335243887.103484,1005731661.310452,3898491.5
Auckland,ssp126,2075,New Zealand,3898491.5,16.54806771890117,29886239.1490491,6550.408580612737,8578.46474423553,4522.352416989944,279.531448157128,164.13804037504062,394.9248559392154,662884322.5000077,331442161.2500039,994326483.7500117,3898491.5
Auckland,ssp126,2076,New Zealand,3898491.5,16.559904080083584,30362046.90220612,6654.695211441673,8721.858861625318,4587.531561258029,283.98176489390664,166.3631987434299,401.60033104438344,673437858.4775118,336718929.2387559,1010156787.7162676,3898491.5
Auckland,ssp126,2077,New Zealand,3898491.5,16.537261438389635,29637029.526531752,6495.787293485647,8503.36047443578,4488.214112535512,277.2005450839929,162.97258883847303,391.42850132951264,657356790.214696,328678395.107348,986035185.3220441,3898491.5
Auckland,ssp126,2078,New Zealand,3898491.5,16.566857661016215,29994709.285596363,6574.182857116247,8611.154374427857,4537.211339804637,280.5459891369965,164.64531086497487,396.4466674090181,665290217.4879328,332645108.7439664,997935326.2318993,3898491.5
Auckland,ssp126,2079,New Zealand,3898491.5,16.53907304171149,29440270.844043136,6452.6621028032105,8444.063337247431,4461.26086835899,275.3602252237643,162.05242890835876,388.6680215391698,652992633.0088663,326496316.50443316,979488949.5132995,3898491.5
Auckland,ssp126,2080,New Zealand,3898491.5,16.449933176803583,27543225.871668868,6036.871423926659,7872.351153792173,4201.391694061145,257.61681743992165,153.1807250164374,362.05290986340583,610915697.0319782,305457848.5159891,916373545.5479674,3898491.5
Auckland,ssp126,2081,New Zealand,3898491.5,16.434325601738927,26944359.497384854,5905.613040521944,7691.870876610688,4119.355204433197,252.0155109650132,150.3800717789832,353.65095015104305,597632689.7989329,298816344.89946645,896449034.6983993,3898491.5
Auckland,ssp126,2082,New Zealand,3898491.5,16.437349156799794,27693021.28233372,6069.703294757312,7917.494976184321,4221.911613330303,259.01788124930954,153.88125692113132,364.1545055774876,614238197.0232611,307119098.51163054,921357295.5348916,3898491.5
Auckland,ssp126,2083,New Zealand,3898491.5,16.401383851129783,26419601.837515403,5790.5976630163095,7533.724732540443,4047.4705934921767,247.10735681877514,147.92599470586418,346.28871893168616,585993432.5439644,292996716.2719822,878990148.8159466,3898491.5
Auckland,ssp126,2084,New Zealand,3898491.5,16.458537603109747,27474400.968637213,6021.786513673146,7851.609402193592,4191.963625152699,256.9730855632621,152.85885907810763,361.0873120484165,609389143.3231044,304694571.6615522,914083714.9846566,3898491.5
Auckland,ssp126,2085,New Zealand,3898491.5,16.459173881761938,27873461.4442255,6109.251823391127,7971.874203055816,4246.629443726437,260.7055710087259,154.72510180083952,366.6860402166121,618240405.3262501,309120202.66312504,927360607.9893751,3898491.5
Auckland,ssp126,2086,New Zealand,3898491.5,16.390816595952472,26341224.35308495,5773.419036291828,7510.104120794281,4036.7339517893756,246.3742779052159,147.55945524908455,345.18910056134723,584255000.170228,292127500.085114,876382500.255342,3898491.5
Auckland,ssp126,2087,New Zealand,3898491.5,16.50733180107435,28996916.72803715,6355.488597925186,8310.449768040147,4400.527427810224,271.2134532771331,159.97904293504314,382.44786361922297,643158926.8891184,321579463.4445592,964738390.3336776,3898491.5
Auckland,ssp126,2088,New Zealand,3898491.5,16.50303925683071,28599953.152218167,6268.48288267719,8190.816909574152,4346.148855780227,267.5005805178368,158.12260655539498,376.87855448027847,634354174.6517547,317177087.32587737,951531261.977632,3898491.5
Auckland,ssp126,2089,New Zealand,3898491.5,16.365552255465268,25530248.885465056,5595.670988594316,7265.700555210202,3925.641421978431,238.78907637640714,143.76685448468015,333.8112982681341,566267359.7469428,283133679.8734714,849401039.6204141,3898491.5
Auckland,ssp126,2090,New Zealand,3898491.5,16.437313846316886,27205923.663079657,5962.942172729024,7770.698433395424,4155.185912062623,254.46196833484288,151.60330046389805,357.32063620578776,603434248.9680938,301717124.4840469,905151373.4521406,3898491.5
Auckland,ssp126,2091,New Zealand,3898491.5,16.479531846336243,28320690.02613732,6207.274526275908,8106.655419522391,4307.8936330294255,264.8885815419551,156.81660706745413,372.96055601645594,628160048.0770416,314080024.0385208,942240072.1155624,3898491.5
Auckland,ssp126,2092,New Zealand,3898491.5,16.49936162278302,28618799.7822946,6272.613650913121,8196.496715898558,4348.730585927684,267.6768564879203,158.21074454043676,377.1429684354039,634772197.6605154,317386098.8302577,952158296.4907732,3898491.5
Auckland,ssp126,2093,New Zealand,3898491.5,16.366757302754316,25779160.02880753,5650.2268556282825,7340.7148723819055,3959.73883887466,241.11718771935566,144.9309101561544,337.3034652825569,571788271.6888704,285894135.8444352,857682407.5333056,3898491.5
Auckland,ssp126,2094,New Zealand,3898491.5,16.483996384101616,28201072.69415322,6181.057028854736,8070.606360568278,4291.507697141193,263.76977880911693,156.25720570103508,371.28235191719875,625506905.4826825,312753452.74134123,938260358.2240237,3898491.5
Auckland,ssp126,2095,New Zealand,3898491.5,16.43301534486346,27596345.568097275,6048.514097116447,7888.359829428131,4208.668364804762,258.1136556534636,153.4291441232084,362.79816718371876,612093905.2970846,306046952.6485423,918140857.9456269,3898491.5
Auckland,ssp126,2096,New Zealand,3898491.5,16.494368681214063,27941581.46346139,6124.182238566116,7992.403523921427,4255.960953210806,261.34270997862234,155.04367128578772,367.64174867145675,619751324.5347418,309875662.2673709,929626986.8021126,3898491.5
Auckland,ssp126,2097,New Zealand,3898491.5,16.45401796238321,27246195.106611006,5971.768790489319,7782.835032815831,4160.702548162808,254.83863449459474,151.79163354377397,357.88563544541546,604327479.7432423,302163739.87162113,906491219.6148634,3898491.5
Auckland,ssp126,2098,New Zealand,3898491.5,16.46554716758996,27873202.760849692,6109.195125664922,7971.7962436822845,4246.59400764756,260.7031514959095,154.72389204443135,366.68241094738755,618234667.6637272,309117333.8318636,927352001.4955907,3898491.5
Bangkok,ssp126,2024,Thailand,56531439.0,27.45249686182658,39089596.6842742,8567.582834913528,8420.957923283746,8714.20774654331,1233.297687149127,1261.4397614270074,1205.155612871253,140580068.49331,70290034.246655,210870102.73996502,56531439.0
Bangkok,ssp126,2025,Thailand,56531439.0,27.4414422696271,39175187.11734788,8586.342381888582,8446.752300374446,8725.93246340272,1235.998111100912,1262.7899734029002,1209.2062487989317,140887882.0796473,70443941.03982365,211331823.11947095,56531439.0
Bangkok,ssp126,2026,Thailand,56531439.0,27.435785327275557,38004850.76324476,8329.83030427694,8094.0481936584365,8565.612414895444,1199.0733730341651,1244.3276043695266,1153.8191416988104,136678937.0207145,68339468.51035725,205018405.53107172,56531439.0
Bangkok,ssp126,2027,Thailand,56531439.0,27.443782419538046,38056027.56552754,8341.047137653988,8109.4713395518775,8572.622935756099,1200.6880285242394,1245.1349321145638,1156.2411249339232,136862986.97211942,68431493.48605971,205294480.45817912,56531439.0
Bangkok,ssp126,2028,Thailand,56531439.0,27.45454528072584,39705286.17081946,8702.528475800162,8606.508179502867,8798.548772097456,1252.7230198250122,1271.15242776495,1234.2936118850816,142794306.48834994,71397153.24417497,214191459.73252493,56531439.0
Bangkok,ssp126,2029,Thailand,56531439.0,27.48782185221192,37850711.697569124,8296.046399471321,8047.59532455071,8544.49747439193,1194.2102030523297,1241.8960193786086,1146.5243867260565,136124598.2132516,68062299.1066258,204186897.3198774,56531439.0
Bangkok,ssp126,2030,Thailand,56531439.0,27.528812927600892,40559318.89997839,8889.713731506228,8863.88790609871,8915.539556913749,1279.6682093118309,1284.62502250836,1274.7113961153104,145865711.407934,72932855.703967,218798567.11190102,56531439.0
Bangkok,ssp126,2031,Thailand,56531439.0,27.500153845616172,38747460.9406178,8492.594178769661,8317.848521085927,8667.339836453393,1222.503121404423,1256.0424785546554,1188.9637642541961,139349626.88334188,69674813.44167094,209024440.3250128,56531439.0
Bangkok,ssp126,2032,Thailand,56531439.0,27.493246695887247,38807888.48809036,8505.838572736247,8336.059562789986,8675.617582682511,1224.4096428541043,1256.9957392794963,1191.82354642872,139566945.7989394,69783472.8994697,209350418.6984091,56531439.0
Bangkok,ssp126,2033,Thailand,56531439.0,27.46545200229749,38528833.72241091,8444.675884368151,8251.960866283851,8637.39090245245,1215.6053157110011,1252.593575707945,1178.6170557140665,138563365.78276682,69281682.89138341,207845048.67415023,56531439.0
Bangkok,ssp126,2034,Thailand,56531439.0,27.490512172938026,39683313.44576334,8697.712536061834,8599.886262362666,8795.538809761001,1252.029768594742,1270.8058021498157,1233.2537350396778,142715284.767601,71357642.3838005,214072927.15140152,56531439.0
Bangkok,ssp126,2035,Thailand,56531439.0,27.512278360405872,39654461.74634467,8691.388875915276,8591.19122966115,8791.586522169404,1251.119482043292,1270.3506588740902,1231.8883052125009,142611523.8126548,71305761.9063274,213917285.7189822,56531439.0
Bangkok,ssp126,2036,Thailand,56531439.0,27.573189914869438,41538696.58307528,9104.371853828834,9159.04282429229,9049.700883365376,1310.5680991511806,1300.0749674280344,1321.0612308743325,149387901.2857822,74693950.6428911,224081851.92867327,56531439.0
Bangkok,ssp126,2037,Thailand,56531439.0,27.60136145542003,43305971.70593499,9491.71982596247,9691.64628597604,9291.793365948899,1366.3265747165078,1327.9542052106979,1404.6989442223223,155743650.101118,77871825.050559,233615475.151677,56531439.0
Bangkok,ssp126,2038,Thailand,56531439.0,27.5579886642632,41020888.25624178,8990.879617810533,9002.990999767128,8978.768235853939,1294.2309694276837,1291.9064025662856,1296.5555362890857,147525678.69391006,73762839.34695503,221288518.0408651,56531439.0
Bangkok,ssp126,2039,Thailand,56531439.0,27.55718787195565,41039037.895917915,8994.857621027219,9008.460754190071,8981.254487864368,1294.8036002689755,1292.1927179869324,1297.4144825510284,147590951.2422406,73795475.6211203,221386426.8633609,56531439.0
Bangkok,ssp126,2040,Thailand,56531439.0,27.55674520166915,41158040.325013414,9020.940345212535,9044.32449994488,8997.55619048019,1298.5581905696645,1294.0700131372764,1303.046368002059,148018926.22924885,74009463.11462443,222028389.34387326,56531439.0
Bangkok,ssp126,2041,Thailand,56531439.0,27.578746452989368,41541134.23444095,9104.906133580214,9159.777458950439,9050.03480820999,1310.6450083558366,1300.1134220303625,1321.176594681317,149396667.94558474,74698333.97279237,224095001.9183771,56531439.0
Bangkok,ssp126,2042,Thailand,56531439.0,27.587467907208204,41620631.99095909,9122.33029939241,9183.735686942207,9060.924911842612,1313.1532051028958,1301.3675204038923,1324.9388898019067,149682570.10381487,74841285.05190744,224523855.15572232,56531439.0
Bangkok,ssp126,2043,Thailand,56531439.0,27.666731208995852,44282004.62809114,9705.644849996695,9985.7931940231,9425.49650597029,1397.1209355588298,1343.351385631859,1450.890485485806,159253811.03106123,79626905.51553062,238880716.54659185,56531439.0
Bangkok,ssp126,2044,Thailand,56531439.0,27.59761167119128,42187220.672843605,9246.514120079426,9354.488440386855,9138.539799771997,1331.029381124278,1310.3056084145835,1351.7531538339802,151720224.17198455,75860112.08599228,227580336.25797683,56531439.0
Bangkok,ssp126,2045,Thailand,56531439.0,27.602587065717206,41840099.62585507,9170.432794712076,9249.876618006749,9090.988971417402,1320.077526392457,1304.8296810486727,1335.3253717362468,150471853.64119503,75235926.82059751,225707780.46179253,56531439.0
Bangkok,ssp126,2046,Thailand,56531439.0,27.62778221463292,42935974.591108054,9410.62456791821,9580.140306165182,9241.108829671237,1354.6529678063764,1322.1174017556323,1387.1885338571262,154413009.10820135,77206504.55410068,231619513.66230202,56531439.0
Bangkok,ssp126,2047,Thailand,56531439.0,27.583799384610188,42457519.92119525,9305.757790951018,9435.948487835296,9175.567094066742,1339.5574670117505,1314.56965135832,1364.5452826651904,152692316.23918754,76346158.11959377,229038474.3587813,56531439.0
Bangkok,ssp126,2048,Thailand,56531439.0,27.578956554463637,41785706.97504643,9158.511117822512,9233.484312283597,9083.537923361426,1318.3614091610093,1303.971622432949,1332.7511958890773,150276238.35669956,75138119.17834978,225414357.53504932,56531439.0
Bangkok,ssp126,2049,Thailand,56531439.0,27.638955691550652,43605215.2668675,9557.307455755896,9781.829276942,9332.785634569791,1375.767869150245,1332.6748524275665,1418.860885872928,156819836.1930809,78409918.09654045,235229754.28962135,56531439.0
Bangkok,ssp126,2050,Thailand,56531439.0,27.65155197548095,43492231.17452099,9532.54381907721,9747.779276508809,9317.308361645612,1372.2031605936181,1330.8924981492532,1413.5138230379885,156413505.2818411,78206752.64092055,234620257.92276165,56531439.0
Bangkok,ssp126,2051,Thailand,56531439.0,27.63824404595743,44501313.8550229,9753.71262576256,10051.886385701164,9455.538865823955,1404.0402589923738,1346.8110473486315,1461.2694706361237,160042524.87715906,80021262.43857953,240063787.3157386,56531439.0
Bangkok,ssp126,2052,Thailand,56531439.0,27.610081688316946,42524984.20957063,9320.544484293569,9456.2801911813,9184.808777405835,1341.686001401361,1315.633918553125,1367.738084249605,152934941.77347645,76467470.88673823,229402412.66021466,56531439.0
Bangkok,ssp126,2053,Thailand,56531439.0,27.60053320541819,42151579.562138155,9238.702369787821,9343.747283735898,9133.657455839744,1329.904885014597,1309.7433603597428,1350.066409669458,151592046.083461,75796023.0417305,227388069.12519148,56531439.0
Bangkok,ssp126,2054,Thailand,56531439.0,27.54434551207578,40146724.11065672,8799.281996860384,8739.54427096067,8859.019722760095,1266.650622982915,1278.1162293439018,1255.1850166219356,144381874.05316973,72190937.02658486,216572811.0797546,56531439.0
Bangkok,ssp126,2055,Thailand,56531439.0,27.59039148691639,42030439.27900723,9212.151074855017,9307.239253203292,9117.06289650674,1326.0828442754039,1307.8323399901465,1344.3333485606693,151156382.61429334,75578191.30714667,226734573.92144,56531439.0
Bangkok,ssp126,2056,Thailand,56531439.0,27.65294386727171,43950609.69454497,9633.010344013972,9885.920748296856,9380.099939731088,1386.665248119113,1338.1235419120003,1435.2069543262292,158061997.18778923,79030998.59389462,237092995.78168386,56531439.0
Bangkok,ssp126,2057,Thailand,56531439.0,27.638151902156295,43105621.824845485,9447.80752325792,9631.266869757284,9264.348176758556,1360.0054287869657,1324.7936322459275,1395.2172253280123,155023120.79421145,77511560.39710572,232534681.19131717,56531439.0
Bangkok,ssp126,2058,Thailand,56531439.0,27.652714263163976,43948879.106321454,9632.631037006078,9885.399201161003,9379.862872851154,1386.6106471348478,1338.0962414198684,1435.125052849835,158055773.3780897,79027886.68904485,237083660.06713456,56531439.0
Bangkok,ssp126,2059,Thailand,56531439.0,27.65101916602625,42854295.02592282,9392.722197466652,9555.52454679429,9229.919848139012,1352.0759338286675,1320.8288847667782,1383.3229828905633,154119260.3913501,77059630.19567505,231178890.58702514,56531439.0
Bangkok,ssp126,2060,Thailand,56531439.0,27.641458778965433,42979905.92175989,9420.253352718611,9593.379885265735,9247.126820171488,1356.0390247903838,1322.8104302476365,1389.2676193331395,154571001.77110642,77285500.88555321,231856502.65665963,56531439.0
Bangkok,ssp126,2061,Thailand,56531439.0,27.733587115209026,47063469.605521165,10315.28100943341,10824.042913248584,9806.519105618238,1484.877643596957,1387.2297396509227,1582.525547542997,169256946.65297434,84628473.32648717,253885419.9794615,56531439.0
Bangkok,ssp126,2062,Thailand,56531439.0,27.63467588329752,43306527.805856906,9491.841710876863,9691.81387773333,9291.869544020396,1366.344119966541,1327.9629778357148,1404.7252620973732,155745650.0338813,77872825.01694065,233618475.05082196,56531439.0
Bangkok,ssp126,2063,Thailand,56531439.0,27.607709260631516,41009772.63415056,8988.44331707821,8999.641086260182,8977.245547896237,1293.8802656041807,1291.7310506545348,1296.0294805538338,147485702.97025263,73742851.48512632,221228554.45537895,56531439.0
Bangkok,ssp126,2064,Thailand,56531439.0,27.63882078084079,42957186.69968373,9415.27379719507,9586.532996420865,9244.014597969275,1355.3222211797784,1322.452028442334,1388.1924139172315,154489295.3820286,77244647.6910143,231733943.07304293,56531439.0
Bangkok,ssp126,2065,Thailand,56531439.0,27.6196900153031,42116998.87467168,9231.123041028046,9333.325706691207,9128.920375364884,1328.8138458254011,1309.197840765145,1348.429850885665,151467681.65340954,75733840.82670477,227201522.4801143,56531439.0
Bangkok,ssp126,2066,Thailand,56531439.0,27.616643953834487,41847935.88995314,9172.150332048639,9252.238231844523,9092.062432252755,1320.3247647169164,1304.9533002109024,1335.696229222937,150500035.62916833,75250017.81458417,225750053.4437525,56531439.0
Bangkok,ssp126,2067,Thailand,56531439.0,27.688969080894715,45542953.92576322,9982.017298801533,10365.805311129754,9598.229286473314,1436.9045604703792,1363.2431980876338,1510.5659228531308,163788632.4073218,81894316.2036609,245682948.61098272,56531439.0
Bangkok,ssp126,2068,Thailand,56531439.0,27.696513911957975,45364229.33916278,9942.844786669932,10311.943106948798,9573.746466391063,1431.2657041508512,1360.42376992787,1502.1076383738384,163145875.3374894,81572937.6687447,244718813.0062341,56531439.0
Bangkok,ssp126,2069,Thailand,56531439.0,27.675505390430313,44078191.23030665,9660.973420345297,9924.369978252429,9397.576862438167,1390.6905138246834,1340.1361747647861,1441.2448528845875,158520825.68839297,79260412.84419648,237781238.53258944,56531439.0
Bangkok,ssp126,2070,Thailand,56531439.0,27.639173770220985,44795853.81262487,9818.269328798608,10140.65185237573,9495.886805221486,1413.3331522247458,1351.4574939648173,1475.2088104846807,161101795.1415243,80550897.57076216,241652692.71228647,56531439.0
Bangkok,ssp126,2071,Thailand,56531439.0,27.653188287750638,44904390.456169754,9842.058182178309,10173.361525772818,9510.754838583798,1416.757541392431,1353.1696885486604,1480.3453942362107,161492131.44780058,80746065.72390029,242238197.17170087,56531439.0
Bangkok,ssp126,2072,Thailand,56531439.0,27.652333006305184,44172390.509331316,9681.619837665774,9952.758802068081,9410.480873263465,1393.6625514716948,1341.6221935882916,1445.7029093551037,158859599.74135295,79429799.87067647,238289399.61202943,56531439.0
Bangkok,ssp126,2073,Thailand,56531439.0,27.634429836329957,43270030.58779063,9483.84232061576,9680.814716124314,9286.869925107207,1365.1926132116346,1327.387224458262,1402.9980019650156,155614393.07932606,77807196.53966303,233421589.6189891,56531439.0
Bangkok,ssp126,2074,Thailand,56531439.0,27.659939595532347,44690218.46960508,9795.116376903858,10108.81654352045,9481.416210287267,1410.000300640737,1349.7910681728126,1470.209533108667,160721892.94204718,80360946.47102359,241082839.41307077,56531439.0
Bangkok,ssp126,2075,Thailand,56531439.0,27.577177833960327,41926629.86863108,9189.398327375311,9275.954225418696,9102.842429331926,1322.8076018431195,1306.1947187740043,1339.4204849122425,150783047.11690265,75391523.55845132,226174570.67535397,56531439.0
Bangkok,ssp126,2076,Thailand,56531439.0,27.684511779693523,45276091.97746345,9923.527008763227,10285.381162327081,9561.672855199373,1428.4849232383956,1359.0333794716423,1497.9364670051546,162828902.0915236,81414451.0457618,244243353.13728538,56531439.0
Bangkok,ssp126,2077,Thailand,56531439.0,27.65928248584872,45764733.56216484,10030.626534177232,10432.643009771338,9628.610058583126,1443.901826644294,1366.7418311745914,1521.0618221140032,164586230.7229957,82293115.36149785,246879346.08449355,56531439.0
Bangkok,ssp126,2078,Thailand,56531439.0,27.644333029724812,43784003.00933181,9596.493810268621,9835.710514396997,9357.277106140244,1381.4087180710653,1335.4952768879773,1427.3221592541618,157462820.39382344,78731410.19691172,236194230.59073517,56531439.0
Bangkok,ssp126,2079,Thailand,56531439.0,27.66224634327244,44448759.838074476,9742.19393711633,10036.048188812598,9448.339685420062,1402.382151642831,1345.9819936738602,1458.7823096118093,159853521.97283447,79926760.98641723,239780282.9592517,56531439.0
Bangkok,ssp126,2080,Thailand,56531439.0,27.565190154063345,41565830.231202796,9110.318954788288,9167.220088111542,9053.417821465036,1311.4241802652896,1300.503007985089,1322.3453525454966,149485483.51828885,74742741.75914443,224228225.27743328,56531439.0
Bangkok,ssp126,2081,Thailand,56531439.0,27.62404194601574,43654335.75204963,9568.073589494445,9796.632710832506,9339.514468156383,1377.3176467357248,1333.4497412203068,1421.18555225115,156996490.89809358,78498245.44904679,235494736.34714037,56531439.0
Bangkok,ssp126,2082,Thailand,56531439.0,27.680446698273308,44208859.57133293,9689.61305673462,9963.749478287747,9415.476635181494,1394.8131698877007,1342.1975027962942,1447.4288369791113,158990755.43670282,79495377.71835141,238486133.1550542,56531439.0
Bangkok,ssp126,2083,Thailand,56531439.0,27.62519111532705,42700376.90018974,9358.986717853923,9509.138262326787,9208.835173381058,1347.2197346202163,1318.400785162552,1376.038684077885,153565716.16236567,76782858.08118284,230348574.2435485,56531439.0
Bangkok,ssp126,2084,Thailand,56531439.0,27.66089062011318,44551363.11539249,9764.682326665483,10066.969724442682,9462.394928888283,1405.6193399318863,1347.6005878183876,1463.6380920453926,160222519.78750882,80111259.89375441,240333779.6812632,56531439.0
Bangkok,ssp126,2085,Thailand,56531439.0,27.659302342560768,43938968.69732596,9630.45889256871,9882.412502559619,9378.505282577798,1386.2979684292682,1337.939902067079,1434.6560347914656,158020132.02863714,79010066.01431857,237030198.0429557,56531439.0
Bangkok,ssp126,2086,Thailand,56531439.0,27.689111469655284,44479842.81691021,9749.006644806354,10045.41566188638,9452.597627726327,1403.3628362535594,1346.4723359792235,1460.2533365278996,159965307.4007834,79982653.7003917,239947961.10117507,56531439.0
Bangkok,ssp126,2087,Thailand,56531439.0,27.632666674408114,44189365.54912418,9685.340394332703,9957.87456748511,9412.806221180295,1394.1981230582967,1341.8899793815926,1446.5062667350082,158920648.01145998,79460324.00572999,238380972.01718998,56531439.0
Bangkok,ssp126,2088,Thailand,56531439.0,27.646861699112215,43169465.64672495,9461.800689697255,9650.507473611367,9273.09390578314,1362.0197355217902,1325.8007856133393,1398.238685430246,155252725.8455293,77626362.92276464,232879088.76829392,56531439.0
Bangkok,ssp126,2089,Thailand,56531439.0,27.6685858490977,44255598.80784559,9699.857272956575,9977.835275592934,9421.879270320214,1396.2878178037608,1342.9348267543248,1449.640808853204,159158846.3260344,79579423.1630172,238738269.48905158,56531439.0
Bangkok,ssp126,2090,Thailand,56531439.0,27.675470349750597,44966258.371660024,9855.618273244669,10192.006650989064,9519.229895500273,1418.7095072236261,1354.1456714642572,1483.2733429829996,161714630.43819448,80857315.21909724,242571945.6572917,56531439.0
Bangkok,ssp126,2091,Thailand,56531439.0,27.643438746940948,44658328.5225802,9788.126799473746,10099.205874554047,9477.047724393447,1408.994155751937,1349.287995728413,1468.7003157754689,160607205.3699749,80303602.68498746,240910808.05496237,56531439.0
Bangkok,ssp126,2092,Thailand,56531439.0,27.60693205386119,42115820.65624359,9230.864801372574,9332.970627164932,9128.758975580215,1328.7766724036828,1309.179254054286,1348.3740907530873,151463444.36161402,75731722.18080701,227195166.54242104,56531439.0
Bangkok,ssp126,2093,Thailand,56531439.0,27.60073597019352,43650072.67067309,9567.139215494108,9795.347946582042,9338.930484406173,1377.183144237674,1333.3824899712813,1420.9837985040738,156981159.3438505,78490579.67192525,235471739.01577574,56531439.0
Bangkok,ssp126,2094,Thailand,56531439.0,27.630156057473695,43902343.498467304,9622.431451722976,9871.374771396737,9373.488132049217,1385.142423811897,1337.3621297583927,1432.9227178654073,157888414.80971274,78944207.40485637,236832622.2145691,56531439.0
Bangkok,ssp126,2095,Thailand,56531439.0,27.63936031891614,44242130.53386505,9696.905322495084,9973.776343708385,9420.034301281783,1395.8628865545522,1342.7223611297204,1449.0034119793906,159110409.63087058,79555204.81543529,238665614.44630587,56531439.0
Bangkok,ssp126,2096,Thailand,56531439.0,27.628784366598676,42184510.915629946,9245.92020069013,9353.671801226574,9138.168600153687,1330.9438868345487,1310.2628612697185,1351.6249123993857,151710478.9229411,75855239.46147054,227565718.38441163,56531439.0
Bangkok,ssp126,2097,Thailand,56531439.0,27.642162574821434,43327699.07933149,9496.48198999458,9698.19426152019,9294.769718468968,1367.0120849706595,1328.296960337774,1405.7272096035504,155821789.4501865,77910894.72509325,233732684.17527974,56531439.0
Bangkok,ssp126,2098,Thailand,56531439.0,27.675839733384286,44619809.81058158,9779.684342049393,10087.597495595559,9471.771188503226,1407.7788697820283,1348.6803527434581,1466.877386820603,160468678.40550473,80234339.20275237,240703017.6082571,56531439.0
Berlin,ssp126,2024,Germany,68937239.5,10.479930277167519,358830476.9631518,78647.77577274569,89170.56829456371,68124.98325092767,1617.7858733290568,1329.1805496140105,1906.391197044104,8467335413.0196085,4233667706.5098042,12701003119.529413,68937239.5
Berlin,ssp126,2025,Germany,68937239.5,10.891109152706676,414526614.0311886,90855.14828080854,105955.70549315013,75754.59106846697,1868.891700543753,1454.7334632213583,2283.049937866148,9781599122.601362,4890799561.300681,14672398683.902042,68937239.5
Berlin,ssp126,2026,Germany,68937239.5,10.505254942776707,361379690.6491246,79206.50753953426,89938.82447389798,68474.19060517053,1629.278993769013,1334.9271098339884,1923.6308777040385,8527489298.222644,4263744649.111322,12791233947.333965,68937239.5
Berlin,ssp126,2027,Germany,68937239.5,10.523450594821142,365006301.7459742,80001.38120459716,91031.77576335947,68970.98664583484,1645.6295564363654,1343.1023911676648,1948.1567217050672,8613066568.10643,4306533284.053215,12919599852.159645,68937239.5
Berlin,ssp126,2028,Germany,68937239.5,10.659055066784607,386738495.82015985,84764.60182359676,97581.20411448393,71947.9995327096,1743.6090727450544,1392.0921493220092,2095.1259961681,9125881917.695211,4562940958.847606,13688822876.542816,68937239.5
Berlin,ssp126,2029,Germany,68937239.5,10.490028272147814,360377867.3172834,78986.92982296631,89636.90511361706,68336.95453231556,1624.7622769963991,1332.6687514476816,1916.8558025451173,8503849237.748739,4251924618.8743696,12755773856.623108,68937239.5
Berlin,ssp126,2030,Germany,68937239.5,10.568822234781747,365267560.5274242,80058.64340327114,91110.5112865362,69006.77552000608,1646.8074406826813,1343.6913332908225,1949.9235480745401,8619231500.781202,4309615750.390601,12928847251.171803,68937239.5
Berlin,ssp126,2031,Germany,68937239.5,10.398967959464219,350246808.1199833,76766.42369753067,86583.70919114305,66949.1382039183,1579.0864342141354,1309.8308300565495,1848.3420383717212,8264786276.768682,4132393138.384341,12397179415.153023,68937239.5
Berlin,ssp126,2032,Germany,68937239.5,10.317900278604762,338855787.24701524,74269.76158838699,83150.7987910705,65388.724385703485,1527.7300588943817,1284.152642396673,1771.307475392091,7995991955.7165365,3997995977.8582683,11993987933.574804,68937239.5
Berlin,ssp126,2033,Germany,68937239.5,10.687374208525629,401116978.9799626,87916.05018738915,101914.44561469846,73917.65476007984,1808.4344106948724,1424.504818296918,2192.364003092827,9465171491.632395,4732585745.816197,14197757237.448593,68937239.5
Berlin,ssp126,2034,Germany,68937239.5,10.466148343077442,366761080.30283487,80385.99020336116,91560.61313665997,69211.36727006234,1653.5409690458407,1347.0580974724023,1960.0238406192793,8654474139.565418,4327237069.782709,12981711209.348127,68937239.5
Berlin,ssp126,2035,Germany,68937239.5,10.712000680619754,398219170.984362,87280.9141883534,101041.13361602431,73520.6947606825,1795.3696541040201,1417.972440001492,2172.7668682065487,9396791814.217758,4698395907.108879,14095187721.326637,68937239.5
Berlin,ssp126,2036,Germany,68937239.5,10.689898022350041,393731788.7036389,86297.37834600314,99688.7718327927,72905.98485921358,1775.138307749549,1407.8567668242565,2142.419848674843,9290902896.367493,4645451448.183746,13936354344.551239,68937239.5
Berlin,ssp126,2037,Germany,68937239.5,10.774495486205065,414160751.610542,90774.95925710519,105845.44558555802,75704.47292865237,1867.2422111784313,1453.9087185386975,2280.575703818166,9772965854.16538,4886482927.08269,14659448781.24807,68937239.5
Berlin,ssp126,2038,Germany,68937239.5,10.844710930304794,409735419.1305187,89805.02337107268,104511.7837422633,75098.26299988205,1847.2906161200722,1443.932921009518,2250.648311230627,9668541127.649368,4834270563.824684,14502811691.474052,68937239.5
Berlin,ssp126,2039,Germany,68937239.5,10.718756184639906,391355551.9763555,85776.55933728348,98972.64569580316,72580.47297876379,1764.4250532857154,1402.5001395923396,2126.3499669790917,9234830754.55577,4617415377.277885,13852246131.833656,68937239.5
Berlin,ssp126,2040,Germany,68937239.5,10.697783464881583,393301143.1506914,86202.99027960368,99558.98824149344,72846.99231771391,1773.1967438727384,1406.885984885851,2139.5075028596266,9280740938.075119,4640370469.0375595,13921111407.112679,68937239.5
Berlin,ssp126,2041,Germany,68937239.5,10.522502132153829,368077350.0830158,80674.4876894282,91957.29718000216,69391.67819885425,1659.4753664634973,1350.0252961812307,1968.9254367457645,8685534203.964457,4342767101.982228,13028301305.946686,68937239.5
Berlin,ssp126,2042,Germany,68937239.5,10.660842011572525,385532372.52539563,84500.2460329635,97217.71490236321,71782.77716356382,1738.1712703480105,1389.3732481234872,2086.969292572535,9097420983.795013,4548710491.897507,13646131475.69252,68937239.5
Berlin,ssp126,2043,Germany,68937239.5,10.797978203374784,405352868.1455376,88844.46425107683,103191.01495226902,74497.91354988463,1827.5319012732975,1434.0535635861306,2221.0102389604644,9565125917.57984,4782562958.78992,14347688876.369759,68937239.5
Berlin,ssp126,2044,Germany,68937239.5,10.443321755641767,365307743.49642015,80067.45062935245,91122.621222398,69012.2800363069,1646.9886054492317,1343.781915674098,1950.1952952243662,8620179699.716978,4310089849.858489,12930269549.575466,68937239.5
Berlin,ssp126,2045,Germany,68937239.5,10.735108839384766,399062793.5913698,87465.817773451,101295.37604553351,73636.25950136849,1799.1731234959989,1419.8741746974813,2178.4720722945162,9416698806.61148,4708349403.30574,14125048209.917221,68937239.5
Berlin,ssp126,2046,Germany,68937239.5,11.001417293741445,447828807.226135,98154.25911805707,115991.98289436685,80316.5353417473,2019.0345149379618,1529.804870418463,2508.2641594574616,10567432149.264109,5283716074.632054,15851148223.896164,68937239.5
Berlin,ssp126,2047,Germany,68937239.5,10.6816448498995,396138825.4719793,86824.9480486531,100414.18017393637,73235.7159233698,1785.9904240841518,1413.2828249915578,2158.698023176746,9347701827.83368,4673850913.91684,14021552741.750519,68937239.5
Berlin,ssp126,2048,Germany,68937239.5,10.808026230107219,413717255.0555531,90677.75453272405,105711.78908953395,75643.71997591415,1865.2427086066225,1452.9089672527932,2277.576449960452,9762500650.324862,4881250325.162431,14643750975.487293,68937239.5
Berlin,ssp126,2049,Germany,68937239.5,10.986985557040393,452196152.3700195,99111.48545096327,117308.16910211286,80914.80179981366,2038.7246743066007,1539.6499501027824,2537.7993985104195,10670488546.565306,5335244273.282653,16005732819.847958,68937239.5
Berlin,ssp126,2050,Germany,68937239.5,10.818752047554826,421458750.5820233,92374.52067551205,108044.84253586744,76704.19881515665,1900.1452124495465,1470.3602191742552,2329.9302057248387,9945176993.136583,4972588496.568292,14917765489.704876,68937239.5
Berlin,ssp126,2051,Germany,68937239.5,10.80166315540577,417305195.1753123,91464.15236719183,106793.08611192714,76135.21862245651,1881.4189233173188,1460.9970746081412,2301.840772026497,9847165399.79917,4923582699.899585,14770748099.698753,68937239.5
Berlin,ssp126,2052,Germany,68937239.5,10.784313878178908,408716341.3770738,89581.66386346832,104204.66441930733,74958.66330762932,1842.696107851711,1441.6356668753376,2243.756548828085,9644493913.980698,4822246956.990349,14466740870.971046,68937239.5
Berlin,ssp126,2053,Germany,68937239.5,10.974903438957229,435263149.6791145,95400.14239542244,112205.07240074425,78595.21239010064,1962.3822945337577,1501.4787602163608,2423.285828851155,10270919885.210546,5135459942.605273,15406379827.815819,68937239.5
Berlin,ssp126,2054,Germany,68937239.5,10.654755147471805,382419210.92265,83817.90924332062,96279.50181660424,71356.31667003702,1724.1355928187854,1382.3554093588748,2065.9157762786963,9023959599.721752,4511979799.860876,13535939399.582628,68937239.5
Berlin,ssp126,2055,Germany,68937239.5,10.769059746696456,402540311.0572039,88228.01338240094,102343.39500783967,74112.6317569622,1814.851498081387,1427.7133619901756,2201.989634172599,9498757908.828918,4749378954.414459,14248136863.243378,68937239.5
Berlin,ssp126,2056,Germany,68937239.5,10.73256036584096,403350319.9887715,88405.54958658015,102587.50728858609,74223.59188457421,1818.5034203424248,1429.5393231206945,2207.467517564156,9517871718.138458,4758935859.069229,14276807577.207687,68937239.5
Berlin,ssp126,2057,Germany,68937239.5,10.959739879148819,431451333.30077016,94564.67579194972,111056.30582096924,78073.04576293018,1945.1967345423095,1492.8859802206366,2397.507488863983,10180972319.771177,5090486159.885589,15271458479.656765,68937239.5
Berlin,ssp126,2058,Germany,68937239.5,10.873343980291027,433638290.19479346,95044.00880981784,111715.3887205379,78372.62889909776,1955.0566215805393,1497.8159237397517,2412.2973194213273,10232578018.68569,5116289009.342845,15348867028.028534,68937239.5
Berlin,ssp126,2059,Germany,68937239.5,11.059103581471966,453542617.85866153,99406.60117450124,117713.95322197759,81099.2491270249,2044.7952089637615,1542.6852174313626,2546.9052004961604,10702261140.161243,5351130570.080622,16053391710.241865,68937239.5
Berlin,ssp126,2060,Germany,68937239.5,10.879836973243552,420198925.2862337,92098.39458328419,107665.16915905414,76531.62000751424,1894.4652947802333,1467.5202603395985,2321.4103292208683,9915448851.225292,4957724425.612646,14873173276.837938,68937239.5
Berlin,ssp126,2061,Germany,68937239.5,11.219123712129203,478638750.8485198,104907.12347364826,125277.17138330474,84537.07556399179,2157.941031386066,1599.2581286425147,2716.6239341296173,11294455474.915865,5647227737.457932,16941683212.373798,68937239.5
Berlin,ssp126,2062,Germany,68937239.5,10.789625614719714,404845797.63068354,88733.32550809512,103038.19918066917,74428.45183552106,1825.2457757394372,1432.9105008192005,2217.5810506596745,9553160556.767517,4776580278.383759,14329740835.151276,68937239.5
Berlin,ssp126,2063,Germany,68937239.5,11.046848455631446,454905027.4771396,99705.2115018389,118124.54242206686,81285.88058161092,2050.9376276711,1545.756426785032,2556.118828557169,10734409967.950926,5367204983.975463,16101614951.926388,68937239.5
Berlin,ssp126,2064,Germany,68937239.5,10.709559042209868,403232804.2026956,88379.79270196076,102552.09157223444,74207.4938316871,1817.9736008571463,1429.2744133780552,2206.672788336238,9515098693.992207,4757549346.996103,14272648040.98831,68937239.5
Berlin,ssp126,2065,Germany,68937239.5,10.848186254822602,408134796.77138597,89454.2020320847,104029.40440115482,74878.99966301455,1840.0742161557916,1440.3247210273778,2239.823711284206,9630771185.421894,4815385592.710947,14446156778.132841,68937239.5
Berlin,ssp126,2066,Germany,68937239.5,11.040441686894614,438943301.8134654,96206.75108240347,113314.15934534314,79099.34281946378,1978.9742467699289,1509.7747363344465,2448.173757205412,10357760564.843477,5178880282.421739,15536640847.265217,68937239.5
Berlin,ssp126,2067,Germany,68937239.5,10.93161956327244,430343460.66193724,94321.85439165757,110722.42639556754,77921.2823877476,1940.2018948628029,1490.3885603808833,2390.0152293447227,10154829810.062147,5077414905.031074,15232244715.09322,68937239.5
Berlin,ssp126,2068,Germany,68937239.5,10.922600131759049,434108660.87608236,95147.10375366197,111857.1442683236,78437.06323900036,1957.1772860510082,1498.8762559749862,2415.478316127031,10243677372.231771,5121838686.115886,15365516058.347656,68937239.5
Berlin,ssp126,2069,Germany,68937239.5,11.190177549889109,464589301.693861,101827.79215207922,121043.09081614729,82612.49348801113,2094.599142026991,1567.5871839629776,2621.611100091005,10962930127.995913,5481465063.997956,16444395191.99387,68937239.5
Berlin,ssp126,2070,Germany,68937239.5,11.092868519140042,455627064.23037255,99863.46613268448,118342.14253947954,81384.78972588942,2054.1929276926885,1547.3840767958263,2561.0017785895516,10751447894.667444,5375723947.333722,16127171842.001167,68937239.5
Berlin,ssp126,2071,Germany,68937239.5,10.973632750308626,426750445.13112843,93534.3441383296,109639.5997972416,77429.08847941762,1924.0027976802303,1482.2890117895972,2365.7165835708643,10070045295.934402,5035022647.967201,15105067943.901604,68937239.5
Berlin,ssp126,2072,Germany,68937239.5,10.85342261598487,420031993.5700208,92061.80680986766,107614.86097060642,76508.7526491289,1893.712683757375,1467.1439548281696,2320.2814126865815,9911509757.633778,4955754878.816889,14867264636.450666,68937239.5
Berlin,ssp126,2073,Germany,68937239.5,10.850387799581238,412522296.7789949,90415.84586936883,105351.66467742053,75480.02706131715,1859.8552436527127,1450.2152347758383,2269.4952525295876,9734303177.752817,4867151588.876409,14601454766.629227,68937239.5
Berlin,ssp126,2074,Germany,68937239.5,10.885845400257995,426927721.5588663,93573.199245779,109693.02556998451,77453.3729215735,1924.802047796597,1482.6886368477803,2366.9154587454136,10074228494.048405,5037114247.024202,15111342741.072607,68937239.5
Berlin,ssp126,2075,Germany,68937239.5,11.146264740802211,462031234.411077,101267.11987092109,120272.16642955487,82262.07331228729,2083.066105178679,1561.8206655388215,2604.3115448185363,10902567324.15685,5451283662.078425,16353850986.235275,68937239.5
Berlin,ssp126,2076,Germany,68937239.5,11.037964097626755,445350316.61287093,97611.02829871152,115245.04051776673,79977.01607965633,2007.8602492087732,1524.2177375538686,2491.5027608636783,10508947118.90064,5254473559.45032,15763420678.35096,68937239.5
Berlin,ssp126,2077,Germany,68937239.5,11.1486005972878,460010529.08037865,100824.2255518639,119663.18674085123,81985.26436287655,2073.955762696536,1557.2654942977501,2590.6460310953235,10854884669.242182,5427442334.621091,16282327003.863274,68937239.5
Berlin,ssp126,2078,Germany,68937239.5,10.890287231078029,421895256.2468524,92470.19314999513,108176.3921882817,76763.99411170858,1902.1131966190214,1471.3442112589928,2332.882181979051,9955477232.695583,4977738616.347792,14933215849.043375,68937239.5
Berlin,ssp126,2079,Germany,68937239.5,11.000017051782024,437559145.2279354,95903.37429653388,112897.01626477245,78909.73232829529,1972.733781942366,1506.6545039206649,2438.813059964068,10325098573.10573,5162549286.552865,15487647859.658596,68937239.5
Berlin,ssp126,2080,Germany,68937239.5,11.053952637703597,454099467.6270516,99528.65043880591,117881.7709603965,81175.52991721532,2047.3057640773966,1543.9404949881803,2550.6710331666136,10715401143.773884,5357700571.886942,16073101715.660826,68937239.5
Berlin,ssp126,2081,Germany,68937239.5,10.81295127882358,420657322.6434967,92198.86523693087,107803.31630781833,76594.41416604341,1896.5319775637793,1468.5536017313716,2324.5103533961874,9926265669.822298,4963132834.911149,14889398504.733448,68937239.5
Berlin,ssp126,2082,Germany,68937239.5,10.991717579077692,445548078.1951899,97654.37330305541,115304.63989873957,80004.10670737125,2008.7518565685236,1524.6635412337437,2492.8401719033045,10513613705.929358,5256806852.964679,15770420558.894035,68937239.5
Berlin,ssp126,2083,Germany,68937239.5,10.769679981724547,402405202.83127695,88198.40062055395,102302.67746030005,74094.12378080783,1814.2423631463475,1427.4087945226556,2201.0759317700404,9495569755.259401,4747784877.629701,14243354632.889103,68937239.5
Berlin,ssp126,2084,Germany,68937239.5,10.938222588251504,433682736.99284875,95053.75057377516,111728.78364597922,78378.7175015711,1955.2570098045744,1497.9161178517693,2412.597901757381,10233626831.346067,5116813415.673034,15350440247.0191,68937239.5
Berlin,ssp126,2085,Germany,68937239.5,11.0280852471716,437319451.7309139,95850.83873554286,112824.77986840981,78876.8976026759,1971.6531247008404,1506.1141752999022,2437.1920741017793,10319442517.207754,5159721258.603877,15479163775.81163,68937239.5
Berlin,ssp126,2086,Germany,68937239.5,10.91745459798452,434056468.37082744,95135.66430045542,111841.41502016458,78429.91358074626,1956.941976334817,1498.7586011168903,2415.125351552744,10242445783.84558,5121222891.92279,15363668675.768368,68937239.5
Berlin,ssp126,2087,Germany,68937239.5,10.868998811290588,419323278.5628034,91906.47201376522,107401.27562596556,76411.66840156488,1890.5174447782447,1465.5463353386042,2315.4885542178854,9894786184.627558,4947393092.313779,14842179276.941338,68937239.5
Berlin,ssp126,2088,Germany,68937239.5,10.806907827850777,409572701.5233695,89769.35923799888,104462.74555928684,75075.97291671092,1846.5570043922842,1443.566115145624,2249.5478936389445,9664701474.53797,4832350737.268985,14497052211.806953,68937239.5
Berlin,ssp126,2089,Germany,68937239.5,10.868460278607097,426353822.79822785,93447.41321605003,109520.06977910717,77374.75665299289,1922.2146273646993,1481.3949266318316,2363.0343280975676,10060686184.764734,5030343092.382367,15091029277.147102,68937239.5
Berlin,ssp126,2090,Germany,68937239.5,10.990164210559048,443354902.9839453,97173.67736634427,114643.68298576176,79703.67174692679,1998.8639342701852,1519.7195800845745,2478.0082884557964,10461861273.16419,5230930636.582095,15692791909.746284,68937239.5
Berlin,ssp126,2091,Germany,68937239.5,10.824590332729738,413397977.1457575,90607.77581276886,105615.56834959556,75599.98327594216,1863.8032453355406,1452.1892356172523,2275.4172550538296,9754966638.233452,4877483319.116726,14632449957.350178,68937239.5
Berlin,ssp126,2092,Germany,68937239.5,10.914577569714488,427183694.21348786,93629.3028413125,109770.16801384307,77488.43766878193,1925.9560995597303,1483.265662729347,2368.6465363901143,10080268689.802078,5040134344.901039,15120403034.703117,68937239.5
Berlin,ssp126,2093,Germany,68937239.5,10.963926019161347,441234065.16257226,96708.83620001592,114004.52638206027,79413.14601797157,1989.30214482555,1514.9386853622568,2463.6656042888435,10411815788.337584,5205907894.168792,15617723682.506374,68937239.5
Berlin,ssp126,2094,Germany,68937239.5,11.143918637336256,477090715.7171731,104567.8281023942,124810.6402478304,84325.01595695798,2150.961720743042,1595.768473321003,2706.1549681650813,11257926435.356062,5628963217.678031,16886889653.034092,68937239.5
Berlin,ssp126,2095,Germany,68937239.5,10.912143390705433,422907459.6634229,92692.04595362702,108481.43979327554,76902.6521139785,1906.6767119651036,1473.6259689320336,2339.727454998174,9979362232.394724,4989681116.197362,14969043348.592087,68937239.5
Berlin,ssp126,2096,Germany,68937239.5,11.034510724868701,456820075.74416447,100124.94810831011,118701.68025596478,81548.21596065545,2059.571615673893,1550.0734207864284,2569.0698105613583,10779599429.409874,5389799714.704937,16169399144.11481,68937239.5
Berlin,ssp126,2097,Germany,68937239.5,10.8202080398845,411446414.44580543,90180.03604291634,105027.42616604836,75332.64591978434,1855.0046321474447,1447.7899290232042,2262.2193352716854,9708915544.413656,4854457772.206828,14563373316.620483,68937239.5
Berlin,ssp126,2098,Germany,68937239.5,10.785694325829724,407878513.2537393,89398.03030218952,103952.16827254898,74843.89233183008,1838.9187628678637,1439.746994383414,2238.090531352314,9624723654.22246,4812361827.11123,14437085481.33369,68937239.5
Bratislava,ssp126,2024,Slovakia,4365332.5,10.751599831715044,9275590.193280445,2033.0060697601073,1953.4444151103387,2112.567724409876,72.90592044003122,76.71014955687284,69.10169132318961,103064337.48888706,51532168.74444353,154596506.23333058,4365332.5
Bratislava,ssp126,2025,Slovakia,4365332.5,11.181857644120903,11020246.464445295,2415.3964853578827,2479.2312365572798,2351.5617341584853,86.61887763739432,83.56662815555438,89.67112711923428,122449825.52647823,61224912.763239115,183674738.28971735,4365332.5
Bratislava,ssp126,2026,Slovakia,4365332.5,10.902299229628822,9921837.809325779,2174.649382865934,2148.20397063085,2201.0947951010176,77.9854114802983,79.24989507700637,76.72092788359024,110245021.5223123,55122510.76115615,165367532.28346846,4365332.5
Bratislava,ssp126,2027,Slovakia,4365332.5,10.779878296821307,9665343.274735244,2118.431402681707,2070.904247877538,2165.9585574858756,75.96937047994167,78.24187457682807,73.69686638305535,107395020.74325193,53697510.37162597,161092531.1148779,4365332.5
Bratislava,ssp126,2028,Slovakia,4365332.5,11.018379711474772,10708281.311142256,2347.0205613462576,2385.2143410412955,2308.82678165122,84.16683888052381,82.34060877711913,85.99306898392851,118983471.23798357,59491735.618991785,178475206.85697535,4365332.5
Bratislava,ssp126,2029,Slovakia,4365332.5,10.78066271234292,9487155.323507681,2079.3765092619674,2017.2037694253963,2141.5492490985384,74.56881738036871,77.54159802704159,71.59603673369585,105415111.89011236,52707555.94505618,158122667.83516854,4365332.5
Bratislava,ssp126,2030,Slovakia,4365332.5,10.922769308340982,10005483.986880954,2192.9827916451504,2173.412407702273,2212.553175588028,78.64286846566269,79.57862356968857,77.70711336163684,111174443.5529931,55587221.77649655,166761665.32948965,4365332.5
Bratislava,ssp126,2031,Slovakia,4365332.5,10.688466977298646,9274061.053310627,2032.6709157941195,1952.9835784071056,2112.3582531811335,72.89390143588612,76.70414005480029,69.08366281697198,103047346.67809948,51523673.33904974,154571020.0171492,4365332.5
Bratislava,ssp126,2032,Slovakia,4365332.5,10.731882896275355,9281005.769354597,2034.1930453380032,1955.0765065299456,2113.309584146061,72.94848674041445,76.73143270706446,69.16554077376449,103124511.85499987,51562255.927499935,154686767.7824998,4365332.5
Bratislava,ssp126,2033,Slovakia,4365332.5,10.96873648973833,11264243.137308436,2468.875208177201,2552.7644804338424,2384.9859359205593,88.53668573895078,84.52553220633261,92.54783927156898,125160958.1783228,62580479.0891614,187741437.26748422,4365332.5
Bratislava,ssp126,2034,Slovakia,4365332.5,10.822548629115083,10902532.546906715,2389.5961746644953,2443.755809353872,2335.436539975118,85.69364901819891,83.10401384595669,88.28328419044117,121141864.88230012,60570932.44115006,181712797.32345018,4365332.5
Bratislava,ssp126,2035,Slovakia,4365332.5,11.073585905699764,11393826.735891659,2497.2770927981815,2591.8170717876906,2402.7371138086723,89.55520977157619,85.03479422264532,94.07562532050709,126600807.01371884,63300403.50685942,189901210.52057827,4365332.5
Bratislava,ssp126,2036,Slovakia,4365332.5,11.1564677708937,11425174.751143333,2504.147890661562,2601.264418849839,2407.0313624732853,89.80160443307678,85.15799155339562,94.44521731275793,126949125.81135672,63474562.90567836,190423688.71703508,4365332.5
Bratislava,ssp126,2037,Slovakia,4365332.5,10.9690888482483,11072361.753793709,2426.8190145301373,2494.93721416913,2358.7008148911445,87.02850258413861,83.77144062892653,90.2855645393507,123028896.79394612,61514448.39697306,184543345.19091916,4365332.5
Bratislava,ssp126,2038,Slovakia,4365332.5,11.170903803808216,11356460.65410792,2489.0872666538007,2580.556060839167,2397.6184724684344,89.26151324888438,84.88794596129941,93.63508053646936,126185619.36707333,63092809.68353666,189278429.05061,4365332.5
Bratislava,ssp126,2039,Slovakia,4365332.5,11.06116810728692,10881812.386265079,2385.054769592356,2437.51137737968,2332.5981618050314,85.53078904360257,83.0225838586585,88.03899422854664,120911635.90660211,60455817.95330106,181367453.85990316,4365332.5
Bratislava,ssp126,2040,Slovakia,4365332.5,11.027937578421726,11119431.752153728,2437.1357264994567,2509.1226931269443,2365.1487598719696,87.39847166255196,83.9564251681332,90.8405181569707,123551908.06282395,61775954.031411976,185327862.09423593,4365332.5
Bratislava,ssp126,2041,Slovakia,4365332.5,10.902577056437568,10187735.510942152,2232.9283311654126,2228.3375245426337,2237.519137788192,80.07536115199382,80.29486991285414,79.85585239113354,113199504.1898154,56599752.0949077,169799256.2847231,4365332.5
Bratislava,ssp126,2042,Slovakia,4365332.5,11.172875394771975,11778040.354037942,2581.4882967754493,2707.607477256434,2455.3691162944647,92.57511976035941,86.54474921703692,98.60549030368195,130869939.34743723,65434969.67371862,196304909.02115583,4365332.5
Bratislava,ssp126,2043,Slovakia,4365332.5,11.1325911615289,11516441.982322711,2524.1516673584124,2628.769611808008,2419.5337229088163,90.51896272041954,85.516670697067,95.52125474377209,127963228.04312222,63981614.02156111,191944842.06468332,4365332.5
Bratislava,ssp126,2044,Slovakia,4365332.5,10.81943397748053,10364451.530129084,2271.6606093433707,2281.5944070373257,2261.7268116494156,81.46434490039765,80.98936178705605,81.93932801373924,115163057.88954318,57581528.94477159,172744586.83431476,4365332.5
Bratislava,ssp126,2045,Slovakia,4365332.5,11.189303627841618,11939442.924781268,2616.8642026917946,2756.2493478914084,2477.4790574921803,93.8437401646926,87.17905941920353,100.50842091018173,132663339.94794185,66331669.97397093,198995009.9219128,4365332.5
Bratislava,ssp126,2046,Slovakia,4365332.5,11.404426022005547,13154033.277996004,2883.075786958038,3122.290276257493,2643.8612976585828,103.39039173224947,91.95238520298196,114.82839826151695,146159079.56838718,73079539.78419359,219238619.3525808,4365332.5
Bratislava,ssp126,2047,Slovakia,4365332.5,11.107800693735669,11633871.437240815,2549.8896300801885,2664.15931055045,2435.6199496099266,91.4419554701183,85.97816707191637,96.90574386832024,129268027.92330486,64634013.96165243,193902041.88495728,4365332.5
Bratislava,ssp126,2048,Slovakia,4365332.5,11.159914707464859,11507269.340227693,2522.141225255394,2626.005253916358,2418.2771965944303,90.44686596960697,85.48062232166072,95.41310961755323,127861307.59807812,63930653.79903906,191791961.39711717,4365332.5
Bratislava,ssp126,2049,Slovakia,4365332.5,11.323669590104162,12572284.211990448,2755.5691423540807,2946.968639927052,2564.169644781109,98.81785777608293,89.6661182248987,107.96959732726717,139695061.5573202,69847530.7786601,209542592.3359803,4365332.5
Bratislava,ssp126,2050,Slovakia,4365332.5,11.093411464126048,11157680.484563371,2445.519010315269,2520.6497083736863,2370.3883122568523,87.69910579837322,84.10674223604383,91.29146936070262,123976903.15030049,61988451.575150244,185965354.72545072,4365332.5
Bratislava,ssp126,2051,Slovakia,4365332.5,11.24483004506875,12406449.204559619,2719.2217434651316,2896.990966454747,2541.4525204755164,97.51439852378849,89.01438859875147,106.01440844882549,137852410.59741637,68926205.29870819,206778615.89612454,4365332.5
Bratislava,ssp126,2052,Slovakia,4365332.5,11.261438526432453,11803680.792133035,2587.1081188236885,2715.3347325727627,2458.8815050746143,92.77665299984668,86.64551583678056,98.90779016291279,131154839.25247075,65577419.62623537,196732258.87870613,4365332.5
Bratislava,ssp126,2053,Slovakia,4365332.5,11.423017965819582,12872755.452024866,2821.4258524986108,3037.5216163757805,2605.33008862144,101.17955464539209,90.84696665955326,111.51214263123089,143033702.94221514,71516851.47110757,214550554.41332272,4365332.5
Bratislava,ssp126,2054,Slovakia,4365332.5,11.069177879563863,10993247.234608073,2409.478845941505,2471.0944823597606,2347.8632095232497,86.40666432681914,83.4605215002668,89.35280715337151,122149827.60959102,61074913.80479551,183224741.41438654,4365332.5
Bratislava,ssp126,2055,Slovakia,4365332.5,11.108611148930457,11231596.513623904,2461.7197838079887,2542.9257719261755,2380.5137956898016,88.28008404575567,84.39723135973506,92.16293673177631,124798210.0866992,62399105.0433496,187197315.1300488,4365332.5
Bratislava,ssp126,2056,Slovakia,4365332.5,11.060462732806897,10958392.709911358,2401.8394980627727,2460.590379026504,2343.0886170990416,86.1327085836736,83.32354362869403,88.94187353865321,121762546.75505742,60881273.37752871,182643820.13258612,4365332.5
Bratislava,ssp126,2057,Slovakia,4365332.5,11.406633262187873,12958880.024759665,2840.30247118021,3063.4769670629803,2617.12797529744,101.8564917584917,91.18543521610307,112.52754830088027,143990663.2914181,71995331.64570905,215985994.93712717,4365332.5
Bratislava,ssp126,2058,Slovakia,4365332.5,11.241404937619164,12370742.544175494,2711.3956261206663,2886.230055106107,2536.561197135225,97.23374501421127,88.87406184396286,105.59342818445968,137455661.36424127,68727830.68212064,206183492.04636192,4365332.5
Bratislava,ssp126,2059,Slovakia,4365332.5,11.443541019377442,13231301.783272685,2900.0113497584066,3145.576675108,2654.446024408813,103.99772036372592,92.25604951872018,115.73939120873163,147017637.04442433,73508818.52221216,220526455.5666365,4365332.5
Bratislava,ssp126,2060,Slovakia,4365332.5,11.338611275972545,12691980.784119092,2781.8040074781666,2983.0415794726705,2580.566435483663,99.75867001365637,90.13652434368541,109.38081568362735,141025052.17237198,70512526.08618599,211537578.25855798,4365332.5
Bratislava,ssp126,2061,Slovakia,4365332.5,11.609945175428734,13918746.37170219,3050.684136263503,3352.7517565525086,2748.6165159744987,109.40101863657061,94.95769865514254,123.84433861799866,154656075.0942353,77328037.54711765,231984112.64135295,4365332.5
Bratislava,ssp126,2062,Slovakia,4365332.5,11.30784899376679,12374999.32310844,2712.3286187635035,2887.5129199900084,2537.1443175369986,97.26720319635919,88.89079093503682,105.64361545768156,137502959.92869043,68751479.96434522,206254439.89303565,4365332.5
Bratislava,ssp126,2063,Slovakia,4365332.5,11.542390779978305,14040891.0028904,3077.455562277358,3389.562467321558,2765.3486572331576,110.36107256069018,95.43772561720232,125.284419504178,156013266.9525342,78006633.4762671,234019900.4288013,4365332.5
Bratislava,ssp126,2064,Slovakia,4365332.5,11.132011886707758,11829404.884569932,2592.746276070132,2723.087198786622,2462.405353353641,92.97884376049014,86.7466112171023,99.211076303878,131440668.6702508,65720334.3351254,197161003.00537622,4365332.5
Bratislava,ssp126,2065,Slovakia,4365332.5,11.112086786433252,11143444.253700662,2442.398740537141,2516.3593374287598,2368.438143645522,87.58720935911545,84.05079401641495,91.12362470181591,123818719.39361976,61909359.69680988,185728079.09042963,4365332.5
Bratislava,ssp126,2066,Slovakia,4365332.5,11.36868668690959,12200287.01245675,2674.035509579571,2834.8598948621016,2513.211124297041,95.89396854984659,88.20417361178052,103.5837634879127,135561670.13760912,67780835.06880456,203342505.2064137,4365332.5
Bratislava,ssp126,2067,Slovakia,4365332.5,11.37878964239399,12868312.92956949,2820.4521489467475,3036.182773991969,2604.721523901526,101.1446365235329,90.82950759862368,111.45976544844211,142984340.51630992,71492170.25815496,214476510.77446488,4365332.5
Bratislava,ssp126,2068,Slovakia,4365332.5,11.253284408436803,12432086.614965215,2724.8409019101937,2904.7173093167075,2544.96449450368,97.71590796570763,89.11514331971104,106.31667261170423,138137276.86072946,69068638.43036473,207205915.29109418,4365332.5
Bratislava,ssp126,2069,Slovakia,4365332.5,11.638204233917577,13855177.243371313,3036.7511766293387,3333.5939370555316,2739.9084162031454,108.90136678521023,94.70787272946234,123.09486084095809,153949736.20262343,76974868.10131171,230924604.30393514,4365332.5
Bratislava,ssp126,2070,Slovakia,4365332.5,11.459517663613248,13373564.20399887,2931.1921543011317,3188.4502813542476,2673.9340272480163,105.1158996397554,92.81513915673492,117.4166601227759,148598364.72171336,74299182.36085668,222897547.08257005,4365332.5
Bratislava,ssp126,2071,Slovakia,4365332.5,11.438423135044356,12718070.509658933,2787.522303486899,2990.9042364846773,2584.140370489121,99.96373464187677,90.23905665779562,109.68841262595795,141314944.26786134,70657472.13393067,211972416.401792,4365332.5
Bratislava,ssp126,2072,Slovakia,4365332.5,11.083581266393026,10716685.802820345,2348.862641714058,2387.747201547021,2309.978081881095,84.2328979871525,82.37363833043347,86.09215764387152,119076856.49419732,59538428.24709866,178615284.741296,4365332.5
Bratislava,ssp126,2073,Slovakia,4365332.5,11.27154501172876,11912192.559404213,2610.891519869426,2748.036909010652,2473.7461307282,93.62955293468966,87.07196580420205,100.18714006517726,132360551.57594682,66180275.78797341,198540827.36392024,4365332.5
Bratislava,ssp126,2074,Slovakia,4365332.5,11.220959003081163,12248756.238714593,2684.658901636085,2849.4670589398074,2519.850744332362,96.27493552657909,88.39465710014677,104.15521395301147,136100228.7186558,68050114.3593279,204150343.07798368,4365332.5
Bratislava,ssp126,2075,Slovakia,4365332.5,11.480655383623528,13359460.950866716,2928.1010303269613,3184.1999858897625,2672.0020747641597,105.0050484023276,92.75971353802103,117.25038326663416,148441658.52725944,74220829.26362972,222662487.79088914,4365332.5
Bratislava,ssp126,2076,Slovakia,4365332.5,11.500929479980428,13312002.125188643,2917.6990959317673,3169.897326096371,2665.5008657671633,104.63202315035286,92.57320091203366,116.69084538867209,147914326.86160925,73957163.43080463,221871490.2924139,4365332.5
Bratislava,ssp126,2077,Slovakia,4365332.5,11.574118738771626,13826945.221542826,3030.5633362285744,3325.0856565044805,2736.0410159526677,108.67946375862117,94.5969212161678,122.76200630107449,153636040.30132836,76818020.15066418,230454060.45199254,4365332.5
Bratislava,ssp126,2078,Slovakia,4365332.5,11.321491866467849,12519654.82680073,2744.0339346412657,2931.107729321931,2556.9601399606,98.4041920481351,89.45928536092478,107.34909873534544,139110277.99056074,69555138.99528037,208665416.9858411,4365332.5
Bratislava,ssp126,2079,Slovakia,4365332.5,11.378731955296642,12419816.88160393,2722.151645283063,2901.0195814544027,2543.283709111723,97.61946815049174,89.0669234121031,106.17201288888039,138000943.54784095,69000471.77392048,207001415.32176143,4365332.5
Bratislava,ssp126,2080,Slovakia,4365332.5,11.53800162843589,13441976.8924954,2946.186716163385,3209.067803914845,2683.3056284119243,105.65362175993157,93.084000216823,118.22324330304014,149358522.10995552,74679261.05497776,224037783.16493326,4365332.5
Bratislava,ssp126,2081,Slovakia,4365332.5,11.31505149071554,12769895.389780726,2798.881181321813,3006.522693507684,2591.2396691359418,100.37107697894018,90.44272782632731,110.29942613155305,141890788.69650623,70945394.34825312,212836183.04475933,4365332.5
Bratislava,ssp126,2082,Slovakia,4365332.5,11.325288533656273,12639432.22671556,2770.2865154445158,2967.2050279264004,2573.368002962631,99.34563959020414,89.9300091319593,108.76127004844898,140441166.7115077,70220583.35575385,210661750.06726158,4365332.5
Bratislava,ssp126,2083,Slovakia,4365332.5,11.2058056220301,11786714.372423153,2583.389451490016,2710.221564988963,2456.557337991069,92.64329734055755,86.578838007136,98.7077566739791,130966319.4094721,65483159.70473605,196449479.11420813,4365332.5
Bratislava,ssp126,2084,Slovakia,4365332.5,11.424404249749669,12902005.735713128,2827.836873580969,3046.3367703640233,2609.3369767979148,101.40946118621459,90.96191992996452,111.85700244246469,143358713.10834736,71679356.55417368,215038069.66252103,4365332.5
Bratislava,ssp126,2085,Slovakia,4365332.5,11.555876628968658,13404841.414790824,2938.04743337882,3197.8762900860693,2678.2185766715716,105.36173777987028,92.93805822679238,117.78541733294821,148945896.7861537,74472948.39307685,223418845.17923057,4365332.5
Bratislava,ssp126,2086,Slovakia,4365332.5,11.373870793181112,12956487.356261354,2839.7780506874296,3062.7558888854073,2616.8002124894524,101.83768544045239,91.17603205708342,112.49933882382132,143964077.51213393,71982038.75606696,215946116.26820087,4365332.5
Bratislava,ssp126,2087,Slovakia,4365332.5,11.237457494112352,11819743.199856028,2590.628646543797,2720.1754581879118,2461.081834899682,92.90290314621215,86.70864090996331,99.09716538246097,131333314.30106078,65666657.15053039,196999971.45159116,4365332.5
Bratislava,ssp126,2088,Slovakia,4365332.5,11.292418698756618,12361385.259037081,2709.3447143095073,2883.410051365763,2535.2793772532505,97.16019697342676,88.8372878235706,105.48310612328295,137351689.28554985,68675844.64277492,206027533.92832476,4365332.5
Bratislava,ssp126,2089,Slovakia,4365332.5,11.237041067334411,12394088.071669009,2716.51245406445,2893.2656935288096,2539.7592146000898,97.41724031042492,88.9658094920697,105.86867112878016,137715061.71228495,68857530.85614248,206572592.56842744,4365332.5
Bratislava,ssp126,2090,Slovakia,4365332.5,11.4667025752752,12982519.433695067,2845.4837114948186,3070.601172495567,2620.3662504940703,102.04229695591644,91.27833781481544,112.80625609701742,144253329.05928707,72126664.52964354,216379993.5889306,4365332.5
Bratislava,ssp126,2091,Slovakia,4365332.5,11.270234075566249,12207495.904975895,2675.615540816644,2837.0324378130767,2514.198643820211,95.95063027524733,88.23250447448089,103.66875607601375,135641770.67202607,67820885.33601303,203462656.00803912,4365332.5
Bratislava,ssp126,2092,Slovakia,4365332.5,11.310277735781318,12463784.645541297,2731.788415461116,2914.2701404492254,2549.3066904730063,97.96505373941372,89.23971620656408,106.69039127226337,138489484.801459,69244742.4007295,207734227.20218852,4365332.5
Bratislava,ssp126,2093,Slovakia,4365332.5,11.47702872569942,13199304.866402771,2892.998326882809,3135.9337686540534,2650.0628851115644,103.74622535079031,92.13030201225239,115.36214868932827,146662108.07320333,73331054.03660166,219993162.109805,4365332.5
Bratislava,ssp126,2094,Slovakia,4365332.5,11.517395462288752,13691196.029954921,3000.8100887572527,3284.174941231414,2717.4452362830916,107.61247831020461,94.06342849195954,121.16152812844969,152127683.39851964,76063841.69925982,228191525.09777945,4365332.5
Bratislava,ssp126,2095,Slovakia,4365332.5,11.469431486121314,12900368.949687272,2827.4781259588635,3045.843492383629,2609.1127595340986,101.39659608660457,90.95548738015952,111.83770479304965,143340526.20445758,71670263.10222879,215010789.30668637,4365332.5
Bratislava,ssp126,2096,Slovakia,4365332.5,11.493044762039071,13640414.802626252,2989.6799567400103,3268.8710097077055,2710.488903772315,107.21333905951273,93.86385886661358,120.56281925241188,151563435.36228222,75781717.68114111,227345153.04342332,4365332.5
Bratislava,ssp126,2097,Slovakia,4365332.5,11.20401211625759,11957169.265582161,2620.749428072812,2761.5915327903076,2479.9073233553163,93.98306878585774,87.2487237297861,100.7174138419294,132860303.54084288,66430151.77042144,199290455.3112643,4365332.5
Bratislava,ssp126,2098,Slovakia,4365332.5,11.050998020721028,11097009.805188756,2432.2213271646688,2502.3653940416107,2362.077260287727,87.2222356875384,83.86830718062643,90.57616419445043,123302769.94212198,61651384.97106099,184954154.91318297,4365332.5
Brussels,ssp126,2024,Belgium,9136595.000000002,11.796359114325142,50679115.7553585,11107.751398433804,12378.265632728557,9837.237164139051,334.26819220414086,283.2896780676365,385.2467063406451,1223730711.684228,611865355.842114,1835596067.526342,9136595.000000002
Brussels,ssp126,2025,Belgium,9136595.000000002,12.00527268782543,53945808.68773368,11823.73889046124,13362.748434266281,10284.729346656199,355.81457328668444,294.0628686089083,417.5662779644604,1302610392.3457239,651305196.1728619,1953915588.5185857,9136595.000000002
Brussels,ssp126,2026,Belgium,9136595.000000002,11.861653111991625,51757250.065874875,11344.05480895794,12703.182822199244,9984.926795716638,341.37932667359985,286.845245302366,395.9134080448336,1249764040.1556308,624882020.0778154,1874646060.2334461,9136595.000000002
Brussels,ssp126,2027,Belgium,9136595.000000002,11.792506570314057,51075976.0384759,11194.734474185563,12497.867361887225,9891.601586483901,336.8857944929352,284.5984792120337,389.1731097738367,1233313556.796263,616656778.3981315,1849970335.1943946,9136595.000000002
Brussels,ssp126,2028,Belgium,9136595.000000002,11.79178856668364,51018941.92251483,11182.233846029712,12480.67899817293,9883.788693886494,336.50961013075533,284.41038703094375,388.6088332305668,1231936374.1387708,615968187.0693854,1847904561.208156,9136595.000000002
Brussels,ssp126,2029,Belgium,9136595.000000002,11.802922519158626,51294686.34120821,11242.670978894013,12563.780055861345,9921.561901926681,338.3283590764152,285.31976150377363,391.3369566490567,1238594677.2425487,619297338.6212744,1857892015.863823,9136595.000000002
Brussels,ssp126,2030,Belgium,9136595.000000002,11.860048919306674,51186297.18920274,11218.914452427061,12531.114831969286,9906.714072884837,337.6134483019196,284.9623061165259,390.2645904873132,1235977442.6648421,617988721.3324211,1853966163.9972632,9136595.000000002
Brussels,ssp126,2031,Belgium,9136595.000000002,11.788060377922593,50924132.84871423,11161.453775059717,12452.106400589188,9870.801149530247,335.8842705361014,284.0977172336168,387.67082383858593,1229647052.9139056,614823526.4569528,1844470579.3708584,9136595.000000002
Brussels,ssp126,2032,Belgium,9136595.000000002,11.642557607750698,48296906.03259047,10585.623240018893,11660.339414908054,9510.907065129732,318.5556659374065,275.4334149342693,361.67791694054364,1166208334.745044,583104167.372522,1749312502.117566,9136595.000000002
Brussels,ssp126,2033,Belgium,9136595.000000002,11.899827145472878,53733926.16534068,11777.298885553184,13298.893427517705,10255.704343588664,354.4170432259417,293.3641035785369,415.4699828733464,1297494139.9001777,648747069.9500889,1946241209.8502665,9136595.000000002
Brussels,ssp126,2034,Belgium,9136595.000000002,11.776589252359608,51453612.37049006,11277.504081202365,12611.675571535327,9943.332590869402,339.3765998696974,285.8438819004148,392.9093178389799,1242432207.949617,621216103.9748085,1863648311.9244254,9136595.000000002
Brussels,ssp126,2035,Belgium,9136595.000000002,11.90831253451924,52829821.637528084,11579.138989046316,13026.42356982076,10131.85440827187,348.4537705529453,290.38246724203873,406.5250738638518,1275663047.136091,637831523.5680455,1913494570.7041364,9136595.000000002
Brussels,ssp126,2036,Belgium,9136595.000000002,11.833906669228675,51841359.29333018,11362.489708126226,12728.530808555637,9996.448607696815,341.9340924580877,287.1226281946099,396.7455567215655,1251794995.9692633,625897497.9846317,1877692493.953895,9136595.000000002
Brussels,ssp126,2037,Belgium,9136595.000000002,12.034038245080804,56331516.791955404,12346.633817413947,14081.728958826254,10611.53867600164,371.55017410053216,301.9306690158321,441.16967918523216,1360217243.4664767,680108621.7332383,2040325865.1997151,9136595.000000002
Brussels,ssp126,2038,Belgium,9136595.000000002,12.110108853101547,57054571.60312626,12505.111584245915,14299.63588822021,10710.58728027162,376.3192830518674,304.31522349149975,448.3233426122349,1377676592.6574168,688838296.3287084,2066514888.9861252,9136595.000000002
Brussels,ssp126,2039,Belgium,9136595.000000002,11.911887102718566,53681701.98777186,11765.85249046961,13283.15463427779,10248.55034666143,354.0725841491585,293.1918740401453,414.9532942581716,1296233101.126496,648116550.563248,1944349651.689744,9136595.000000002
Brussels,ssp126,2040,Belgium,9136595.000000002,11.869549870870406,52804773.22604446,11573.648926255384,13018.87473348323,10128.423119027539,348.28855679379774,290.2998603624649,406.2772532251305,1275058211.9894125,637529105.9947063,1912587317.984119,9136595.000000002
Brussels,ssp126,2041,Belgium,9136595.000000002,11.776687368510993,50756833.71190115,11124.785471100686,12401.687482645519,9847.883459555851,334.78080258512546,283.5459832581288,386.01562191212196,1225607339.7361,612803669.86805,1838411009.6041498,9136595.000000002
Brussels,ssp126,2042,Belgium,9136595.000000002,11.878554159667921,52305833.68703962,11464.292314966651,12868.509392961221,10060.075236972081,344.9976624039383,288.6544131675352,401.34091164034135,1263010495.1330013,631505247.5665007,1894515742.699502,9136595.000000002
Brussels,ssp126,2043,Belgium,9136595.000000002,12.0127238986086,54878689.49846308,12028.205917470423,13643.890596403908,10412.521238536938,361.96764793087914,297.1394059310056,426.7958899307526,1325136335.8515522,662568167.9257761,1987704503.7773285,9136595.000000002
Brussels,ssp126,2044,Belgium,9136595.000000002,11.861677138119903,53319036.12242257,11686.364081625929,13173.858072117726,10198.87009113413,351.68052064572885,291.9958422884305,411.36519900302704,1287475936.5451353,643737968.2725676,1931213904.8177028,9136595.000000002
Brussels,ssp126,2045,Belgium,9136595.000000002,12.024947864117564,55562775.22171651,12178.142514347888,13850.053417110421,10506.231611585354,366.47972543295054,299.39544468204133,433.5640061838597,1341654712.2378154,670827356.1189077,2012482068.356723,9136595.000000002
Brussels,ssp126,2046,Belgium,9136595.000000002,12.135121729305814,58038756.42752986,12720.82332658095,14596.239533930882,10845.407119231018,382.8107475761554,307.5609557536438,458.06053939866706,1401441356.0643039,700720678.0321519,2102162034.0964558,9136595.000000002
Brussels,ssp126,2047,Belgium,9136595.000000002,11.994124756275738,55696014.29243046,12207.345598339987,13890.207657599558,10524.483539080415,367.3585407523321,299.83485234173213,434.88222916293205,1344871989.0272532,672435994.5136266,2017307983.5408797,9136595.000000002
Brussels,ssp126,2048,Belgium,9136595.000000002,12.007941802290373,55713731.307939164,12211.228779821347,13895.547032136428,10526.910527506265,367.4753982518578,299.89328109149494,435.0575154122206,1345299795.5442817,672649897.7721409,2017949693.3164225,9136595.000000002
Brussels,ssp126,2049,Belgium,9136595.000000002,12.076263077731097,57365490.19033288,12573.25812390764,14393.337380255081,10753.1788675602,378.37003300121415,305.34059846617316,451.3994675362551,1385184233.9871302,692592116.9935651,2077776350.9806952,9136595.000000002
Brussels,ssp126,2050,Belgium,9136595.000000002,12.090907956132153,57277747.99407027,12554.026957603506,14366.894526586897,10741.159388620115,377.7913049613188,305.05123444622546,450.53137547641205,1383065554.158628,691532777.079314,2074598331.237942,9136595.000000002
Brussels,ssp126,2051,Belgium,9136595.000000002,12.088606738919173,57646627.41983516,12634.87724270266,14478.063668598234,10791.690816807086,380.22435172928095,306.26775783020656,454.18094562835523,1391972755.389132,695986377.694566,2087959133.083698,9136595.000000002
Brussels,ssp126,2052,Belgium,9136595.000000002,12.035141979508369,56676987.97240666,12422.353528197786,14185.84356115403,10658.86349524154,373.82882528113976,303.06999460613594,444.5876559561435,1368559214.0636125,684279607.0318062,2052838821.0954187,9136595.000000002
Brussels,ssp126,2053,Belgium,9136595.000000002,12.21069027281574,59548710.96317636,13051.772265900732,15051.294325495583,11052.250206305882,392.77007234767586,312.540618139404,472.9995265559476,1437901695.0220199,718950847.5110099,2156852542.5330296,9136595.000000002
Brussels,ssp126,2054,Belgium,9136595.000000002,11.805179154069087,50866289.99785182,11148.775889939188,12434.67430854846,9862.877471329915,335.5027519381239,283.906957934628,387.09854594161976,1228250342.0203414,614125171.0101707,1842375513.030512,9136595.000000002
Brussels,ssp126,2055,Belgium,9136595.000000002,11.945221784093853,54308141.78248411,11903.154363283253,13471.944709396548,10334.364017169955,358.20444190914895,295.25780292014053,421.15108089815726,1311359521.632946,655679760.816473,1967039282.449419,9136595.000000002
Brussels,ssp126,2056,Belgium,9136595.000000002,11.90181422234962,53121251.64460566,11643.014059090714,13114.25179113181,10171.776327049622,350.3759781559771,291.3435710435546,409.4083852683995,1282700104.6034853,641350052.3017427,1924050156.9052281,9136595.000000002
Brussels,ssp126,2057,Belgium,9136595.000000002,12.095508977788151,56787853.2415879,12446.652765278604,14219.255012140156,10674.05051841705,374.5600679746061,303.4356159528691,445.68451999634306,1371236238.568364,685618119.284182,2056854357.8525457,9136595.000000002
Brussels,ssp126,2058,Belgium,9136595.000000002,12.033505045113333,56645453.8257922,12415.441934419272,14176.340119708575,10654.543749129969,373.62083305348517,302.96599849230864,444.27566761466164,1367797770.1610558,683898885.0805279,2051696655.2415838,9136595.000000002
Brussels,ssp126,2059,Belgium,9136595.000000002,12.155720846600348,58271885.00398894,12771.920000873351,14666.497461082934,10877.342540663769,384.3484118909847,308.3297879110584,460.3670358709109,1407070629.474704,703535314.737352,2110605944.2120562,9136595.000000002
Brussels,ssp126,2060,Belgium,9136595.000000002,12.016103011752419,55504106.88693953,12165.283701246084,13832.372549095442,10498.194853396726,366.09276212640435,299.20196302876826,432.9835612240404,1340238068.6756716,670119034.3378358,2010357103.0135074,9136595.000000002
Brussels,ssp126,2061,Belgium,9136595.000000002,12.397800041474046,63306878.08142458,13875.480127434586,16183.892635104634,11567.06761976454,417.5581080088008,324.93463596996645,510.1815800476349,1528648829.2941146,764324414.6470573,2292973243.9411716,9136595.000000002
Brussels,ssp126,2062,Belgium,9136595.000000002,11.935782347713545,53765302.794848844,11784.175955034427,13308.349398054412,10260.00251201444,354.623996505746,293.4675802184391,415.78041279305285,1298251780.292793,649125890.1463965,1947377670.4391894,9136595.000000002
Brussels,ssp126,2063,Belgium,9136595.000000002,12.170524132254036,59111659.994475104,12955.98027276073,14919.58033492808,10992.38021059338,389.8873812227145,311.09927257692334,468.67548986850557,1427348379.6178422,713674189.8089211,2141022569.4267633,9136595.000000002
Brussels,ssp126,2064,Belgium,9136595.000000002,11.844819141646704,52923191.339756764,11599.603581315614,13054.562384191046,10144.644778440183,349.06961637238084,290.69039015175645,407.44884259300505,1277917612.363898,638958806.181949,1916876418.545847,9136595.000000002
Brussels,ssp126,2065,Belgium,9136595.000000002,12.141465439040536,57198335.58680562,12536.621498477009,14342.962020287961,10730.280976666054,377.26751835969225,304.7893411454122,449.7456955739722,1381148010.803538,690574005.401769,2071722016.205307,9136595.000000002
Brussels,ssp126,2066,Belgium,9136595.000000002,12.138970965555265,57564905.06161252,12616.96549295523,14453.435012695518,10780.495973214944,379.6853292041521,305.9982465676421,453.37241184066204,1389999434.4639785,694999717.2319893,2084999151.6959677,9136595.000000002
Brussels,ssp126,2067,Belgium,9136595.000000002,12.153952316969495,57787071.690087095,12665.659548511305,14520.389339085119,10810.929757937489,381.15069094461325,306.73092743787265,455.57045445135367,1395364013.587421,697682006.7937105,2093046020.3811314,9136595.000000002
Brussels,ssp126,2068,Belgium,9136595.000000002,11.986996849947397,55332024.94074418,12127.567110299156,13780.512236543416,10474.621984054897,364.95774782695656,298.63445587904437,431.2810397748687,1336082866.6886795,668041433.3443397,2004124300.033019,9136595.000000002
Brussels,ssp126,2069,Belgium,9136595.000000002,12.226985636923043,59328250.16178388,13003.452090253066,14984.85408398004,11022.05009652609,391.3159618638014,311.8135628974668,470.818360830136,1432578305.9027455,716289152.9513727,2148867458.8541183,9136595.000000002
Brussels,ssp126,2070,Belgium,9136595.000000002,12.186260123606065,59184317.85537777,12971.905283369535,14941.477224515185,11002.333342223883,390.3666163366537,311.3388901338929,469.3943425394144,1429102823.327182,714551411.663591,2143654234.9907732,9136595.000000002
Brussels,ssp126,2071,Belgium,9136595.000000002,12.141714820561202,57045467.0203347,12503.116059250504,14296.892041351519,10709.340077149489,376.2592312458098,304.28519758847096,448.2332649031485,1377456747.511876,688728373.755938,2066185121.2678142,9136595.000000002
Brussels,ssp126,2072,Belgium,9136595.000000002,12.0584154524119,56836854.688855365,12457.392808515307,14234.022571590624,10680.763045439991,374.8832706380574,303.59721728459476,446.16932399151983,1372419459.211511,686209729.6057554,2058629188.8172665,9136595.000000002
Brussels,ssp126,2073,Belgium,9136595.000000002,12.067577051751586,56252852.70657333,12329.392374042533,14058.021974190558,10600.762773894507,371.03132326384844,301.6712435974903,440.3914029302065,1358317769.5756278,679158884.7878139,2037476654.3634417,9136595.000000002
Brussels,ssp126,2074,Belgium,9136595.000000002,12.014314840749268,55491871.6459459,12162.602004589946,13828.685216193251,10496.51879298664,366.0120611941334,299.16161256263274,432.862509825634,1339942628.6320639,669971314.3160319,2009913942.9480958,9136595.000000002
Brussels,ssp126,2075,Belgium,9136595.000000002,12.140923626391732,57375968.90408419,12575.55482829149,14396.495348782873,10754.614307800104,378.4391482699017,305.3751561005169,451.50314043928637,1385437259.787705,692718629.8938525,2078155889.6815574,9136595.000000002
Brussels,ssp126,2076,Belgium,9136595.000000002,12.231635194790288,59500198.996016815,13041.13950597535,15036.674280598185,11045.60473135252,392.4500981863079,312.38063105872004,472.51956531389567,1436730293.6821868,718365146.8410934,2155095440.52328,9136595.000000002
Brussels,ssp126,2077,Belgium,9136595.000000002,12.242083188227726,60138802.60251337,13181.107419728021,15229.130162008107,11133.084677447938,396.6621857473683,314.4866748392502,478.8376966554863,1452150429.4563515,726075214.7281758,2178225644.1845274,9136595.000000002
Brussels,ssp126,2078,Belgium,9136595.000000002,12.032189784333744,55661838.051676095,12199.854915434918,13879.90796860509,10519.801862264749,367.13312185851316,299.72214289482264,434.5441008222035,1344046747.4105103,672023373.7052552,2016070121.1157656,9136595.000000002
Brussels,ssp126,2079,Belgium,9136595.000000002,12.17550491709335,58591077.06344499,12841.879904315774,14762.692328316265,10921.067480315283,386.4537318258344,309.3824478784833,463.52501577318543,1414778047.4171894,707389023.7085947,2122167071.125784,9136595.000000002
Brussels,ssp126,2080,Belgium,9136595.000000002,12.252328430540684,60249224.77167331,13205.309538995953,15262.408076001511,11148.211001990394,397.3905058515022,314.85083489131716,479.93017681168715,1454816754.5813618,727408377.2906809,2182225131.8720427,9136595.000000002
Brussels,ssp126,2081,Belgium,9136595.000000002,11.984819789568457,55389112.06384401,12140.079356458024,13797.71657501186,10482.442137904189,365.3342818124514,298.82272287179177,431.8458407531109,1337461329.290833,668730664.6454165,2006191993.9362495,9136595.000000002
Brussels,ssp126,2082,Belgium,9136595.000000002,12.235164113199124,60436483.73923945,13246.35260038031,15318.842285405004,11173.86291535562,398.62562441324906,315.4683941721906,481.78285465430736,1459338430.743889,729669215.3719445,2189007646.1158338,9136595.000000002
Brussels,ssp126,2083,Belgium,9136595.000000002,11.962389361311036,54638914.23648665,11975.652435393398,13571.629558548,10379.675312238798,360.38614355453905,296.3486537428356,424.42363336624237,1319346567.2731278,659673283.6365639,1979019850.9096918,9136595.000000002
Brussels,ssp126,2084,Belgium,9136595.000000002,12.060780395411753,56661113.52683141,12418.874197660743,14181.059481665598,10656.688913655888,373.7241209636789,303.01764244740554,444.4305994799522,1368175899.432095,684087949.7160475,2052263849.1481426,9136595.000000002
Brussels,ssp126,2085,Belgium,9136595.000000002,12.229296285635844,59142552.24134278,12962.751176183783,14928.890327134779,10996.61202523279,390.0911396221986,311.20115177666537,468.9811274677317,1428094323.793889,714047161.8969445,2142141485.6908336,9136595.000000002
Brussels,ssp126,2086,Belgium,9136595.000000002,12.230713568364155,60110128.808137976,13174.82275246766,15220.48874452511,11129.156760410213,396.4730597678274,314.39211184947976,478.554007686175,1451458053.4692273,725729026.7346137,2177187080.203841,9136595.000000002
Brussels,ssp126,2087,Belgium,9136595.000000002,12.042161606313737,55790208.11492065,12227.9908197077,13918.594836980164,10537.386802435236,367.9798222859838,300.14549310855796,435.81415146340953,1347146453.9959915,673573226.9979957,2020719680.993987,9136595.000000002
Brussels,ssp126,2088,Belgium,9136595.000000002,12.032227643032426,55427008.90113259,12148.385512576071,13809.137539674173,10487.633485477967,365.5842409347033,298.9477024329177,432.2207794364888,1338376410.8382225,669188205.4191113,2007564616.2573338,9136595.000000002
Brussels,ssp126,2089,Belgium,9136595.000000002,12.028763094230897,56035656.004306816,12281.78761738138,13992.565433781474,10571.009800981286,369.59874205288554,300.9549529920088,438.2425311137621,1353073197.5052876,676536598.7526438,2029609796.2579315,9136595.000000002
Brussels,ssp126,2090,Belgium,9136595.000000002,12.062441095997483,56997461.23138942,12492.594242495376,14282.424543313216,10702.763941677533,375.94259572352615,304.12687982732916,447.758311619723,1376297568.6786354,688148784.3393177,2064446353.017953,9136595.000000002
Brussels,ssp126,2091,Belgium,9136595.000000002,11.971437758028488,54374318.33663043,11917.658813507102,13491.88832845434,10343.429298559862,358.6409277631558,295.47604584714395,421.80580967916757,1312957463.516802,656478731.758401,1969436195.2752032,9136595.000000002
Brussels,ssp126,2092,Belgium,9136595.000000002,12.04429248523332,56152360.83246192,12307.366757798938,14027.736751855617,10586.99676374226,370.36850118043674,301.3398325557844,439.3971698050888,1355891227.7784412,677945613.8892206,2033836841.6676617,9136595.000000002
Brussels,ssp126,2093,Belgium,9136595.000000002,12.231426650432242,59861051.00989175,13120.230358331502,15145.424202587892,11095.036514075113,394.8301979282507,313.57068092969143,476.08971492680996,1445443659.8325272,722721829.9162636,2168165489.7487907,9136595.000000002
Brussels,ssp126,2094,Belgium,9136595.000000002,12.182531849438046,59146641.0628611,12963.647356242593,14930.122574715642,10997.172137769545,390.11810858084755,311.21463625598983,469.0215809057052,1428193055.1231947,714096527.5615973,2142289582.684792,9136595.000000002
Brussels,ssp126,2095,Belgium,9136595.000000002,11.96162403630004,53989204.28917823,11833.250255161416,13375.826560729023,10290.673949593809,356.10080103608925,294.2059824836107,417.99561958856776,1303658250.6093931,651829125.3046966,1955487375.9140897,9136595.000000002
Brussels,ssp126,2096,Belgium,9136595.000000002,12.159576352558313,59433751.90999814,13026.575761094546,15016.649131387077,11036.502390802016,392.0118279641533,312.1614959476427,471.86215998066376,1435125819.3607426,717562909.6803713,2152688729.041114,9136595.000000002
Brussels,ssp126,2097,Belgium,9136595.000000002,12.019343725420653,55469844.857813075,12157.774215410149,13822.04700607103,10493.501424749267,365.8667773915358,299.088970661334,432.6445841217376,1339410755.5574028,669705377.7787014,2009116133.3361044,9136595.000000002
Brussels,ssp126,2098,Belgium,9136595.000000002,11.943869362233968,54378862.25755624,11918.654741381253,13493.2577292813,10344.051753481208,358.67089845642374,295.4910311937779,421.85076571906944,1313067183.9707901,656533591.9853951,1969600775.9561853,9136595.000000002
Bucharest,ssp126,2024,Romania,14998803.500000002,12.564170864559202,48532468.21903734,10637.253308282521,13742.58622108952,7531.920395475523,489.6268277248469,299.0445086414919,680.2091468082026,409901328.322203,204950664.1611015,614851992.4833045,14998803.500000002
Bucharest,ssp126,2025,Romania,14998803.500000002,13.084043368589123,57351666.18020292,12570.228203880457,16400.42670253668,8740.029705224233,578.600582393866,343.5313859760015,813.6697788117311,484387565.9209758,242193782.9604879,726581348.8814638,14998803.500000002
Bucharest,ssp126,2026,Romania,14998803.500000002,12.746755357422813,51450825.682134524,11276.893300194233,14622.091209968125,7931.695390420344,519.0690992444888,313.7656444013129,724.3725540876655,434549541.0453562,217274770.5226781,651824311.5680343,14998803.500000002
Bucharest,ssp126,2027,Romania,14998803.500000002,12.58882253039509,46675114.34635586,10230.162048516719,13182.835738911539,7277.488358121896,470.8886444422851,289.67541700021104,652.10187188436,394214266.70109516,197107133.35054758,591321400.0516428,14998803.500000002
Bucharest,ssp126,2028,Romania,14998803.500000002,12.933553905783636,57353808.82660978,12570.697825010728,16401.0724315908,8740.323218430653,578.6221987921583,343.54219417514764,813.7022034091696,484405662.54042506,242202831.27021253,726608493.8106376,14998803.500000002
Bucharest,ssp126,2029,Romania,14998803.500000002,12.628463176501956,48280682.171581335,10582.067325278465,13666.705494458944,7497.429156097988,487.0866477545051,297.774418656321,676.3988768526898,407774763.5895087,203887381.79475436,611662145.384263,14998803.500000002
Bucharest,ssp126,2030,Romania,14998803.500000002,12.846410984318783,56482449.19058209,12379.71489108685,16138.470897445472,8620.958884728228,569.8313610282482,339.1467752931926,800.5159467633043,477046229.0444384,238523114.5222192,715569343.5666577,14998803.500000002
Bucharest,ssp126,2031,Romania,14998803.500000002,12.605515467699773,47719247.4549642,10459.013140814435,13497.5059908209,7420.520290807969,481.42253238268484,294.9423609704109,667.9027037949592,403032931.068877,201516465.5344385,604549396.6033155,14998803.500000002
Bucharest,ssp126,2032,Romania,14998803.500000002,12.739343776691173,52202627.76990711,11441.671839980005,14848.66170217356,8034.681977786451,526.6537633842078,317.55797647117237,735.7495502972439,440899201.0919576,220449600.5459788,661348801.6379365,14998803.500000002
Bucharest,ssp126,2033,Romania,14998803.500000002,12.601689007025271,50073831.77507282,10975.086416454682,14207.10674482624,7743.066088083124,505.17709697771477,306.81964326792587,703.5345506875044,422919561.11009413,211459780.55504707,634379341.6651412,14998803.500000002
Bucharest,ssp126,2034,Romania,14998803.500000002,12.663038192267258,49933455.72826438,10944.319063729543,14164.801634829175,7723.836492629912,503.7608929186678,306.1115412384024,701.4102445989338,421733956.2941241,210866978.14706206,632600934.4411862,14998803.500000002
Bucharest,ssp126,2035,Romania,14998803.500000002,12.999590176953303,56534291.42148462,12391.07757183261,16154.094583470891,8628.060560194328,570.3543788756904,339.40828421691367,801.3004735344678,477484084.36253655,238742042.18126827,716226126.5438049,14998803.500000002
Bucharest,ssp126,2036,Romania,14998803.500000002,12.98587492780777,58709806.38197104,12867.902768651551,16809.729229096934,8926.076308206168,592.3023763268689,350.3822829425029,834.2224697112354,495858308.9757076,247929154.4878538,743787463.4635614,14998803.500000002
Bucharest,ssp126,2037,Romania,14998803.500000002,12.690613080628944,52792805.62213875,11571.025889784201,15026.52352065433,8115.528258914073,532.6078580384803,320.53502379830866,744.6806922786527,445883795.8272651,222941897.91363254,668825693.7408977,14998803.500000002
Bucharest,ssp126,2038,Romania,14998803.500000002,12.917188301874278,56357799.44560397,12352.39439903685,16100.905220876723,8603.883577196979,568.5738140406337,338.51800179938533,798.6296262818827,475993447.3105494,237996723.6552747,713990170.9658241,14998803.500000002
Bucharest,ssp126,2039,Romania,14998803.500000002,12.917959228862134,57363012.12003806,12572.714985214187,16403.84602687056,8741.583943557813,578.7150475495216,343.5886185538293,813.8414765452144,484483392.8174876,242241696.4087438,726725089.2262313,14998803.500000002
Bucharest,ssp126,2040,Romania,14998803.500000002,12.910273093876187,57348352.02815199,12569.501814389841,16399.427916987086,8739.575711792599,578.5671470913801,343.51466832475853,813.6196258580025,484359574.858955,242179787.4294775,726539362.2884326,14998803.500000002
Bucharest,ssp126,2041,Romania,14998803.500000002,12.815281154619157,56359813.37922131,12352.83580914476,16101.512159775099,8604.159458514423,568.5941319013255,338.5281607297312,798.6601030729204,476010456.832117,238005228.4160585,714015685.2481755,14998803.500000002
Bucharest,ssp126,2042,Romania,14998803.500000002,13.008355797268708,57445386.146475606,12590.769566351182,16428.67107593393,8752.868056768437,579.5460898338229,344.0041396959799,815.0880399716667,485179117.22828007,242589558.61414003,727768675.8424201,14998803.500000002
Bucharest,ssp126,2043,Romania,14998803.500000002,12.844824516608004,55493621.416226424,12162.985515885608,15840.468006543762,8485.503025227452,559.8554289545104,334.1588092563237,785.5520486526981,468694669.08748436,234347334.54374218,703042003.6312265,14998803.500000002
Bucharest,ssp126,2044,Romania,14998803.500000002,12.622564378607215,52391078.668240875,11482.976146464118,14905.455123589214,8060.497169339021,528.5549775387528,318.5085835484449,738.6013715290616,442490842.2424117,221245421.12120584,663736263.3636175,14998803.500000002
Bucharest,ssp126,2045,Romania,14998803.500000002,12.916447692631909,54836120.07208489,12018.875632238149,15642.316916528507,8395.43434794779,553.2221315111601,330.84216053464854,775.6021024876727,463141465.5471064,231570732.7735532,694712198.3206596,14998803.500000002
Bucharest,ssp126,2046,Romania,14998803.500000002,13.064168297267381,56532857.656661056,12390.763322008268,16153.66248996242,8627.864154054114,570.3399141318187,339.4010518449778,801.2787764186598,477471974.9000006,238735987.4500003,716207962.3500009,14998803.500000002
Bucharest,ssp126,2047,Romania,14998803.500000002,12.98647991280348,57894903.03320744,12689.293815497886,16564.141918510642,8814.445712485125,584.0811059856062,346.2716477718716,821.8905641993414,488975700.74723566,244487850.37361783,733463551.1208534,14998803.500000002
Bucharest,ssp126,2048,Romania,14998803.500000002,13.046828830384367,57439207.03065318,12589.415239595583,16426.80887664498,8752.021602546185,579.4837509298004,343.9729702439687,814.9945316156328,485126928.9123668,242563464.4561834,727690393.3685502,14998803.500000002
Bucharest,ssp126,2049,Romania,14998803.500000002,13.054876315982444,55883564.57021178,12248.452508539933,15957.98512144346,8538.919895636405,563.7894268838384,336.12580822098766,791.4530455466895,471988097.6447825,235994048.82239124,707982146.4671737,14998803.500000002
Bucharest,ssp126,2050,Romania,14998803.500000002,12.744830160825192,53776131.31944851,11786.549330290449,15322.868251350419,8250.230409230477,542.5282816118521,325.49523558499453,759.5613276387103,454188885.6834308,227094442.8417154,681283328.5251462,14998803.500000002
Bucharest,ssp126,2051,Romania,14998803.500000002,12.9332406755038,58880196.478116885,12905.24854314927,16861.0796690313,8949.417417267243,594.0213814653482,351.2417855117426,836.8009774189546,497297410.04157364,248648705.02078682,745946115.0623605,14998803.500000002
Bucharest,ssp126,2052,Romania,14998803.500000002,13.157865399482583,59776609.117460184,13101.722546293007,17131.231423353936,9072.213669232078,603.064970078093,355.763579818115,850.3663603380716,504868439.19124055,252434219.59562027,757302658.7868608,14998803.500000002
Bucharest,ssp126,2053,Romania,14998803.500000002,13.130450790161817,58442701.17968252,12809.359162670506,16729.231770872997,8889.486554468014,589.6076468464913,349.03491820231415,830.1803754906693,493602359.8917728,246801179.9458864,740403539.8376592,14998803.500000002
Bucharest,ssp126,2054,Romania,14998803.500000002,13.026845276889873,58927696.26685367,12915.659455749113,16875.394673856084,8955.924237642143,594.5005899566993,351.4813897574181,837.5197901559811,497698589.44193625,248849294.72096813,746547884.1629044,14998803.500000002
Bucharest,ssp126,2055,Romania,14998803.500000002,12.955605299490255,56149305.730406694,12306.697146390874,16038.071498488503,8575.322794293243,566.470395028193,337.466292293165,795.4744977632218,474232526.1387582,237116263.0693791,711348789.2081373,14998803.500000002
Bucharest,ssp126,2056,Romania,14998803.500000002,12.83142248511225,51661781.64764527,11323.130224141794,14685.66698039602,7960.593467887568,521.1973590254768,314.82977429180687,727.5649437591475,436331258.18552065,218165629.09276032,654496887.278281,14998803.500000002
Bucharest,ssp126,2057,Romania,14998803.500000002,13.137375508402728,60220880.77574755,13199.097156328595,17265.121512152873,9133.07280050432,607.5470689837891,358.00462927096305,857.0895086966162,508620721.93206483,254310360.96603242,762931082.8980973,14998803.500000002
Bucharest,ssp126,2058,Romania,14998803.500000002,13.195033313894607,60892787.51881278,13346.364387685357,17467.613955268418,9225.114820102295,614.3256973784787,361.39394346830784,867.2574512886504,514295592.31467265,257147796.15733632,771443388.472009,14998803.500000002
Bucharest,ssp126,2059,Romania,14998803.500000002,13.215130454220217,63154627.73806526,13842.110189165352,18149.26443230341,9534.955946027294,637.1445996930033,372.80339462557015,901.4858047604372,533398913.12950945,266699456.56475472,800098369.6942642,14998803.500000002
Bucharest,ssp126,2060,Romania,14998803.500000002,13.186964131294962,61857586.034271866,13557.827076005156,17758.375151708144,9357.279000302171,624.0592067970775,366.26069817760725,881.857715416548,522444203.08107966,261222101.54053983,783666304.6216195,14998803.500000002
Bucharest,ssp126,2061,Romania,14998803.500000002,13.357174440401177,66240821.3464775,14518.53618552968,19079.350177304364,9957.722193754998,668.2801104486406,388.3711500033888,948.1890708938929,559464656.454952,279732328.227476,839196984.682428,14998803.500000002
Bucharest,ssp126,2062,Romania,14998803.500000002,13.247399711484,64206105.25070664,14072.571013853874,18466.14806625013,9678.99396145762,647.7525827161422,378.1073861371396,917.3977792951453,542279607.7438326,271139803.8719163,813419411.6157489,14998803.500000002
Bucharest,ssp126,2063,Romania,14998803.500000002,13.383726268213325,65639699.32090002,14386.783412800369,18898.19011480156,9875.376710799177,662.2156039180709,385.3388967381039,939.0923110980386,554387628.1106305,277193814.05531526,831581442.1659458,14998803.500000002
Bucharest,ssp126,2064,Romania,14998803.500000002,13.125829521011203,61825592.089870125,13550.814704629433,17748.73314106652,9352.896268192344,623.73643125982,366.0993104089785,881.3735521106621,522173984.79650056,261086992.39825028,783260977.1947508,14998803.500000002
Bucharest,ssp126,2065,Romania,14998803.500000002,12.746583037365784,52597467.496100314,11528.212053940159,14967.654496368772,8088.769611511547,530.6371610907329,319.54967532443493,741.7246468570314,444233985.7048177,222116992.85240886,666350978.5572265,14998803.500000002
Bucharest,ssp126,2066,Romania,14998803.500000002,13.084952736018586,58700416.1678023,12865.844639518675,16806.899301539233,8924.78997749812,592.2076417925701,350.33491567535356,834.0803679097872,495778999.9810851,247889499.99054256,743668499.9716277,14998803.500000002
Bucharest,ssp126,2067,Romania,14998803.500000002,13.132975439868376,60053302.41933939,13162.367653554204,17214.61844583808,9110.116861270324,605.8564304884802,357.1593100233086,854.5535509536525,507205368.5941769,253602684.29708844,760808052.8912654,14998803.500000002
Bucharest,ssp126,2068,Romania,14998803.500000002,13.15876168215198,60292093.48913836,13214.705422277264,17286.58287783229,9142.827966722238,608.2655087465034,358.3638491523202,858.1671683406873,509222178.7893706,254611089.3946853,763833268.1840559,14998803.500000002
Bucharest,ssp126,2069,Romania,14998803.500000002,13.440509303946781,66198890.68876862,14509.345904388007,19066.713540734563,9951.978268041452,667.8570869414547,388.1596382497958,947.554535633114,559110513.4879237,279555256.7439619,838665770.2318857,14998803.500000002
Bucharest,ssp126,2070,Romania,14998803.500000002,13.088817181967373,58482643.38392506,12818.113618394897,16741.269147494037,8894.958089295758,590.0106095531756,349.2363995556563,830.7848195506956,493939708.54054207,246969854.27027103,740909562.8108131,14998803.500000002
Bucharest,ssp126,2071,Romania,14998803.500000002,13.3424295618136,65025908.343110755,14252.253883421901,18713.212011906166,9791.295754937635,656.0232848300593,382.24273719409814,929.8038324660214,549203598.813532,274601799.406766,823805398.220298,14998803.500000002
Bucharest,ssp126,2072,Romania,14998803.500000002,13.002025555874827,58417628.81915585,12803.863850774249,16721.675717015645,8886.051984532853,589.3547007096321,348.9084451338845,829.8009562853804,493390600.7486426,246695300.3743213,740085901.1229639,14998803.500000002
Bucharest,ssp126,2073,Romania,14998803.500000002,13.187938981811566,63541284.328384034,13926.856839098235,18265.791075961126,9587.922602235343,641.0454406492522,374.7538151036946,907.3370661948104,536664583.63406503,268332291.81703252,804996875.4510975,14998803.500000002
Bucharest,ssp126,2074,Romania,14998803.500000002,13.159427314743048,62599061.320396796,13720.34220721062,17981.83345711566,9458.850957305585,631.539687504203,370.00093853117,893.0784364772367,528706643.790441,264353321.8952205,793059965.6856614,14998803.500000002
Bucharest,ssp126,2075,Romania,14998803.500000002,13.232929636192054,63792584.90202513,13981.936416882585,18341.525495414608,9622.347338350562,643.5807228467698,376.0214562024534,911.139989491087,538787048.0939132,269393524.0469566,808180572.1408699,14998803.500000002
Bucharest,ssp126,2076,Romania,14998803.500000002,13.150284919602843,63037299.3625356,13816.394380830085,18113.90519584242,9518.883565817752,635.9609154003887,372.2115524792628,899.7102783215151,532407967.0939104,266203983.5469552,798611950.6408656,14998803.500000002
Bucharest,ssp126,2077,Romania,14998803.500000002,13.482252354399547,66490258.849433646,14573.207419054314,19154.523123400733,9991.891714707894,670.7965967879879,389.62939317306245,951.9638004029141,561571385.5694417,280785692.78472084,842357078.3541625,14998803.500000002
Bucharest,ssp126,2078,Romania,14998803.500000002,13.226903601644285,61175764.74084024,13408.386792513294,17552.894761906835,9263.878823119758,617.1805540264936,362.8213717923153,871.5397362606725,516685595.20244014,258342797.60122007,775028392.8036602,14998803.500000002
Bucharest,ssp126,2079,Romania,14998803.500000002,13.13562387404369,61000626.49128039,13370.000326856341,17500.11337162852,9239.88728208416,615.413646455293,361.937918006715,868.8893749038716,515206391.6142236,257603195.8071118,772809587.4213355,14998803.500000002
Bucharest,ssp126,2080,Romania,14998803.500000002,13.277155702214591,61820144.34632964,13549.620678647956,17747.09135534199,9352.15000195392,623.6814709108853,366.07183023451114,881.2911115872599,522127973.5921348,261063986.7960674,783191960.3882022,14998803.500000002
Bucharest,ssp126,2081,Romania,14998803.500000002,13.213069529380538,64532156.130870685,14144.034220465172,18564.409975340663,9723.65846558968,651.0419941965371,379.752091877337,922.3318965157376,545033407.2884318,272516703.6442159,817550110.9326477,14998803.500000002
Bucharest,ssp126,2082,Romania,14998803.500000002,13.005178335502556,58843219.077476114,12897.143907392388,16849.93579486559,8944.352019919192,593.6483296087738,351.0552595834554,836.241399634093,496985101.885884,248492550.942942,745477652.828826,14998803.500000002
Bucharest,ssp126,2083,Romania,14998803.500000002,13.12663526677326,59862199.42607535,13120.482065989481,17157.025762936588,9083.938369042375,603.9284602905027,356.19532492431983,851.6615956566864,505591328.06296504,252795664.03148252,758386992.0944476,14998803.500000002
Bucharest,ssp126,2084,Romania,14998803.500000002,13.327783782511851,64708655.3010905,14182.718970102393,18617.601506091843,9747.836434112942,652.8226316127253,380.64241058543115,925.00285264002,546524105.1032296,273262052.5516148,819786157.6548445,14998803.500000002
Bucharest,ssp126,2085,Romania,14998803.500000002,13.26288845400777,60901614.97211678,13348.299171971166,17470.274283661405,9226.324060280927,614.4147544183686,361.4384719882528,867.3910368484849,514370148.276234,257185074.138117,771555222.414351,14998803.500000002
Bucharest,ssp126,2086,Romania,14998803.500000002,13.289556898263847,64448869.72263665,14125.779665235794,18539.309961900268,9712.24936857132,650.2017472164703,379.3319683873036,921.0715260456376,544329976.9742709,272164988.48713547,816494965.4614065,14998803.500000002
Bucharest,ssp126,2087,Romania,14998803.500000002,13.141103646893864,61795083.19733716,13544.127824074261,17739.538680303165,9348.716967845361,623.4286378832109,365.9454137206739,880.9118620457485,521916309.1407218,260958154.5703609,782874463.7110827,14998803.500000002
Bucharest,ssp126,2088,Romania,14998803.500000002,13.125505617069512,63309743.56373678,13876.108178353632,18196.0116674373,9556.204689269967,638.7095081437891,373.58584885096303,903.8331674366157,534709008.93381906,267354504.46690953,802063513.4007286,14998803.500000002
Bucharest,ssp126,2089,Romania,14998803.500000002,12.9164213814571,58533937.762641236,12829.356221949129,16756.727727381105,8901.984716517152,590.5281003145678,349.4951449363524,831.5610556927842,494372936.74307925,247186468.37153962,741559405.1146189,14998803.500000002
Bucharest,ssp126,2090,Romania,14998803.500000002,13.315289792052473,60814522.98876553,13329.21051808596,17444.02738456925,9214.393651602673,613.5361143431085,360.9991519506227,866.0730767355946,513634576.380307,256817288.1901535,770451864.5704606,14998803.500000002
Bucharest,ssp126,2091,Romania,14998803.500000002,12.969278279058459,57525861.25434513,12608.4079461582,16452.923848168575,8763.892044147822,580.3579746033988,344.4100820807679,816.3058671260305,485858803.5253732,242929401.7626866,728788205.2880598,14998803.500000002
Bucharest,ssp126,2092,Romania,14998803.500000002,13.070905936700532,57508125.414502725,12604.520638795482,16447.57880054484,8761.462477046123,580.1790440169743,344.32061678755565,816.0374712463935,485709008.04665375,242854504.02332687,728563512.0699806,14998803.500000002
Bucharest,ssp126,2093,Romania,14998803.500000002,13.286460761697553,64447696.109640636,14125.522434990093,18538.956270312432,9712.088599667757,650.1899070519516,379.3260483050443,921.0537657988597,544320064.7331743,272160032.36658716,816480097.0997615,14998803.500000002
Bucharest,ssp126,2094,Romania,14998803.500000002,13.226624299305582,60526995.33683392,13266.190758758483,17357.375215493965,9175.006302023,610.63535002461,359.5487697913735,861.7219302578471,511206140.92707163,255603070.46353582,766809211.3906075,14998803.500000002
Bucharest,ssp126,2095,Romania,14998803.500000002,13.371061639822994,62383759.551973976,13673.152778515208,17916.947992659465,9429.357564370954,629.3675844617484,368.9148870099427,889.8202819135546,526888222.34794754,263444111.17397377,790332333.5219213,14998803.500000002
Bucharest,ssp126,2096,Romania,14998803.500000002,13.306695548194085,64703308.41996165,14181.547050950863,18615.99011725849,9747.103984643238,652.7686888288239,380.6154391934804,924.9219384641681,546478945.774691,273239472.8873455,819718418.6620364,14998803.500000002
Bucharest,ssp126,2097,Romania,14998803.500000002,12.978072665378667,57183318.04392396,12533.329982230272,16349.691647767679,8716.968316692868,576.9021778629522,342.68218371054456,811.1221720153604,482965711.08412975,241482855.54206488,724448566.6261946,14998803.500000002
Bucharest,ssp126,2098,Romania,14998803.500000002,12.895353873316202,52737988.941284224,11559.011274802386,15010.003425054334,8108.019124550439,532.054832022328,320.2585107902325,743.8511532544243,445420818.543788,222710409.271894,668131227.815682,14998803.500000002
Budapest,ssp126,2024,Hungary,7786130.999999999,11.574805980475887,32998581.794926114,7232.565872862506,9013.020770381929,5452.110975343083,209.37453194418492,140.65168081612916,278.09738307224086,329636429.88682973,164818214.94341487,494454644.8302446,7786130.999999999
Budapest,ssp126,2025,Hungary,7786130.999999999,12.01656644463098,39188102.45872374,8589.173141640069,10878.355764951077,6299.990518329059,248.6467649145325,160.28779730130293,337.0057325277621,391466102.0528675,195733051.02643374,587199153.0793012,7786130.999999999
Budapest,ssp126,2026,Hungary,7786130.999999999,11.703657081359129,34358427.44757627,7530.614235087196,9422.837268440879,5638.391201733514,218.00269205146938,144.96576086977137,291.0396232331674,343220488.4055363,171610244.20276815,514830732.60830444,7786130.999999999
Budapest,ssp126,2027,Hungary,7786130.999999999,11.597368743975487,33227667.754061464,7282.776494042856,9082.06037450491,5483.492613580802,210.8280721528833,141.37845092047834,280.2776933852881,331924863.9224454,165962431.9612227,497887295.8836681,7786130.999999999
Budapest,ssp126,2028,Hungary,7786130.999999999,11.876484526736682,37618169.39701792,8245.078224005916,10405.225253204117,6084.931194807714,238.6856095527322,155.30721962040275,322.0639994850616,375783393.8432244,187891696.9216122,563675090.7648365,7786130.999999999
Budapest,ssp126,2029,Hungary,7786130.999999999,11.594226364360022,32634094.755074047,7152.678302483971,8903.175361111444,5402.1812438564975,207.0618779082325,139.49535379815293,274.62840201831204,325995418.66690826,162997709.33345413,488993128.0003624,7786130.999999999
Budapest,ssp126,2030,Hungary,7786130.999999999,11.768235478868725,35091550.43349388,7691.298725151332,9643.778442279065,5738.8190080236,222.65432474853324,147.2915772183033,298.01707227876324,350543955.97901094,175271977.98950547,525815933.9685164,7786130.999999999
Budapest,ssp126,2031,Hungary,7786130.999999999,11.471538472024093,30810087.411382202,6752.895870989868,8353.474517807052,5152.317224172684,195.48863254206555,133.70873111506944,257.26853396906154,307774657.7688073,153887328.88440365,461661986.65321094,7786130.999999999
Budapest,ssp126,2032,Hungary,7786130.999999999,11.594425810998775,33015262.048761755,7236.221818908673,9018.047696195408,5454.395941621938,209.4803674119409,140.70459855000712,278.25613627387463,329803055.81512433,164901527.90756217,494704583.7226865,7786130.999999999
Budapest,ssp126,2033,Hungary,7786130.999999999,11.777644710385578,36308781.83194303,7958.089168647035,10010.615302085656,5905.563035208414,230.37760376403403,151.1532167260537,309.6019908020143,362703381.9514482,181351690.9757241,544055072.9271723,7786130.999999999
Budapest,ssp126,2034,Hungary,7786130.999999999,11.67160286899401,34521810.48253158,7566.424215351375,9472.075991304124,5660.772439398626,219.0393501322311,145.48408991015222,292.5946103543099,344852588.86007804,172426294.43003902,517278883.290117,7786130.999999999
Budapest,ssp126,2035,Hungary,7786130.999999999,11.9272457490874,38687572.37477202,8479.467917760237,10727.51108211631,6231.424753404166,245.47092382225009,158.6998767551617,332.24197088933846,386466100.81190115,193233050.40595058,579699151.2178518,7786130.999999999
Budapest,ssp126,2036,Hungary,7786130.999999999,11.953649765906503,39203348.31738955,8592.514699703806,10882.950407288718,6302.078992118895,248.74349920881457,160.33616444844395,337.15083396918516,391618399.21679974,195809199.60839987,587427598.8251996,7786130.999999999
Budapest,ssp126,2037,Hungary,7786130.999999999,11.766212397186605,36310555.19825539,7958.477851674403,10011.149741248286,5905.805962100518,230.38885569431164,151.1588426911925,309.6188686974308,362721096.8382189,181360548.41910946,544081645.2573284,7786130.999999999
Budapest,ssp126,2038,Hungary,7786130.999999999,11.92503274894423,37819180.884426385,8289.135536314621,10465.804057628586,6112.467015000654,239.96101848857984,155.94492408832662,323.97711288883306,377791380.4132939,188895690.20664695,566687070.6199409,7786130.999999999
Budapest,ssp126,2039,Hungary,7786130.999999999,11.856557401082574,36705456.45658541,8045.031552130296,10130.16107937514,5959.902024885452,232.894486592053,152.41165814006314,313.3773150440428,366665928.2180239,183332964.10901195,549998892.3270359,7786130.999999999
Budapest,ssp126,2040,Hungary,7786130.999999999,11.833272550336181,37617347.64475615,8244.898113921145,10404.977601837556,6084.818626004731,238.68039557122677,155.30461262965005,322.0561785128035,375775185.0212967,187887592.51064834,563662777.531945,7786130.999999999
Budapest,ssp126,2041,Hungary,7786130.999999999,11.723020832022419,34841952.11795357,7636.592245032908,9568.55703211623,5704.627457949584,221.0706345519339,146.4997321200036,295.6415369838641,348050615.56360245,174025307.78180122,522075923.3454037,7786130.999999999
Budapest,ssp126,2042,Hungary,7786130.999999999,11.992833901402326,39304860.74065857,8614.76399795455,10913.54319238349,6315.98480352561,249.38759101374595,160.65821035090963,338.11697167658224,392632448.6387872,196316224.3193936,588948672.9581808,7786130.999999999
Budapest,ssp126,2043,Hungary,7786130.999999999,11.899584863285908,38006613.575169206,8330.216674011675,10522.290621962038,6138.1427260613145,241.15027056429625,156.5395501261848,325.76099100240765,379663722.7886266,189831861.3943133,569495584.1829399,7786130.999999999
Budapest,ssp126,2044,Hungary,7786130.999999999,11.622514125532353,34269284.255410925,7511.076001187944,9395.972196829405,5626.179805546481,217.43708246704483,144.68295607755908,290.19120885653047,342330000.3295121,171165000.16475606,513495000.4942682,7786130.999999999
Budapest,ssp126,2045,Hungary,7786130.999999999,12.011360271588652,39950271.185152344,8756.223821405241,11108.05044962819,6404.3971931822925,253.4826915416281,162.70576061485073,344.25962246840544,399079719.49596256,199539859.74798128,598619579.2439438,7786130.999999999
Budapest,ssp126,2046,Hungary,7786130.999999999,12.222117614390207,43716916.4472328,9581.789906244794,12243.203816282574,6920.375996207013,277.3818879873702,174.65535883772174,380.10841713701865,436706290.9819203,218353145.49096015,655059436.4728805,7786130.999999999
Budapest,ssp126,2047,Hungary,7786130.999999999,11.926408277786528,38727805.32536466,8488.28609871205,10739.636080925051,6236.936116499048,245.7262001020435,158.8275148950584,332.62488530902857,386868004.33247024,193434002.16623512,580302006.4987054,7786130.999999999
Budapest,ssp126,2048,Hungary,7786130.999999999,11.984888610422214,39833645.94366713,8730.66212464136,11072.903116577852,6388.421132704866,252.74270957814275,162.33576963310804,343.14964952317735,397914701.9059104,198957350.9529552,596872052.8588655,7786130.999999999
Budapest,ssp126,2049,Hungary,7786130.999999999,12.138579558432552,41594216.49428998,9116.540601490204,11603.486022245012,6629.595180735393,263.91345131735386,167.92114050271357,359.9057621319941,415501766.5403149,207750883.27015746,623252649.8104724,7786130.999999999
Budapest,ssp126,2050,Hungary,7786130.999999999,11.867473896536808,37446028.34863578,8207.348679155035,10353.347129034159,6061.350229275914,237.59338226680285,154.7611059774381,320.4256585561676,374063805.98401594,187031902.99200797,561095708.9760239,7786130.999999999
Budapest,ssp126,2051,Hungary,7786130.999999999,12.060129478105862,41199869.99307275,9030.10849163437,11484.641871193242,6575.575112075498,261.4113403287877,166.6700850084305,356.1525956491449,411562476.8578848,205781238.4289424,617343715.2868272,7786130.999999999
Budapest,ssp126,2052,Hungary,7786130.999999999,12.141472902061375,42521572.467206046,9319.796705143039,11882.963164767662,6756.630245518416,269.7974836670346,170.86315667755395,368.7318106565152,424765507.4503318,212382753.7251659,637148261.1754978,7786130.999999999
Budapest,ssp126,2053,Hungary,7786130.999999999,12.26646560706874,44384868.167838834,9728.190283363923,12444.504334821379,7011.876231906469,281.6200119083411,176.7744207982072,386.465603018475,443378735.9338161,221689367.96690804,665068103.9007242,7786130.999999999
Budapest,ssp126,2054,Hungary,7786130.999999999,11.96350082726831,38631364.61589028,8467.14840896424,10710.571757521815,6223.725060406667,245.11428809527763,158.52155889167548,331.7070172988797,385904618.34926516,192952309.17463258,578856927.5238978,7786130.999999999
Budapest,ssp126,2055,Hungary,7786130.999999999,11.901124646592088,38243307.919165894,8382.094886394512,10593.623163988439,6170.566608800587,242.65208563611128,157.2904576620923,328.01371361013025,382028160.1154893,191014080.05774465,573042240.173234,7786130.999999999
Budapest,ssp126,2056,Hungary,7786130.999999999,11.886958338098058,38140104.60549015,8359.474982027226,10562.520795483419,6156.429168571032,241.99726520685059,156.96304744746195,327.0314829662392,380997219.692535,190498609.8462675,571495829.5388025,7786130.999999999
Budapest,ssp126,2057,Hungary,7786130.999999999,12.259891862336316,44065974.4506257,9658.29577000214,12348.399378948927,6968.1921610553545,279.5966454740992,175.7627375810863,383.43055336711217,440193175.1994571,220096587.59972855,660289762.7991856,7786130.999999999
Budapest,ssp126,2058,Hungary,7786130.999999999,12.096331587450267,41476392.93919049,9090.716260646479,11567.977553584893,6613.454967708066,263.165866107351,167.5473478977122,358.7843843169898,414324778.501831,207162389.2509155,621487167.7527465,7786130.999999999
Budapest,ssp126,2059,Hungary,7786130.999999999,12.270323530454649,44446506.1851783,9741.699985794492,12463.08017566341,7020.319795925574,282.01110238339913,176.9699660357362,387.05223873106206,443994463.4856046,221997231.7428023,665991695.2284069,7786130.999999999
Budapest,ssp126,2060,Hungary,7786130.999999999,12.227219847893457,44002649.445607245,9644.416316847412,12329.315130861174,6959.517502833649,279.1948511373457,175.56184041270956,382.8278618619819,439560595.6326573,219780297.81632864,659340893.4489859,7786130.999999999
Budapest,ssp126,2061,Hungary,7786130.999999999,12.45538590700303,47220435.474233344,10349.684487505187,13299.058865515613,7400.310109494758,299.6115601894807,185.77019493877702,413.4529254401844,471704386.0903077,235852193.04515386,707556579.1354616,7786130.999999999
Budapest,ssp126,2062,Hungary,7786130.999999999,12.150455730658443,42325341.531502284,9276.787184988789,11823.825074555569,6729.74929542201,268.5524071188582,170.24061840346576,366.86419583425067,422805275.78096133,211402637.89048067,634207913.671442,7786130.999999999
Budapest,ssp126,2063,Hungary,7786130.999999999,12.40200650946745,46739778.01341746,10244.33490705239,13154.203192393019,7334.46662171176,296.5618100059963,184.2453198470348,408.8783001649578,466902900.66992104,233451450.33496052,700354351.0048816,7786130.999999999
Budapest,ssp126,2064,Hungary,7786130.999999999,12.033029137786965,41138214.76141708,9016.595016202991,11466.060842475097,6567.129189930887,261.0201406296601,166.4744851588667,355.56579610045344,410946577.3451991,205473288.67259955,616419866.0177987,7786130.999999999
Budapest,ssp126,2065,Hungary,7786130.999999999,11.881213759104309,37575413.68476381,8235.707108991315,10392.339970059042,6079.074247923589,238.41432646254432,155.17157807530884,321.65707484977975,375356289.4169705,187678144.70848525,563034434.1254557,7786130.999999999
Budapest,ssp126,2066,Hungary,7786130.999999999,12.168463686763397,42070360.049028344,9220.900832665735,11746.981340111368,6694.8203252201,266.93456096779664,169.431695327935,364.4374266076584,420258160.6930378,210129080.3465189,630387241.0395567,7786130.999999999
Budapest,ssp126,2067,Hungary,7786130.999999999,12.198449531493818,42929384.046461895,9409.180064979937,12005.865284543395,6812.494845416477,272.38502997610766,172.1569298320905,372.6131301201247,428839305.3452777,214419652.67263886,643258958.0179166,7786130.999999999
Budapest,ssp126,2068,Hungary,7786130.999999999,12.093365597482395,41993310.71135664,9204.013306600702,11723.76099177195,6684.265621429456,266.44568635155167,169.18725801981253,363.7041146832908,419488483.1125563,209744241.55627814,629232724.6688344,7786130.999999999
Budapest,ssp126,2069,Hungary,7786130.999999999,12.451728690305053,47294285.728844844,10365.87084468031,13321.315106631408,7410.42658272921,300.0801367661752,186.00448322712427,414.15579030522616,472442106.7119893,236221053.35599464,708663160.0679839,7786130.999999999
Budapest,ssp126,2070,Hungary,7786130.999999999,12.165823620020719,42777092.95569381,9375.801195770495,11959.969339380414,6791.633052160576,271.41874978725,171.67378973766168,371.1637098368384,427318006.8914131,213659003.44570655,640977010.3371196,7786130.999999999
Budapest,ssp126,2071,Hungary,7786130.999999999,12.30007199761527,44221906.180808604,9692.472587576474,12395.392503113637,6989.552672039314,280.5860253579133,176.25742752299328,384.9146231928332,441750841.50048155,220875420.75024077,662626262.2507223,7786130.999999999
Budapest,ssp126,2072,Hungary,7786130.999999999,11.911497451528238,38371797.99169872,8410.25709407294,10632.346199546275,6188.167988599604,243.46734942421045,157.6980895561419,329.236609292279,383311700.3915178,191655850.1957589,574967550.5872767,7786130.999999999
Budapest,ssp126,2073,Hungary,7786130.999999999,12.091635010129345,41094240.218793854,9006.956760285571,11452.808240588645,6561.105279982499,260.74112411505905,166.33497690156622,355.14727132855194,410507297.5201961,205253648.76009804,615760946.2802942,7786130.999999999
Budapest,ssp126,2074,Hungary,7786130.999999999,12.044875294575268,40500713.49376396,8876.86871096395,11273.937172771417,6479.800249156487,256.975223476608,164.45202658234066,349.49842037087524,404578314.51428676,202289157.25714338,606867471.7714301,7786130.999999999
Budapest,ssp126,2075,Hungary,7786130.999999999,12.272220209433536,44535535.88624552,9761.213344932512,12489.911044478189,7032.515645386837,282.5759918718603,177.25241077996682,387.8995729637537,444883817.852288,222441908.926144,667325726.778432,7786130.999999999
Budapest,ssp126,2076,Hungary,7786130.999999999,12.324701756222298,45591508.24826183,9992.659342086772,12808.149290565296,7177.169393608249,289.2760894826352,180.60245958535427,397.94971937991613,455432360.8665714,227716180.4332857,683148541.2998571,7786130.999999999
Budapest,ssp126,2077,Hungary,7786130.999999999,12.46252598689211,46987699.24357133,10298.673806812143,13228.919179562681,7368.428434061606,298.13485917050537,185.03184442928938,411.23787391172135,469379487.9883984,234689743.9941992,704069231.9825976,7786130.999999999
Budapest,ssp126,2078,Hungary,7786130.999999999,12.158824584725636,42236677.54314034,9257.353982060144,11797.104420528682,6717.603543591607,267.98983806122556,169.95933387464945,366.02034224780164,421919574.6691747,210959787.33458734,632879362.003762,7786130.999999999
Budapest,ssp126,2079,Hungary,7786130.999999999,12.190329958746021,42430754.796803266,9299.89146231503,11855.59345587915,6744.189468750911,269.221249592764,170.57503964041868,367.8674595451092,423858292.32126194,211929146.16063097,635787438.481893,7786130.999999999
Budapest,ssp126,2080,Hungary,7786130.999999999,12.356309033714778,45782497.41578403,10034.519981543694,12865.707669818561,7203.332293268825,290.48790724513424,181.20836846660376,399.7674460236647,457340230.3538214,228670115.1769107,686010345.5307322,7786130.999999999
Budapest,ssp126,2081,Hungary,7786130.999999999,12.198674326334798,43548904.41804014,9544.965351901195,12192.570054060128,6897.360649742264,276.3158591443181,174.12234441619572,378.5093738724405,435027949.59666675,217513974.79833338,652541924.3950001,7786130.999999999
Budapest,ssp126,2082,Hungary,7786130.999999999,12.162262939125553,42627725.45861101,9343.063114218101,11914.954477245872,6771.171751190329,270.4710196701275,171.1999246791004,369.7421146611545,425825913.41947293,212912956.70973647,638738870.1292094,7786130.999999999
Budapest,ssp126,2083,Hungary,7786130.999999999,12.013578233812542,39684833.10431002,8698.045611905553,11028.05541156612,6368.035812244987,251.79849873958872,161.86366421383104,341.7333332653464,396428149.1385265,198214074.56926325,594642223.7077898,7786130.999999999
Budapest,ssp126,2084,Hungary,7786130.999999999,12.275700511937544,44695459.55634476,9796.265108241936,12538.107219028645,7054.422997455226,283.59070043666804,177.7597650623707,389.4216358109655,446481361.28592753,223240680.64296377,669722041.9288913,7786130.999999999
Budapest,ssp126,2085,Hungary,7786130.999999999,12.356493212703546,45356204.73884968,9941.08597016082,12737.235904167112,7144.93603615453,287.78309919432024,179.85596444119682,395.7102339474437,453081817.15943646,226540908.57971823,679622725.7391547,7786130.999999999
Budapest,ssp126,2086,Hungary,7786130.999999999,12.216161082207462,43045846.44647574,9434.706070462424,12040.963542081816,6828.4485988430315,273.1239787177092,172.52640420289126,373.72155323252696,430002696.2447772,215001348.1223886,645004044.3671658,7786130.999999999
Budapest,ssp126,2087,Hungary,7786130.999999999,12.058110643935642,40179416.74590222,8806.447505953158,11177.108015881577,6435.786996024741,254.9366099199163,163.43271980399481,346.4405000358377,401368748.91666317,200684374.45833158,602053123.3749948,7786130.999999999
Budapest,ssp126,2088,Hungary,7786130.999999999,12.04771783034495,41224591.658328965,9035.526938813817,11492.092236064982,6578.9616415626515,261.5681981938945,166.7485139409839,356.3878824468051,411809431.7581457,205904715.87907284,617714147.6372185,7786130.999999999
Budapest,ssp126,2089,Hungary,7786130.999999999,12.01817083656497,40448785.155101486,8865.487157284504,11258.287536462178,6472.686778106832,256.64574048034893,164.28728508421113,349.0041958764866,404059580.9434617,202029790.47173086,606089371.4151926,7786130.999999999
Budapest,ssp126,2090,Hungary,7786130.999999999,12.35109831447571,45084374.805136524,9881.506806607253,12655.314554280956,7107.69905893355,286.0583503704675,178.99359002927042,393.12311071166465,450366395.95005184,225183197.97502592,675549593.9250778,7786130.999999999
Budapest,ssp126,2091,Hungary,7786130.999999999,12.037181732059475,40220929.41194321,8815.546172482693,11189.618682359684,6441.473662605698,255.2000059372392,163.56441781265627,346.8355940618221,401783436.0421244,200891718.0210622,602675154.0631866,7786130.999999999
Budapest,ssp126,2092,Hungary,7786130.999999999,12.136848997125163,42339692.92302097,9279.932695458638,11828.15015145161,6731.715239465665,268.6434660589255,170.28614787349943,367.0007842443516,422948637.74401563,211474318.87200782,634422956.6160234,7786130.999999999
Budapest,ssp126,2093,Hungary,7786130.999999999,12.32413322152711,45533761.83255816,9980.002593439393,12790.74626117515,7169.258925703638,288.9096910466494,180.41926036736135,397.40012172593754,454855508.12697154,227427754.06348577,682283262.1904573,7786130.999999999
Budapest,ssp126,2094,Hungary,7786130.999999999,12.34886644519421,45599602.936068974,9994.433520236284,12810.588785520873,7178.278254951694,289.3274499162862,180.62813980217976,398.02676003039267,455513222.0383144,227756611.0191572,683269833.0574716,7786130.999999999
Budapest,ssp126,2095,Hungary,7786130.999999999,12.336539680878065,45277866.06878272,9923.915850694091,12713.626989900358,7134.204711487823,287.286043821446,179.60743675475968,394.96465088813244,452299259.9064179,226149629.95320895,678448889.8596269,7786130.999999999
Budapest,ssp126,2096,Hungary,7786130.999999999,12.329119416399427,45950633.06887218,10071.371631535618,12916.378688557457,7226.364574513777,291.55472047629775,181.74177508218554,401.36766587041,459019806.6691033,229509903.33455166,688529710.003655,7786130.999999999
Budapest,ssp126,2097,Hungary,7786130.999999999,12.009615870379536,40069124.07908871,8782.273770761156,11143.869129992574,6420.67841152974,254.23680786071074,163.08281877439202,345.3907969470294,400266990.02420425,200133495.01210213,600400485.0363064,7786130.999999999
Budapest,ssp126,2098,Hungary,7786130.999999999,11.80485821603524,36642454.862950824,8031.222983662442,10111.174297731843,5951.271669593043,232.4947442861274,152.21178698710037,312.7777015851543,366036579.34079206,183018289.67039603,549054869.011188,7786130.999999999
Copenhagen,ssp126,2024,Denmark,4655625.5,9.73815199647991,25166600.676983923,5515.96727166736,6320.136991578016,4711.797551756705,102.03564900064879,82.20135696893016,121.86994103236748,763681899.7116357,381840949.85581785,1145522849.5674536,4655625.5
Copenhagen,ssp126,2025,Denmark,4655625.5,10.160343146718533,30002626.377820343,6575.91811020685,7777.569394569813,5374.266825843885,121.64286680896757,92.00496587308956,151.28076774484566,910431369.0448886,455215684.5224443,1365647053.567333,4655625.5
Copenhagen,ssp126,2026,Denmark,4655625.5,9.771722927284099,26266728.094204426,5757.091089140347,6651.682240603373,4862.499937677322,106.49601361008726,84.4315392736494,128.5604879465252,797065327.4812914,398532663.7406457,1195597991.2219372,4655625.5
Copenhagen,ssp126,2027,Denmark,4655625.5,9.748240365812572,25777155.990881868,5649.787614439513,6504.139962889725,4795.4352659893,104.51108891023262,83.43907692372207,125.58310089674319,782209234.729236,391104617.364618,1173313852.093854,4655625.5
Copenhagen,ssp126,2028,Denmark,4655625.5,9.898536364865693,27539144.283782937,6035.976829321939,7035.150133353061,5036.803525290817,111.65490707245698,87.01098600483425,136.29882814007976,835676867.6472981,417838433.82364905,1253515301.4709473,4655625.5
Copenhagen,ssp126,2029,Denmark,4655625.5,9.821872700948688,26294699.899553824,5763.2218957922705,6660.112099749767,4866.331691834774,106.60942270133395,84.48824381927274,128.7306015833952,797914133.4730808,398957066.7365404,1196871200.2096212,4655625.5
Copenhagen,ssp126,2030,Denmark,4655625.5,9.799817452683902,25034040.753145784,5486.913041785028,6280.18742548981,4693.638658080248,101.49819708038726,81.93263100879939,121.06376315197517,759659361.4371309,379829680.71856546,1139489042.1556964,4655625.5
Copenhagen,ssp126,2031,Denmark,4655625.5,9.655184841809941,25179583.781135313,5518.812883536159,6324.049707897613,4713.576059174704,102.08828779263874,82.22767636492512,121.94889922035233,764075872.7304693,382037936.3652347,1146113809.095704,4655625.5
Copenhagen,ssp126,2032,Denmark,4655625.5,9.640319883828905,25279449.23211382,5540.701201558844,6354.146145178807,4727.256257938883,102.49318300411848,82.430123970665,122.55624203757196,767106295.404461,383553147.7022305,1150659443.1066916,4655625.5
Copenhagen,ssp126,2033,Denmark,4655625.5,9.983771424783203,29654973.13273394,6499.720138681063,7672.797183721857,5326.643093640269,120.23333896113196,91.30020194917175,149.16647597309222,899881811.9530832,449940905.9765416,1349822717.9296248,4655625.5
Copenhagen,ssp126,2034,Denmark,4655625.5,9.651133987145442,25146083.508792747,5511.470358091212,6313.953735410812,4708.986980771612,101.95246404456707,82.15976449088929,121.74516359824483,763059305.0997511,381529652.54987556,1144588957.6496267,4655625.5
Copenhagen,ssp126,2035,Denmark,4655625.5,9.956657792842979,27995789.663363636,6136.063487860174,7172.769288843135,5099.357686877213,113.50633342386215,87.93669918053683,139.07596766718748,849533797.1328795,424766898.56643975,1274300695.6993194,4655625.5
Copenhagen,ssp126,2036,Denmark,4655625.5,9.966176317323095,28342836.35122204,6212.128515335989,7277.358701622379,5146.898329049598,114.91340204165681,88.64023348943417,141.18657059387948,860064948.2118068,430032474.1059034,1290097422.3177102,4655625.5
Copenhagen,ssp126,2037,Denmark,4655625.5,10.025131368324448,29883182.136543535,6549.738550474947,7741.572499938447,5357.904601011447,121.15859120756653,91.76282807238903,150.55435434274406,906806826.8884537,453403413.44422686,1360210240.3326807,4655625.5
Copenhagen,ssp126,2038,Denmark,4655625.5,10.039124243683343,28689929.37840251,6288.203699375544,7381.962079676769,5194.44531907432,116.3206585379362,89.34386173757386,143.29745533829853,870597505.4600441,435298752.7300221,1305896258.1900663,4655625.5
Copenhagen,ssp126,2039,Denmark,4655625.5,10.053786415536655,29358269.054466978,6434.68910782803,7583.379516298935,5285.998699357124,119.03037978616504,90.69872236168828,147.36203721064186,890878310.1670694,445439155.0835347,1336317465.2506042,4655625.5
Copenhagen,ssp126,2040,Denmark,4655625.5,9.982035859963103,28246347.879318304,6190.980357110513,7248.279984062351,5133.680730158676,114.52219847872266,88.44463170796709,140.59976524947822,857137000.1559889,428568500.07799447,1285705500.2339835,4655625.5
Copenhagen,ssp126,2041,Denmark,4655625.5,9.892791281314086,27249309.866717167,5972.45147763629,6947.802774785295,4997.100180487287,110.47980030187614,86.42343261954383,134.5361679842085,826881826.1131809,413440913.05659044,1240322739.1697712,4655625.5
Copenhagen,ssp126,2042,Denmark,4655625.5,9.85615150995654,26440320.4778282,5795.1387348661065,6703.997753476292,4886.279716255922,107.19982783402486,84.78344638561819,129.61620928243158,802332998.0341336,401166499.0170668,1203499497.0512004,4655625.5
Copenhagen,ssp126,2043,Denmark,4655625.5,10.04325489889382,29066349.61788933,6370.706765564436,7495.403795686494,5246.009735442377,117.84681949729611,90.10694221725382,145.58669677733843,882019998.5996965,441009999.29984826,1323029997.8995447,4655625.5
Copenhagen,ssp126,2044,Denmark,4655625.5,9.621944895587978,24814516.682449296,5438.79817697484,6214.0294863758,4663.56686757388,100.60815708999388,81.4876110136027,119.72870316638506,752997891.2809627,376498945.64048135,1129496836.921444,4655625.5
Copenhagen,ssp126,2045,Denmark,4655625.5,9.937115641293943,27874795.201636024,6109.54415378289,7136.305204486869,5082.783103078911,113.01577259737954,87.69141876729552,138.34012642746353,845862213.4504937,422931106.72524685,1268793320.1757405,4655625.5
Copenhagen,ssp126,2046,Denmark,4655625.5,10.203036965029476,31866565.7844066,6984.4527746641115,8339.304558198548,5629.600991129675,129.2000363087336,95.78355062297254,162.6165219944946,966992714.1879805,483496357.09399027,1450489071.2819707,4655625.5
Copenhagen,ssp126,2047,Denmark,4655625.5,9.868232176664243,28460581.762226164,6237.935728706756,7312.843620007186,5163.027837406327,115.39078989323268,88.87892741522211,141.90265237124333,863637939.2689662,431818969.6344831,1295456908.9034493,4655625.5
Copenhagen,ssp126,2048,Denmark,4655625.5,10.041988842329292,29374481.614129715,6438.242545562329,7588.265493183597,5288.21959794106,119.09611210609103,90.73158852165128,147.46063569053084,891370281.1933254,445685140.5966627,1337055421.789988,4655625.5
Copenhagen,ssp126,2049,Denmark,4655625.5,10.112425410876408,30863549.51648394,6764.613592653666,8037.025682934187,5492.201502373146,125.1333998499891,93.7502323936003,156.51656730637794,936556129.6543599,468278064.82717997,1404834194.48154,4655625.5
Copenhagen,ssp126,2050,Denmark,4655625.5,10.033681399705532,30105129.115230978,6598.38446361192,7808.460630501786,5388.308296722054,122.05845465375751,92.21275979548452,151.90414951203053,913541820.322601,456770910.1613005,1370312730.4839015,4655625.5
Copenhagen,ssp126,2051,Denmark,4655625.5,9.8806920263885,27420402.058682986,6009.951136149347,6999.364805240747,5020.537467057946,111.1734777305541,86.77027133388282,135.57668412722543,832073628.210863,416036814.1054315,1248110442.3162944,4655625.5
Copenhagen,ssp126,2052,Denmark,4655625.5,10.016946716857396,29011245.786417484,6358.629213461018,7478.797161544295,5238.461265377741,117.62340612181414,89.99523552951283,145.25157671411546,880347869.7635483,440173934.8817741,1320521804.6453223,4655625.5
Copenhagen,ssp126,2053,Denmark,4655625.5,10.144403578284654,30338196.518771097,6649.467730141263,7878.700121979631,5420.235338302893,123.0034048314293,92.68523488432041,153.3215747785382,920614263.6684825,460307131.8342413,1380921395.5027237,4655625.5
Copenhagen,ssp126,2054,Denmark,4655625.5,9.996177615147701,27615576.605979234,6052.729119118389,7058.184531823179,5047.273706413597,111.96479483600612,87.16592988660882,136.7636597854035,837996210.7228065,418998105.3614032,1256994316.0842097,4655625.5
Copenhagen,ssp126,2055,Denmark,4655625.5,10.052825445251665,29493431.918024078,6464.313845046025,7624.11352997368,5304.51416011837,119.57838508417285,90.97272501069219,148.18404515765354,894979834.7923701,447489917.39618504,1342469752.1885552,4655625.5
Copenhagen,ssp126,2056,Denmark,4655625.5,9.977742180681586,28710591.77411061,6292.732443640334,7388.189103040854,5197.275784239813,116.40443230551989,89.3857486213657,143.4231159896741,871224507.0090213,435612253.50451064,1306836760.513532,4655625.5
Copenhagen,ssp126,2057,Denmark,4655625.5,10.063429639935729,29467691.45850113,6458.67210049305,7616.356131213339,5300.98806977276,119.47402277768938,90.92054385745045,148.02750169792833,894198739.1140047,447099369.55700237,1341298108.6710072,4655625.5
Copenhagen,ssp126,2058,Denmark,4655625.5,10.118394581695993,32146002.877731226,7045.699260872249,8423.518476734738,5667.880045009761,130.3329880942445,96.35002651572802,164.31594967276106,975472248.3538812,487736124.1769406,1463208372.5308218,4655625.5
Copenhagen,ssp126,2059,Denmark,4655625.5,10.356822526982073,34094645.513861254,7472.799016736364,9010.780641047897,5934.817392424833,138.2335789845224,100.30032196086697,176.16683600817788,1034603917.7167575,517301958.85837877,1551905876.5751362,4655625.5
Copenhagen,ssp126,2060,Denmark,4655625.5,10.084698060077594,29671803.2417147,6503.408929690546,7677.869271359896,5328.948588021196,120.30157507750874,91.33432000736013,149.26883014765744,900392522.5478016,450196261.2739008,1350588783.8217025,4655625.5
Copenhagen,ssp126,2061,Denmark,4655625.5,10.373456637551136,34647671.35066965,7594.010159050535,9177.44596172988,6010.5743563711885,140.47577096337284,101.42141795029221,179.53012397645352,1051385517.5467947,525692758.7733973,1577078276.3201919,4655625.5
Copenhagen,ssp126,2062,Denmark,4655625.5,10.021189511555473,28311205.64181063,6205.195757108831,7267.826159060038,5142.565355157624,114.78515826314383,88.57611160017768,140.99420492611,859105112.5723982,429552556.2861991,1288657668.8585973,4655625.5
Copenhagen,ssp126,2063,Denmark,4655625.5,10.345178973047824,33986015.300817944,7448.989654973448,8978.042768623885,5919.93654132301,137.79314785791863,100.08010639756506,175.5061893182722,1031307527.8495767,515653763.92478836,1546961291.774365,4655625.5
Copenhagen,ssp126,2064,Denmark,4655625.5,10.012634997041582,29692150.715581663,6507.868649990153,7684.001386771857,5331.735913208451,120.38407202368703,91.37556848044927,149.39257556692482,901009967.7759632,450504983.8879816,1351514951.6639447,4655625.5
Copenhagen,ssp126,2065,Denmark,4655625.5,10.225840005098364,30752096.964882717,6740.185636138329,8003.4372427255985,5476.934029551061,124.68152581338913,93.52429537530034,155.83875625147797,933174095.766391,466587047.8831955,1399761143.6495867,4655625.5
Copenhagen,ssp126,2066,Denmark,4655625.5,10.240029726728098,31324738.990300156,6865.69621705174,8176.014291481539,5555.378142621943,127.0032498101443,94.68515737367791,159.32134224661073,950550949.9326942,475275474.9663471,1425826424.8990412,4655625.5
Copenhagen,ssp126,2067,Denmark,4655625.5,10.211421404947592,31288803.89313932,6857.820031372654,8165.184536172794,5550.455526572513,126.85755429060359,94.61230961390756,159.10279896729966,949460497.4072084,474730248.7036042,1424190746.1108127,4655625.5
Copenhagen,ssp126,2068,Denmark,4655625.5,10.127745563549961,30703082.830800407,6729.442812229878,7988.665859851477,5470.219764608279,124.48280255133703,93.42493374427428,155.5406713583998,931686759.1368186,465843379.5684093,1397530138.7052279,4655625.5
Copenhagen,ssp126,2069,Denmark,4655625.5,10.310722749018618,31890679.68622736,6989.738013419347,8346.571761486997,5632.904265351697,129.29780388782774,95.83243441251965,162.76317336313593,967724451.8822485,483862225.94112426,1451586677.8233728,4655625.5
Copenhagen,ssp126,2070,Denmark,4655625.5,10.38244637715562,33466136.755191147,7335.043672370313,8821.367042544576,5848.72030219605,135.68534849775114,99.02620671748133,172.34449027802094,1015531784.4172618,507765892.2086309,1523297676.6258926,4655625.5
Copenhagen,ssp126,2071,Denmark,4655625.5,10.329958540833712,32095547.357732162,7034.640516762865,8408.312703584335,5660.9683299413955,130.12842086663807,96.2477429019248,164.00909883135137,973941172.7883574,486970586.3941787,1460911759.1825361,4655625.5
Copenhagen,ssp126,2072,Denmark,4655625.5,10.181730696186541,31429309.211358123,6888.615717557595,8207.528604677089,5569.702830438102,127.42722007568545,94.8971425064485,159.95729764492248,953724139.1168756,476862069.5584378,1430586208.6753135,4655625.5
Copenhagen,ssp126,2073,Denmark,4655625.5,10.134984154883638,29713287.746850085,6512.501423966793,7690.371450989736,5334.631396943851,120.46977015714182,91.41841754717667,149.52112276710702,901651372.1674627,450825686.08373135,1352477058.251194,4655625.5
Copenhagen,ssp126,2074,Denmark,4655625.5,10.232720500703083,32180801.362420782,7053.326326009686,8434.005691298715,5672.646960720658,130.474075323907,96.42057013055927,164.52758051725476,976528210.3105991,488264105.15529954,1464792315.4658985,4655625.5
Copenhagen,ssp126,2075,Denmark,4655625.5,10.347067480914431,32043049.9179499,7023.134228591411,8392.491557348585,5653.776899834236,129.91557486459718,96.14131990090436,163.68982982829004,972348135.0532458,486174067.5266229,1458522202.5798688,4655625.5
Copenhagen,ssp126,2076,Denmark,4655625.5,10.197221152562363,30997574.65871175,6793.988966292638,8077.4168216877715,5510.561110897503,125.67679236235665,94.02192864978409,157.33165607492924,940623130.0625345,470311565.0312672,1410934695.0938017,4655625.5
Copenhagen,ssp126,2077,Denmark,4655625.5,10.318545820613801,32234246.37865951,7065.040302171598,8450.112408521343,5679.968195821853,130.69076318683142,96.52891406202147,164.8526123116414,978150002.3060766,489075001.1530383,1467225003.459115,4655625.5
Copenhagen,ssp126,2078,Denmark,4655625.5,10.139853117154205,30681962.152536448,6724.8136224733935,7982.3007239363105,5467.3265210104755,124.39717071962255,93.38211782841705,155.41222361082814,931045850.9781506,465522925.4890753,1396568776.467226,4655625.5
Copenhagen,ssp126,2079,Denmark,4655625.5,10.246788883000477,31517142.872504152,6907.866930959466,8233.999023104661,5581.734838814271,127.78333351087556,95.07519922404356,160.4914677977076,956389456.4580443,478194728.22902215,1434584184.6870666,4655625.5
Copenhagen,ssp126,2080,Denmark,4655625.5,10.291680432158012,33450909.030247048,7331.706088820922,8816.777865164164,5846.634312477681,135.6236090988781,98.99533701804481,172.25188117971143,1015069698.2554134,507534849.1277067,1522604547.38312,4655625.5
Copenhagen,ssp126,2081,Denmark,4655625.5,10.071208746901403,30022041.315580353,6580.173439030962,7783.420471702968,5376.926406358956,121.72158287396488,92.0443239055882,151.39884184234162,911020516.4129283,455510258.2064642,1366530774.6193924,4655625.5
Copenhagen,ssp126,2082,Denmark,4655625.5,10.17935183870385,31465383.41162064,6896.522391587738,8218.400281468534,5574.64450170694,127.57347957585432,94.97027225653295,160.1766868951758,954818812.7337323,477409406.3668662,1432228219.1005986,4655625.5
Copenhagen,ssp126,2083,Denmark,4655625.5,10.092954537873966,30431970.943767387,6670.021028770586,7906.96090759495,5433.081149946221,123.38360454282329,92.87533474001742,153.89187434562922,923459853.8196796,461729926.9098398,1385189780.7295194,4655625.5
Copenhagen,ssp126,2084,Denmark,4655625.5,10.206137838323325,31054770.48338092,6806.525037453004,8094.653919533277,5518.396155372733,125.9086875302878,94.13787623374967,157.67949882682598,942358740.5488118,471179370.2744059,1413538110.8232176,4655625.5
Copenhagen,ssp126,2085,Denmark,4655625.5,10.216972209046205,30724422.45180331,6734.119989435994,7995.096978509888,5473.143000362101,124.56932206608622,93.46819350164887,155.67045063052356,932334311.1250985,466167155.56254923,1398501466.6876478,4655625.5
Copenhagen,ssp126,2086,Denmark,4655625.5,10.051215673869555,30554765.239359334,6696.93484698252,7943.967407636359,5449.902286328679,123.88146262882853,93.12426378302001,154.63866147463708,927186053.5609573,463593026.78047866,1390779080.341436,4655625.5
Copenhagen,ssp126,2087,Denmark,4655625.5,10.057523090269846,30283681.81505609,6637.519301929753,7862.2710331888065,5412.7675706707005,122.78238001981353,92.57472247851253,152.99003756111458,918960011.946939,459480005.9734695,1378440017.9204085,4655625.5
Copenhagen,ssp126,2088,Denmark,4655625.5,9.889951293125495,27022949.604145877,5922.838269401488,6879.584613462442,4966.0919253405345,109.56204360537724,85.96455427129438,133.15953293946015,820012911.3336902,410006455.6668451,1230019367.0005352,4655625.5
Copenhagen,ssp126,2089,Denmark,4655625.5,10.17611867921137,31897702.249769635,6991.277205428612,8348.688150499738,5633.8662603574885,129.3262762205787,95.8466705788951,162.8058818622623,967937551.9642042,483968775.9821021,1451906327.9463062,4655625.5
Copenhagen,ssp126,2090,Denmark,4655625.5,10.172981157643978,31779285.810807325,6965.3229174368735,8313.001004511096,5617.644830362651,128.84616774836397,95.60661634278776,162.08571915394026,964344198.5262672,482172099.2631336,1446516297.7894008,4655625.5
Copenhagen,ssp126,2091,Denmark,4655625.5,10.032308580705452,28823484.56860596,6317.476069831095,7422.2115890531495,5212.740550609038,116.8621456733949,89.6146053053032,144.1096860414866,874650245.1478559,437325122.57392794,1311975367.7217839,4655625.5
Copenhagen,ssp126,2092,Denmark,4655625.5,10.122535214358638,30582431.679234467,6702.998724215426,7952.305238831605,5453.692209599245,123.99363364407324,93.1803492906424,154.80691799750417,928025593.2204165,464012796.6102083,1392038389.8306248,4655625.5
Copenhagen,ssp126,2093,Denmark,4655625.5,10.076407503560052,29727167.3521071,6515.543529228606,7694.554345724728,5336.532712732484,120.52604372974108,91.4465543334763,149.6055331260059,902072549.5622956,451036274.7811478,1353108824.3434434,4655625.5
Copenhagen,ssp126,2094,Denmark,4655625.5,10.211131885945338,32700030.970056266,7167.130075628422,8590.485847024476,5743.774304232369,132.57924362515817,97.47315428118485,167.6853329691315,992284261.6834116,496142130.8417058,1488426392.5251174,4655625.5
Copenhagen,ssp126,2095,Denmark,4655625.5,10.127663119779724,30099896.431623448,6597.2375740541065,7806.883657359791,5387.591490748421,122.03723922324457,92.20215208022806,151.87232636626118,913383034.2469894,456691517.1234947,1370074551.370484,4655625.5
Copenhagen,ssp126,2096,Denmark,4655625.5,10.299884021137093,33118601.64596314,7258.871593635407,8716.630434284081,5801.112752986734,134.27629962079976,98.32168227900564,170.23091696259394,1004985812.1646612,502492906.0823306,1507478718.2469916,4655625.5
Copenhagen,ssp126,2097,Denmark,4655625.5,10.139411377360755,31139393.025709994,6825.072443990883,8120.156603522859,5529.9882844589065,126.25178178196907,94.30942335959031,158.1941402043479,944926616.310571,472463308.1552855,1417389924.4658566,4655625.5
Copenhagen,ssp126,2098,Denmark,4655625.5,10.008485007377075,29419377.74721981,6448.082793910842,7601.795834662804,5294.3697531588805,119.27813931494074,90.82260212607613,147.73367650380538,892732656.8533527,446366328.42667633,1339098985.280029,4655625.5
Dubai,ssp126,2024,United Arab Emirates,8397339.5,28.273674087339714,2375252.711554722,520.6033340394024,784.2094201246075,256.9972479541973,150.4615755128537,48.88049465572308,252.04265636998264,71101754.24778381,35550877.123891905,106652631.37167571,8397339.5
Dubai,ssp126,2025,United Arab Emirates,8397339.5,28.246788924419565,2400673.33239524,526.1749769633516,791.8704291450375,260.47952478166553,152.07185750245998,49.68563565052622,254.4580793543921,71862705.16767377,35931352.58383688,107794057.75151065,8397339.5
Dubai,ssp126,2026,United Arab Emirates,8397339.5,28.249600377925606,2452150.8885711413,537.4577290019052,807.3842131980488,267.53124480576156,155.3327291428118,51.3160714707023,259.3493868149204,73403654.69725017,36701827.348625086,110105482.04587525,8397339.5
Dubai,ssp126,2027,United Arab Emirates,8397339.5,28.340116216986395,1910316.8934077984,418.6995930756932,644.0917762995073,193.30740985187902,121.00998269056373,34.15469824457813,207.86526713654808,57184181.55244017,28592090.776220083,85776272.32866025,8397339.5
Dubai,ssp126,2028,United Arab Emirates,8397339.5,28.352076041230386,2424689.171184886,531.4387224514932,799.1080791912322,263.769365711754,153.5931528677804,50.4462833331866,256.74002240237303,72581604.78596242,36290802.39298121,108872407.17894363,8397339.5
Dubai,ssp126,2029,United Arab Emirates,8397339.5,28.19761887336045,1987726.8243729104,435.66615328722446,667.4207965903628,203.91150998408608,125.91355363132868,36.60648371496069,215.22062354769548,59501401.047041506,29750700.523520753,89252101.57056226,8397339.5
Dubai,ssp126,2030,United Arab Emirates,8397339.5,28.345482137889732,2277844.077152137,499.25349636212354,754.8533933183489,243.65359940589798,144.2911766624606,45.795295230526705,242.78705809439305,68185885.65358631,34092942.82679316,102278828.48037946,8397339.5
Dubai,ssp126,2031,United Arab Emirates,8397339.5,28.483429546785093,2149802.1716555413,471.1895170751984,716.2654217988269,226.11361235156977,136.1802978751349,41.73985583686384,230.6207399134048,64353028.604839735,32176514.302419867,96529542.9072596,8397339.5
Dubai,ssp126,2032,United Arab Emirates,8397339.5,28.283765083557363,2618099.127422267,573.8299457363986,857.3960112079772,290.26388026481993,165.84480364741592,56.572108723004305,275.1174985718262,78371214.92326173,39185607.461630866,117556822.3848926,8397339.5
Dubai,ssp126,2033,United Arab Emirates,8397339.5,28.462829002492054,2388229.0387098016,523.4474605391459,788.1200940617548,258.774827016537,151.28356747127816,49.29149063493546,253.2756443076197,71490192.7578973,35745096.37894865,107235289.13684595,8397339.5
Dubai,ssp126,2034,United Arab Emirates,8397339.5,28.450443327571758,2528809.589743324,554.2596361081371,830.4868354691176,278.0324367471565,160.18871305518775,53.74406342689028,266.63336268348405,75698386.58206558,37849193.29103279,113547579.87309837,8397339.5
Dubai,ssp126,2035,United Arab Emirates,8397339.5,28.523896193998855,2587578.377191212,567.1404662337015,848.1979768917688,286.0829555756343,163.91145140103816,55.60543259981546,272.2174702022597,77457594.71273431,38728797.356367156,116186392.06910147,8397339.5
Dubai,ssp126,2036,United Arab Emirates,8397339.5,28.413240195656893,2805341.2024096088,614.8693046377338,913.8251296973131,315.9134795781544,177.70574689267275,62.50258034563285,292.9089134397118,83976193.26338995,41988096.63169497,125964289.89508492,8397339.5
Dubai,ssp126,2037,United Arab Emirates,8397339.5,28.55119730785291,2317513.0934901875,507.9480752855318,766.8084393380354,249.0877112330282,146.80403041828765,47.051722108440245,246.55633872813405,69373353.6805455,34686676.84027275,104060030.52081823,8397339.5
Dubai,ssp126,2038,United Arab Emirates,8397339.5,28.58609511760078,2229728.597087203,488.70763771775444,740.3528376823415,237.06243775316733,141.24327742129373,44.27134560994317,238.21520923264325,66745577.840254,33372788.920127,100118366.760381,8397339.5
Dubai,ssp126,2039,United Arab Emirates,8397339.5,28.55974139822192,2581376.5366406944,565.78115871578,846.3289290546265,285.23338837693325,163.51859269772154,55.40900324815712,271.6281821472848,77271946.36442941,38635973.18221471,115907919.54664412,8397339.5
Dubai,ssp126,2040,United Arab Emirates,8397339.5,28.48109526622741,2271590.162595513,497.8827753634114,752.9686519451197,242.79689878170285,143.89501930508374,45.59721655183809,242.19282205832786,67998678.5013837,33999339.25069185,101998017.75207555,8397339.5
Dubai,ssp126,2041,United Arab Emirates,8397339.5,28.624555991498138,2097157.711771557,459.65100531980465,700.3999681351605,218.90204250444873,132.84550813354855,40.072460966070736,225.61855530102565,62777148.51807277,31388574.259036385,94165722.77710915,8397339.5
Dubai,ssp126,2042,United Arab Emirates,8397339.5,28.68419395375095,2786624.2369586974,610.7669560457532,908.1844003833398,313.3495117081666,176.5201113193027,61.90976255894776,291.13046007965664,83415912.21570145,41707956.10785072,125123868.32355216,8397339.5
Dubai,ssp126,2043,United Arab Emirates,8397339.5,28.552567928920435,2729986.4214628986,598.353188265852,891.1154696859758,305.59090684572834,172.93236046161513,60.11588713010386,285.7488337931251,81720493.44239636,40860246.72119818,122580740.16359454,8397339.5
Dubai,ssp126,2044,United Arab Emirates,8397339.5,28.701735889060664,2186983.296353687,479.33880468027144,727.4706922558024,231.20691710474046,138.53555488598232,42.917484342287594,234.15362542967625,65466023.0993133,32733011.54965665,98199034.64896995,8397339.5
Dubai,ssp126,2045,United Arab Emirates,8397339.5,28.67622858597245,2408874.7028580043,527.9725376127246,794.3420750379254,261.60300018752366,152.59137743193466,49.94539561526386,255.23735924860443,72108208.23532704,36054104.11766352,108162312.35299055,8397339.5
Dubai,ssp126,2046,United Arab Emirates,8397339.5,28.822973503589854,2478106.110181725,543.1465446973757,815.2063347793207,271.0867546154306,156.97687568659515,52.138144742593994,261.8156066305954,74180608.56806362,37090304.28403181,111270912.85209543,8397339.5
Dubai,ssp126,2047,United Arab Emirates,8397339.5,28.730651919154255,2322000.236317508,508.9315586449445,768.1607289572278,249.7023883326611,147.0882707334619,47.193842266027374,246.98269920089547,69507673.58892027,34753836.79446013,104261510.3833804,8397339.5
Dubai,ssp126,2048,United Arab Emirates,8397339.5,28.680458669876526,2541238.638239594,556.9838111210182,834.2325761118292,279.7350461302072,160.97603737220737,54.13772558540015,267.81434915901366,76070442.63631889,38035221.318159446,114105663.95447834,8397339.5
Dubai,ssp126,2049,United Arab Emirates,8397339.5,28.754053445347253,2821784.643144994,618.4733464427497,918.78068717921,318.1660057062894,178.74736490151213,63.0233893500524,294.4713404529708,84468417.7229045,42234208.86145225,126702626.58435676,8397339.5
Dubai,ssp126,2050,United Arab Emirates,8397339.5,28.822580089862956,2533370.5169806713,555.2592913930351,831.8613614858524,278.65722130021777,160.47762728085831,53.88852053972563,267.06673402199044,75834915.182157,37917457.5910785,113752372.7732355,8397339.5
Dubai,ssp126,2051,United Arab Emirates,8397339.5,28.720008768202742,2923990.1079765614,640.8745442140522,949.5823341147509,332.1667543133534,185.2216213836851,66.26051759113894,304.1827251762302,87527876.53664817,43763938.268324085,131291814.80497226,8397339.5
Dubai,ssp126,2052,United Arab Emirates,8397339.5,28.6849424996217,2627404.8899733946,575.8695649256869,860.2004875932485,291.53864225812504,166.43428184819015,56.86684782339131,276.00171587298735,78649777.30055313,39324888.650276564,117974665.95082968,8397339.5
Dubai,ssp126,2053,United Arab Emirates,8397339.5,28.601308382288043,2254218.559135687,494.07530063249067,747.7333741901039,240.41722707487747,142.79460636247973,45.0470100805361,240.54220264442193,67478670.05172195,33739335.02586097,101218005.07758293,8397339.5
Dubai,ssp126,2054,United Arab Emirates,8397339.5,28.71199947968565,2270132.211670024,497.563224475633,752.5292694744245,242.5971794768414,143.80266467174187,45.55103923516731,242.05429010831529,67955035.62165761,33977517.810828805,101932553.43248641,8397339.5
Dubai,ssp126,2055,United Arab Emirates,8397339.5,28.74124947098779,2701406.4528989578,592.0890855669061,882.502328474925,301.6758426588871,171.12194800431323,59.21068090145303,283.03321510717234,80864969.35800847,40432484.67900424,121297454.03701271,8397339.5
Dubai,ssp126,2056,United Arab Emirates,8397339.5,28.75639023773509,2408676.7077654297,527.9291414280507,794.2824052839989,261.57587757210246,152.57883533339202,49.93912456599236,255.21854610079038,72102281.3719049,36051140.68595245,108153422.05785733,8397339.5
Dubai,ssp126,2057,United Arab Emirates,8397339.5,28.773110748565305,2612770.3899932546,572.6620032862041,855.7900903389598,289.5339162334484,165.5072520996739,56.40333294913344,274.61117125021366,78211702.38916989,39105851.19458494,117317553.58375484,8397339.5
Dubai,ssp126,2058,United Arab Emirates,8397339.5,28.733371399811027,2887928.6585211367,632.9706648813564,938.7145000322942,327.2268297304185,182.93729076322234,65.11835228090771,300.75622924553636,86448398.84380077,43224199.421900384,129672598.26570114,8397339.5
Dubai,ssp126,2059,United Arab Emirates,8397339.5,28.78619988349142,2352695.4446085077,515.6592755306431,777.4113396750635,253.90721138622274,149.03267411323344,48.16604395591321,249.8993042705526,70426516.09602451,35213258.04801226,105639774.14403677,8397339.5
Dubai,ssp126,2060,United Arab Emirates,8397339.5,28.660424440445862,2686744.982847634,588.8756126789447,878.0838032539782,299.66742210391124,170.1932098230978,58.74631181084517,281.640107835349,80426087.11384587,40213043.556922935,120639130.6707688,8397339.5
Dubai,ssp126,2061,United Arab Emirates,8397339.5,28.6858628476323,2399495.66702006,525.916858524956,791.5155162922437,260.3182007576683,151.99725769802052,49.64833574830651,254.34617964773298,71827452.46648334,35913726.23324167,107741178.699725,8397339.5
Dubai,ssp126,2062,United Arab Emirates,8397339.5,28.909259524886423,2271566.436080268,497.87757503130297,752.9615014884707,242.79364857413515,143.89351633706355,45.59646506782822,242.19056760629775,67997968.26249085,33998984.13124543,101996952.39373627,8397339.5
Dubai,ssp126,2063,United Arab Emirates,8397339.5,28.842777156023917,2445180.6987607908,535.93001616676,805.2836080497241,266.57642428379575,154.8911989698803,51.09530638423652,258.6870915555229,73195006.2782651,36597503.13913255,109792509.41739765,8397339.5
Dubai,ssp126,2064,United Arab Emirates,8397339.5,28.626676230558488,2925775.880804981,641.2659464778154,950.1205122274253,332.41138072820536,185.33474206005164,66.3170779293221,304.35240619077973,87581332.5668933,43790666.28344665,131371998.85033995,8397339.5
Dubai,ssp126,2065,United Arab Emirates,8397339.5,28.831073185274178,2565855.048050283,562.379188613772,841.6512201643656,283.1071570631783,162.53537621037384,54.91739500448321,270.1533574162629,76807319.98511973,38403659.992559865,115210979.9776796,8397339.5
Dubai,ssp126,2066,United Arab Emirates,8397339.5,28.7957255022212,2529789.3197632106,554.4743714549616,830.7820965710013,278.16664633892174,160.25077454517242,53.775094171882614,266.7264549184613,75727714.20803323,37863857.10401662,113591571.31204985,8397339.5
Dubai,ssp126,2067,United Arab Emirates,8397339.5,28.70849493536555,2445312.0213837884,535.958799207417,805.3231847306274,266.5944136842064,154.89951766736496,51.09946573297873,258.69956960174983,73198937.3416093,36599468.67080465,109798406.01241395,8397339.5
Dubai,ssp126,2068,United Arab Emirates,8397339.5,28.61412242433954,2862073.9338399954,627.3038759101473,930.9226651968816,323.6850866234128,181.29951024788983,64.29946202324132,298.29955847253746,85674453.28782697,42837226.643913485,128511679.93174046,8397339.5
Dubai,ssp126,2069,United Arab Emirates,8397339.5,28.62506039948618,2658736.137246155,582.7366876156069,869.6427812918887,295.8305939393251,168.41897543658592,57.85919461758937,278.9787562555813,79587659.25013573,39793829.62506787,119381488.87520361,8397339.5
Dubai,ssp126,2070,United Arab Emirates,8397339.5,28.74096948328225,2331635.9644531626,511.0434990582387,771.0646470255074,251.02235109097,147.69865076984797,47.499032284220334,247.8982692554746,69796113.2865436,34898056.6432718,104694169.92981538,8397339.5
Dubai,ssp126,2071,United Arab Emirates,8397339.5,28.757894943510976,2300054.946146437,504.1216320321071,761.5470798645764,246.69618419963774,145.69813530990746,46.498774554250076,244.8974960655637,68850754.59202817,34425377.296014085,103276131.88804226,8397339.5
Dubai,ssp126,2072,United Arab Emirates,8397339.5,28.726717752071014,2834145.266705894,621.1825242095223,922.5058066085223,319.85924181052224,179.530354806648,63.41488430262038,295.6458253106746,84838425.51807556,42419212.75903778,127257638.27711333,8397339.5
Dubai,ssp126,2073,United Arab Emirates,8397339.5,28.737724146938337,2108518.050652316,462.1409426087381,703.823631907444,220.4582533100321,133.56513450342672,40.432274151009565,226.69799485584235,63117213.395945325,31558606.697972663,94675820.093918,8397339.5
Dubai,ssp126,2074,United Arab Emirates,8397339.5,28.877915624689003,2418948.98653252,530.1805997879609,797.3781605288754,262.9830390470463,153.22953798910734,50.26447589385003,256.19460008436346,72409775.82793029,36204887.91396514,108614663.74189544,8397339.5
Dubai,ssp126,2075,United Arab Emirates,8397339.5,28.732435605021543,2574872.9398426744,564.3557128422412,844.3689409785109,284.34248470597163,163.10661909341002,55.203016446001314,271.010221740817,77077265.1252459,38538632.56262295,115615897.68786885,8397339.5
Dubai,ssp126,2076,United Arab Emirates,8397339.5,28.755285886163946,2484838.6707572225,544.6221744125531,817.2353256376897,272.0090231874165,157.4033531163425,52.351383457467634,262.4553227752165,74382143.69953343,37191071.84976672,111573215.54930015,8397339.5
Dubai,ssp126,2077,United Arab Emirates,8397339.5,28.640007511932335,2683799.0095516834,588.2299199017501,877.1959756853355,299.26386411816463,170.00659566563496,58.65300473211377,281.36018659915476,80337901.1838645,40168950.59193225,120506851.77579676,8397339.5
Dubai,ssp126,2078,United Arab Emirates,8397339.5,28.82473520976849,2330196.074691846,510.7279067817857,770.6307076453845,250.82510591818686,147.6074402300183,47.45342701430542,247.7614534457295,69753011.0568503,34876505.52842515,104629516.58527544,8397339.5
Dubai,ssp126,2079,United Arab Emirates,8397339.5,28.759010094098667,2576189.7950424794,564.6443386394589,844.7658014496851,284.52287582923253,163.19003594717077,55.2447248728819,271.1353470214591,77116684.38970603,38558342.194853015,115675026.58455905,8397339.5
Dubai,ssp126,2080,United Arab Emirates,8397339.5,28.778921507833395,2349270.9674092093,514.9087051855914,776.3793054506173,253.43810492056542,148.81574888577993,48.057581342186396,249.57391642937222,70324006.44091831,35162003.220459156,105486009.66137746,8397339.5
Dubai,ssp126,2081,United Arab Emirates,8397339.5,28.80829450984386,2622911.180436154,574.8846422873875,858.846218965587,290.923065609188,166.1496255614796,56.72451968003617,275.5747314429219,78515260.82168606,39257630.41084303,117772891.23252909,8397339.5
Dubai,ssp126,2082,United Arab Emirates,8397339.5,28.882898631058975,2223086.491661697,487.2518337888765,738.3511072801342,236.1525602976186,140.82252991843558,44.060971858514165,237.58408797835602,66546750.42902541,33273375.214512706,99820125.64353812,8397339.5
Dubai,ssp126,2083,United Arab Emirates,8397339.5,28.804996133159836,2296584.8686097707,503.36106709256387,760.5013030727044,246.22083111242318,145.47832150618908,46.38886765239101,244.5677753599864,68746879.91838498,34373439.95919249,103120319.87757748,8397339.5
Dubai,ssp126,2084,United Arab Emirates,8397339.5,28.717437128401826,2794843.392952323,612.5684148936712,910.6614062992269,314.47542348811527,177.0407578821593,62.170085840376075,291.91142992394174,83661947.68247098,41830973.84123549,125492921.52370647,8397339.5
Dubai,ssp126,2085,United Arab Emirates,8397339.5,28.654136034190444,2368589.1525468784,519.1428279554915,782.20122425923,256.084431651753,150.03946902205152,48.66944141032212,251.4094966337799,70902284.63653511,35451142.318267554,106353426.95480266,8397339.5
Dubai,ssp126,2086,United Arab Emirates,8397339.5,28.745518216544358,2713059.813896833,594.643246881509,886.0143002825039,303.27219348051386,171.86013600731212,59.57977490295238,284.1404971116704,81213805.6758457,40606902.83792285,121820708.51376855,8397339.5
Dubai,ssp126,2087,United Arab Emirates,8397339.5,28.712842499876107,2415440.488339788,529.4116138827045,796.3208049091478,262.5024228562611,153.00729040964154,50.15335210411716,255.86122871516488,72304751.05517036,36152375.52758518,108457126.58275554,8397339.5
Dubai,ssp126,2088,United Arab Emirates,8397339.5,28.78016954538456,2506539.2438097247,549.3784643966633,823.7752243658412,274.98170442748534,158.77798681116093,53.03870030487681,264.5172733174438,75031737.23739544,37515868.61869772,112547605.85609315,8397339.5
Dubai,ssp126,2089,United Arab Emirates,8397339.5,28.662354940144237,2705703.1044963473,593.0308174238683,883.7972097782479,302.2644250694884,171.39412155689047,59.34676767774175,283.44147543603844,80993587.0265537,40496793.51327685,121490380.53983057,8397339.5
Dubai,ssp126,2090,United Arab Emirates,8397339.5,28.759953946967837,2659966.8275086703,583.0064279471171,870.013674247715,295.999181646519,168.49693412913481,57.898173963863925,279.09569429440523,79624499.21927872,39812249.60963936,119436748.82891808,8397339.5
Dubai,ssp126,2091,United Arab Emirates,8397339.5,28.853864887755158,2522619.2023382215,552.9028388686626,828.6212392648403,277.1844384724849,159.79657985711748,53.54799682785516,266.04516288637893,75513081.07674608,37756540.53837304,113269621.61511911,8397339.5
Dubai,ssp126,2092,United Arab Emirates,8397339.5,28.712765273985823,2775224.121157885,608.268300527767,904.7487490461087,311.78785200942514,175.79796526045362,61.54868952952329,290.0472409913832,83074656.63976942,41537328.31988471,124611984.95965412,8397339.5
Dubai,ssp126,2093,United Arab Emirates,8397339.5,28.650143779422105,2958542.9497651113,648.4477698115426,959.9955193113001,336.90002031178494,187.41038849409057,67.35490114634163,307.46587584183834,88562194.97083448,44281097.48541724,132843292.45625171,8397339.5
Dubai,ssp126,2094,United Arab Emirates,8397339.5,28.804402495884325,2284090.9447322614,500.6226728180412,756.7360109452358,244.50933469084652,144.68688762557383,45.993150712083306,243.38062453906372,68372881.85880685,34186440.929403424,102559322.78821027,8397339.5
Dubai,ssp126,2095,United Arab Emirates,8397339.5,28.727352823778965,2301503.615677691,504.439148641697,761.9836652027626,246.89463208063142,145.7899020086714,46.544657903632014,245.03514611370974,68894119.63882777,34447059.819413885,103341179.45824166,8397339.5
Dubai,ssp126,2096,United Arab Emirates,8397339.5,28.652274500278033,2590016.0308301686,567.6747464833359,848.932612235016,286.41688073165574,164.0658657946256,55.68263979660924,272.44909179264107,77530564.40102687,38765282.20051344,116295846.60154031,8397339.5
Dubai,ssp126,2097,United Arab Emirates,8397339.5,28.630728994741965,2373228.3319544187,520.1596344009798,783.5993331217763,256.7199356801832,150.3333401707298,48.81637698466116,251.85030335679687,71041155.66804335,35520577.83402167,106561733.50206502,8397339.5
Dubai,ssp126,2098,United Arab Emirates,8397339.5,28.67464097519809,2027762.3882251796,444.44107139183154,679.4863089841974,209.3958337994655,128.44962652346968,37.8745201610313,219.02473288590716,60699841.45228676,30349920.72614338,91049762.17843014,8397339.5
Dublin,ssp126,2024,Ireland,3862133.0,10.729276166924079,12155991.05132136,2664.3268057692076,2517.995608073468,2810.6580034649473,46.02429692639427,49.39464948112314,42.65394437166541,562044862.0182841,281022431.00914204,843067293.0274261,3862133.0
Dublin,ssp126,2025,Ireland,3862133.0,10.831745004194003,12624521.23677023,2767.0183532648502,2659.1964858799765,2874.840220649724,47.79821830253158,50.281610169191794,45.31482643587136,583707841.3936573,291853920.69682866,875561762.090486,3862133.0
Dublin,ssp126,2026,Ireland,3862133.0,10.76272899749087,12778380.438907532,2800.740918116862,2705.565012551492,2895.916823682231,48.380750946240155,50.57287649104608,46.18862540143423,590821681.2830096,295410840.6415048,886232521.9245145,3862133.0
Dublin,ssp126,2027,Ireland,3862133.0,10.718860324837596,12044550.236223232,2639.901421638111,2484.41070489321,2795.392138383012,45.60236627983976,49.18368415784588,42.021048401833646,556892280.2764424,278446140.1382212,835338420.4146636,3862133.0
Dublin,ssp126,2028,Ireland,3862133.0,10.69449135742541,11732498.820333581,2571.506590758188,2390.367812433316,2752.64536908306,44.420895599204215,48.59294881752812,40.24884238088033,542464259.2088197,271232129.6044099,813696388.8132296,3862133.0
Dublin,ssp126,2029,Ireland,3862133.0,10.775955969363121,12946617.649049688,2837.614827189115,2756.266637525841,2918.9630168523895,49.01772075651387,50.89136139618294,47.14408011684482,598600303.2942857,299300151.6471428,897900454.9414284,3862133.0
Dublin,ssp126,2030,Ireland,3862133.0,10.74276510446768,11634975.215727072,2550.1315541321037,2360.9771370724498,2739.285971191757,44.0516574748266,48.40832975533931,39.694985194313865,537955154.1376516,268977577.0688258,806932731.2064774,3862133.0
Dublin,ssp126,2031,Ireland,3862133.0,10.766713459817094,13599361.586602928,2980.681991584346,2952.983988569283,3008.3799945994087,51.48910138455263,52.12705171020232,50.85115105890296,628780596.679372,314390298.339686,943170895.019058,3862133.0
Dublin,ssp126,2032,Ireland,3862133.0,10.662521881808642,11960294.503858624,2621.4344118047725,2459.0185663723696,2783.8502572371754,45.283362191425496,49.02418211363876,41.542542269212234,552996629.0480742,276498314.5240371,829494943.5721114,3862133.0
Dublin,ssp126,2033,Ireland,3862133.0,10.816624146986948,13399358.495092964,2936.8456975547647,2892.709084278609,2980.9823108309206,50.73186146631092,51.74843175108146,49.715291181540366,619533246.1757103,309766623.08785516,929299869.2635655,3862133.0
Dublin,ssp126,2034,Ireland,3862133.0,10.639809232371556,12103519.868033413,2652.8262724458223,2502.182374753813,2803.4701701378312,45.8256336245271,49.29531783018955,42.35594941886464,559618802.403194,279809401.201597,839428203.6047909,3862133.0
Dublin,ssp126,2035,Ireland,3862133.0,10.788911965714686,12624765.943200197,2767.0719875508707,2659.2702330232546,2874.8737420784864,47.79914479559539,50.2820734157237,45.31621617546706,583719155.6494088,291859577.8247044,875578733.4741132,3862133.0
Dublin,ssp126,2036,Ireland,3862133.0,10.704427388085728,12036658.637842365,2638.1717562395647,2482.032414970209,2794.3110975089207,45.5724875751277,49.16874480548986,41.97623034476555,556527404.035225,278263702.0176125,834791106.0528376,3862133.0
Dublin,ssp126,2037,Ireland,3862133.0,10.874175830965438,13314509.388074772,2918.2486330028323,2867.1381205197017,2969.3591454859625,50.41061077775276,51.587806406802386,49.23341514870313,615610159.6544162,307805079.8272081,923415239.4816244,3862133.0
Dublin,ssp126,2038,Ireland,3862133.0,10.891938837294578,13191622.963633297,2891.3146221663446,2830.1038556195313,2952.525388713158,49.94534543962951,51.35517373774076,48.535517141518255,609928378.2860745,304964189.14303726,914892567.4291117,3862133.0
Dublin,ssp126,2039,Ireland,3862133.0,10.870231255491936,14370465.536957242,3149.691076593511,3185.3714804568845,3114.010672730137,54.40860971771792,53.586805876784965,55.23041355865088,664433388.0929942,332216694.0464971,996650082.1394913,3862133.0
Dublin,ssp126,2040,Ireland,3862133.0,10.736755456260704,12062665.886545526,2643.8719751334083,2489.870215949244,2797.8737343175726,45.67095468747579,49.2179783616639,42.12393101328769,557729876.1699222,278864938.0849611,836594814.2548833,3862133.0
Dublin,ssp126,2041,Ireland,3862133.0,10.62799055930065,11955842.504756546,2620.4586311796593,2457.676868012839,2783.2403943464797,45.266506294796,49.01575416532401,41.517258424268036,552790786.249205,276395393.1246025,829186179.3738074,3862133.0
Dublin,ssp126,2042,Ireland,3862133.0,10.650389043419061,11123631.245128307,2438.056163315936,2206.8734747002195,2669.238851931653,42.115637068510466,47.440319552181236,36.790954584839696,514312634.9727654,257156317.4863827,771468952.459148,3862133.0
Dublin,ssp126,2043,Ireland,3862133.0,10.725357373000483,12115543.007661572,2655.461481131446,2505.8057866965455,2805.1171755663463,45.87115492722447,49.31807848153824,42.4242313729107,560174704.741786,280087352.370893,840262057.112679,3862133.0
Dublin,ssp126,2044,Ireland,3862133.0,10.731389882337208,13151652.73836823,2882.554024847974,2818.0580343067713,2947.050015389176,49.79401252830641,51.27950728207921,48.308517774533634,608080313.4389471,304040156.71947354,912120470.1584206,3862133.0
Dublin,ssp126,2045,Ireland,3862133.0,10.81781986447112,13639972.375717161,2989.582986458698,2965.2228565215173,3013.943116395879,51.64285956097091,52.20393079841146,51.08178832353036,630658278.6608571,315329139.33042854,945987417.9912856,3862133.0
Dublin,ssp126,2046,Ireland,3862133.0,10.801081551013278,12991753.931099068,2847.507710925966,2769.8693526640104,2925.146069187921,49.18861308758119,50.9768075617166,47.400418613445794,600687226.1382856,300343613.0691428,901030839.2074285,3862133.0
Dublin,ssp126,2047,Ireland,3862133.0,10.86617138353822,15126204.6956499,3315.3325360329973,3413.1284871861785,3217.5365848798156,57.26994478219106,55.017473409021534,59.52241615536059,699375772.4182142,349687886.2091071,1049063658.6273212,3862133.0
Dublin,ssp126,2048,Ireland,3862133.0,10.815521954962364,13345542.869471256,2925.050491939048,2876.4906765569986,2973.6103073210975,50.52810791611204,51.64655497598203,49.409660856242056,617045024.8740262,308522512.4370131,925567537.3110392,3862133.0
Dublin,ssp126,2049,Ireland,3862133.0,10.81378368860725,14703028.66705605,3222.5816256562634,3285.5959854181697,3159.567265894357,55.667740641870076,54.216371338861045,57.11910994487914,679809789.5545951,339904894.77729756,1019714684.3318927,3862133.0
Dublin,ssp126,2050,Ireland,3862133.0,10.967102084187687,14795528.592050713,3242.855581819477,3313.4726751425883,3172.238488496366,56.01795840656316,54.39148022120759,57.64443659191871,684086619.5852219,342043309.79261094,1026129929.3778329,3862133.0
Dublin,ssp126,2051,Ireland,3862133.0,10.79784923988615,13478983.888616271,2954.297838600969,2916.70577821714,2991.8898989847985,51.03333443868519,51.8991682372686,50.16750064010177,623214808.8822815,311607404.4411408,934822213.3234223,3862133.0
Dublin,ssp126,2052,Ireland,3862133.0,10.84699906497738,14259377.24734994,3125.342958323417,3151.892817835506,3098.793098811328,53.988013782401325,53.37650790912667,54.599519655675984,659297105.7330798,329648552.8665399,988945658.5996196,3862133.0
Dublin,ssp126,2053,Ireland,3862133.0,10.911513574334377,14858351.343443962,3256.62495198786,3332.405559124115,3180.844344851605,56.255814205539,54.5104081206955,58.001220290382506,686991294.6947505,343495647.3473753,1030486942.0421258,3862133.0
Dublin,ssp126,2054,Ireland,3862133.0,10.731416602171196,12764341.88382079,2797.663974536206,2701.334215128091,2893.9937339443213,48.32759899630848,50.546300516080244,46.10889747653673,590172594.1190463,295086297.05952317,885258891.1785696,3862133.0
Dublin,ssp126,2055,Ireland,3862133.0,10.77606033140859,13057944.983553108,2862.015338861098,2789.817341074817,2934.2133366473786,49.43922174952847,51.10211189269024,47.7763316063667,603747638.1430583,301873819.07152915,905621457.2145875,3862133.0
Dublin,ssp126,2056,Ireland,3862133.0,10.68597320860609,12084214.34043311,2648.5949239306874,2496.364270545502,2800.825577315872,45.752540173664414,49.25877110475821,42.246309242570625,558726191.2988839,279363095.64944196,838089286.9483259,3862133.0
Dublin,ssp126,2057,Ireland,3862133.0,10.773945450876191,13055506.51358413,2861.4808796898146,2789.082459714303,2933.879299665327,49.429989358238885,51.097495697045446,47.76248301943233,603634892.9533436,301817446.4766718,905452339.4300154,3862133.0
Dublin,ssp126,2058,Ireland,3862133.0,10.759762022350662,13343882.294198826,2924.686530235502,2875.9902292146226,2973.382831256381,50.52182074387867,51.64341138986534,49.400230097892,616968246.4529233,308484123.22646165,925452369.679385,3862133.0
Dublin,ssp126,2059,Ireland,3862133.0,10.961133986095373,14796367.684924856,3243.0394925864125,3313.7255524471248,3172.3534327257003,56.021135330552745,54.39306868320238,57.64920197790312,684125415.9150873,342062707.9575437,1026188123.8726311,3862133.0
Dublin,ssp126,2060,Ireland,3862133.0,10.78575242245503,13394388.67181536,2935.7564212199477,2891.211329318235,2980.30151312166,50.713045014305116,51.739023525078565,49.68706650353169,619303461.2386762,309651730.6193381,928955191.8580143,3862133.0
Dublin,ssp126,2061,Ireland,3862133.0,11.041925490007461,15879130.303369768,3480.357326766119,3640.0375744442213,3320.677079088017,60.12062734578273,56.44281469081737,63.79844000074808,734188069.2942408,367094034.6471204,1101282103.9413612,3862133.0
Dublin,ssp126,2062,Ireland,3862133.0,10.736636871535211,12500477.897432677,2739.8307720401813,2621.8135616960567,2857.847982384306,47.32857272140956,50.04678737863078,44.61035806418835,577972568.8644233,288986284.43221164,866958853.2966349,3862133.0
Dublin,ssp126,2063,Ireland,3862133.0,10.87188578847464,13588497.020109646,2978.300716736503,2949.7097356534996,3006.891697819507,51.447966603180035,52.10648431951603,50.789448886844056,628278262.1720641,314139131.08603203,942417393.2580961,3862133.0
Dublin,ssp126,2064,Ireland,3862133.0,10.652587216013155,12475127.140019976,2734.2744416483565,2614.1736074072974,2854.375275889415,47.23259117769625,49.99879660677413,44.46638574861839,576800450.2858618,288400225.1429309,865200675.4287927,3862133.0
Dublin,ssp126,2065,Ireland,3862133.0,10.862635415192194,13336463.611433433,2923.0605175745936,2873.7544618058737,2972.3665733433136,50.49373256439945,51.62936730012573,49.35809782867317,616625235.9559898,308312617.9779949,924937853.9339848,3862133.0
Dublin,ssp126,2066,Ireland,3862133.0,10.870707030041116,13438605.640405942,2945.4478115959655,2904.53699108526,2986.358632106671,50.880456694932874,51.82272936539244,49.93818402447332,621347878.6708244,310673939.3354122,932021818.0062366,3862133.0
Dublin,ssp126,2067,Ireland,3862133.0,10.88672655137927,14310294.692390142,3136.5029462774337,3167.2378012722793,3105.7680912825886,54.180794412081724,53.472898223966865,54.88869060019659,661651326.647781,330825663.3238905,992476989.9716716,3862133.0
Dublin,ssp126,2068,Ireland,3862133.0,10.787507930832794,14234896.203603195,3119.9772501049524,3144.5149690351172,3095.4395311747876,53.895325097314995,53.33016356658351,54.46048662804652,658165199.2684723,329082599.63423616,987247798.9027085,3862133.0
Dublin,ssp126,2069,Ireland,3862133.0,10.938668109231093,13865001.438292798,3038.904424831441,3033.0398342840385,3044.769015378843,52.49485133599954,52.629926685925774,52.3597759860733,641062730.9092547,320531365.45462734,961594096.3638821,3862133.0
Dublin,ssp126,2070,Ireland,3862133.0,10.919488555600996,14204479.73536028,3113.3106269284226,3135.3483621673886,3091.2728916894566,53.780164057795176,53.27258304682359,54.28774506876676,656758862.2923673,328379431.14618367,985138293.438551,3862133.0
Dublin,ssp126,2071,Ireland,3862133.0,10.866938040351592,13240147.96008791,2901.9502378276297,2844.7278271537984,2959.172648501461,50.129067921469954,51.44703497866098,48.81110086427889,612171981.8574843,306085990.9287422,918257972.7862265,3862133.0
Dublin,ssp126,2072,Ireland,3862133.0,10.86439870770681,14223531.077156534,3117.4862634865062,3141.0898624347537,3093.8826645382587,53.85229512534657,53.3086485805993,54.39594167009384,657639720.8522276,328819860.4261138,986459581.2783413,3862133.0
Dublin,ssp126,2073,Ireland,3862133.0,10.878037455817834,13593116.497718861,2979.313204979619,2951.1019069877834,3007.5245029714542,51.46545659706319,52.1152293164576,50.8156838776688,628491848.5135237,314245924.25676185,942737772.7702856,3862133.0
Dublin,ssp126,2074,Ireland,3862133.0,10.866800381175603,13921509.264692962,3051.289701850655,3050.069590185458,3052.509813515852,52.70879793812566,52.73689998698884,52.68069588926249,643675428.9079572,321837714.4539786,965513143.3619359,3862133.0
Dublin,ssp126,2075,Ireland,3862133.0,10.82688522195133,12299350.869907865,2695.7481358703594,2561.199936962552,2830.2963347781674,46.56707742286568,49.66603972935884,43.46811511637248,568673252.0126692,284336626.0063346,853009878.0190039,3862133.0
Dublin,ssp126,2076,Ireland,3862133.0,10.842045512707129,12892054.723154925,2825.6558297327288,2739.8230160233093,2911.488643442148,48.81113782206197,50.78806992895699,46.83420571516696,596077529.7889118,298038764.8944559,894116294.6833677,3862133.0
Dublin,ssp126,2077,Ireland,3862133.0,10.951383216111266,15307745.846693538,3355.1223773576303,3467.839519007549,3242.405235707711,57.9572851894614,55.361143612656704,60.5534267662661,707769515.9441988,353884757.9720994,1061654273.9162983,3862133.0
Dublin,ssp126,2078,Ireland,3862133.0,10.836161285632077,13718047.244871214,3006.695286547258,2988.752269143287,3024.638303951229,51.93846202935577,52.35173203260389,51.525192026107675,634268151.2640468,317134075.6320234,951402226.8960702,3862133.0
Dublin,ssp126,2079,Ireland,3862133.0,11.01889671127596,15170151.519996632,3324.9647167117328,3426.3727356194404,3223.5566978040256,57.4363336586032,55.10066784722761,59.771999469978816,701407699.4508862,350703849.7254431,1052111549.1763294,3862133.0
Dublin,ssp126,2080,Ireland,3862133.0,10.963190828238703,14676757.637676891,3216.823591819735,3277.678688892943,3155.9684947465266,55.568274818671995,54.166638427262,56.969911210081975,678595121.2465855,339297560.62329274,1017892681.8698783,3862133.0
Dublin,ssp126,2081,Ireland,3862133.0,10.839394476543005,12641919.260921111,2770.831618832167,2664.439726035037,2877.223511629297,47.86408967624945,50.31454585605073,45.41363349644817,584512257.0963334,292256128.5481667,876768385.6445,3862133.0
Dublin,ssp126,2082,Ireland,3862133.0,10.913287109308285,14173646.5503078,3106.552668560756,3126.056169411847,3087.049167709665,53.66342526964945,53.214213652750736,54.11263688654819,655333257.9820944,327666628.9910472,982999886.9731417,3862133.0
Dublin,ssp126,2083,Ireland,3862133.0,10.838480710417233,13255970.926707203,2905.4182853058305,2849.4963924363246,2961.3401781753364,50.18897590518497,51.47698897051849,48.90096283985143,612903573.1405572,306451786.5702786,919355359.7108357,3862133.0
Dublin,ssp126,2084,Ireland,3862133.0,10.80840046784232,12870151.431362547,2820.8551082439885,2733.2220239762914,2908.488192511685,48.72820886950996,50.74660545268099,46.709812286338945,595064808.3611634,297532404.1805817,892597212.5417451,3862133.0
Dublin,ssp126,2085,Ireland,3862133.0,10.940233841038408,13964714.217200942,3060.759280482541,3063.090260804301,3058.4283001607805,52.87237798310286,52.818690009477436,52.92606595672827,645673054.7262331,322836527.36311656,968509582.0893497,3862133.0
Dublin,ssp126,2086,Ireland,3862133.0,10.891291629372576,14390269.73699528,3154.03172317719,3191.339869509444,3116.7235768449364,54.483591212775956,53.624296624313985,55.34288580123794,665349055.8349963,332674527.9174982,998023583.7524946,3862133.0
Dublin,ssp126,2087,Ireland,3862133.0,10.87798841180175,14300568.639487173,3134.3712086548653,3164.3066620412474,3104.4357552684833,54.143970203768475,53.45448611981024,54.833454287726695,661201632.4978962,330600816.2489481,991802448.7468443,3862133.0
Dublin,ssp126,2088,Ireland,3862133.0,10.869915355128011,13730862.152713241,3009.5040334715377,2992.614296164172,3026.3937707789037,51.98698107820303,52.37599155702752,51.59797059937854,634860661.8277218,317430330.9138609,952290992.7415828,3862133.0
Dublin,ssp126,2089,Ireland,3862133.0,10.88121855991456,13743174.297792215,3012.202585817614,2996.324805640027,3028.080365995201,52.03359659630624,52.39929931607912,51.66789387653336,635429926.6332687,317714963.31663436,953144889.949903,3862133.0
Dublin,ssp126,2090,Ireland,3862133.0,10.880102477214987,14893606.035279876,3264.352007732718,3343.0302607732947,3185.6737546921413,56.38929344209437,54.57714773897319,58.20143914521556,688621331.9598945,344310665.97994727,1032931997.9398417,3862133.0
Dublin,ssp126,2091,Ireland,3862133.0,10.799410843271954,12826788.100734565,2811.3508165994995,2720.153622965119,2902.5480102338797,48.56402918262858,50.6645156092403,46.46354275601684,593059859.7661406,296529929.8830703,889589789.6492109,3862133.0
Dublin,ssp126,2092,Ireland,3862133.0,10.789330427346648,12236366.267368438,2681.9432914781564,2542.2182759232724,2821.66830703304,46.328608832618556,49.54680543423528,43.11041223100182,565761093.5474243,282880546.77371216,848641640.3211365,3862133.0
Dublin,ssp126,2093,Ireland,3862133.0,10.879381294843428,14553917.01860852,3189.8996205170783,3240.65822835179,3139.1410126823666,55.10318290615293,53.93409247100247,56.27227334130342,672915457.7372072,336457728.8686036,1009373186.6058108,3862133.0
Dublin,ssp126,2094,Ireland,3862133.0,10.844313043663648,13597644.245497651,2980.3055880544225,2952.4664337156382,3008.1447423932063,51.48259928886833,52.12380066236017,50.84139791537649,628701193.6310743,314350596.81553715,943051790.4466114,3862133.0
Dublin,ssp126,2095,Ireland,3862133.0,10.703242504270216,12846705.194854902,2815.716207091628,2726.1560348917956,2905.2763792914598,48.63943811060777,50.70222007322989,46.57665614798566,593980747.2832018,296990373.6416009,890971120.9248028,3862133.0
Dublin,ssp126,2096,Ireland,3862133.0,10.810285367821606,13577106.009842664,2975.804056951959,2946.276828449751,3005.331285454167,51.40483863141651,52.08492033363426,50.72475692919876,627751586.9905239,313875793.49526197,941627380.485786,3862133.0
Dublin,ssp126,2097,Ireland,3862133.0,10.838049958676969,13544101.702408832,2968.5702361445437,2936.3303248395555,3000.8101474495325,51.27987966766184,52.022440851756926,50.53731848356674,626225598.5837095,313112799.29185474,939338397.8755642,3862133.0
Dublin,ssp126,2098,Ireland,3862133.0,10.835430334787514,14273768.917153565,3128.497296910513,3156.230033392763,3100.7645604282634,54.04250267446385,53.40375235515793,54.681252993769775,659962519.5224484,329981259.7612242,989943779.2836726,3862133.0
Helsinki,ssp126,2024,Finland,4453441.0,6.647286971146658,14641322.528858976,3209.0569926259877,3145.9871846736296,3272.126800578346,60.8085764093228,62.40206020422149,59.21509261442412,351549209.8614541,175774604.93072706,527323814.7921812,4453441.0
Helsinki,ssp126,2025,Finland,4453441.0,6.949650143026824,17293944.928371992,3790.4536829302106,3945.407633841936,3635.4997320184852,71.82549045844304,67.91051722878161,75.74046368810447,415240676.7198413,207620338.35992065,622861015.079762,4453441.0
Helsinki,ssp126,2026,Finland,4453441.0,6.442985651369845,15390028.446260834,3373.156919727765,3371.624584438573,3374.689255016957,63.9181138774518,63.956828938285994,63.879398816617595,369526204.3004792,184763102.1502396,554289306.4507188,4453441.0
Helsinki,ssp126,2027,Finland,4453441.0,6.626499996723002,17077830.884360258,3743.0862212290085,3880.2773740027833,3605.895068455234,70.92792213204945,67.46173306558482,74.39411119851407,410051615.3312575,205025807.66562876,615077422.9968863,4453441.0
Helsinki,ssp126,2028,Finland,4453441.0,6.689905565758785,17053249.368326806,3737.6984916874294,3872.8692458831115,3602.527737491747,70.82582978396877,67.41068689154449,74.24097267639307,409461394.5693198,204730697.2846599,614192091.8539797,4453441.0
Helsinki,ssp126,2029,Finland,4453441.0,6.763243507481327,16111441.578399215,3531.2748664978208,3589.0367612474,3473.512971748242,66.9142985104905,65.45492125480534,68.37367576617565,386847878.3560222,193423939.1780111,580271817.5340333,4453441.0
Helsinki,ssp126,2030,Finland,4453441.0,6.6410145303687855,15469106.861106457,3390.4891750363945,3395.456435487939,3385.5219145848505,64.24654362291984,64.12104381102002,64.37204343481966,371424936.7545512,185712468.3772756,557137405.1318268,4453441.0
Helsinki,ssp126,2031,Finland,4453441.0,6.3801904577916995,16050994.859728232,3518.0262706247286,3570.819941921898,3465.232599327559,66.6632502254908,65.3293971123055,67.9971033386761,385396506.99625456,192698253.49812728,578094760.4943819,4453441.0
Helsinki,ssp126,2032,Finland,4453441.0,6.557064416075379,18593552.255851258,4075.2991245695016,4337.070116095961,3813.528133043042,77.22304053080708,70.60929226496364,83.83678879665052,446445230.01105183,223222615.00552592,669667845.0165777,4453441.0
Helsinki,ssp126,2033,Finland,4453441.0,6.888460319507442,18526542.51559438,4060.61205821183,4316.875399854163,3804.348716569498,76.94473459891138,70.47013929901578,83.41932989880698,444836275.54714334,222418137.77357167,667254413.320715,4453441.0
Helsinki,ssp126,2034,Finland,4453441.0,6.5050428816119785,16413486.308766115,3597.4764512357715,3680.0639402620823,3514.8889622094607,68.16875554668714,66.08214977290366,70.2553613204706,394100200.4119038,197050100.2059519,591150300.6178557,4453441.0
Helsinki,ssp126,2035,Finland,4453441.0,6.79907674652605,16121409.513574095,3533.459619412863,3592.040796505583,3474.878442320143,66.95569749931343,65.4756207492168,68.43577424941004,387087216.0065502,193543608.0032751,580630824.0098252,4453441.0
Helsinki,ssp126,2036,Finland,4453441.0,6.664306208583587,16892650.63075632,3702.4987683843096,3824.469626341322,3580.5279104272972,70.15882852192107,67.07718626052063,73.24047078332151,405605297.6090637,202802648.80453184,608407946.4135956,4453441.0
Helsinki,ssp126,2037,Finland,4453441.0,6.833373542461906,18408575.397726756,4034.7562515559116,4281.323665702275,3788.1888374095483,76.45479166605797,70.22516783258908,82.68441549952684,442003795.9679071,221001897.98395354,663005693.9518607,4453441.0
Helsinki,ssp126,2038,Finland,4453441.0,6.703712108233975,17644251.448875256,3867.2331942733913,4050.9794619388094,3683.486926607973,73.28038913830768,68.63796656871394,77.92281170790142,423651800.8003009,211825900.40015045,635477701.2004514,4453441.0
Helsinki,ssp126,2039,Finland,4453441.0,6.895146152996657,17754269.368922286,3891.3467109960284,4084.1355474324355,3698.5578745596213,73.73731733481374,68.86643066696696,78.60820400266053,426293414.13727283,213146707.06863642,639440121.2059093,4453441.0
Helsinki,ssp126,2040,Finland,4453441.0,7.009621964937093,18699522.418031126,4098.525461485637,4369.006329355647,3828.0445936156266,77.66315751418222,70.8293507566512,84.49696427171321,448989653.6250935,224494826.81254676,673484480.4376403,4453441.0
Helsinki,ssp126,2041,Finland,4453441.0,7.120808138778276,18713693.165569015,4101.631378754216,4373.276965599943,3829.9857919084884,77.72201169096417,70.85877784504217,84.58524553688613,449329903.9740817,224664951.98704085,673994855.9611225,4453441.0
Helsinki,ssp126,2042,Finland,4453441.0,6.832105501409379,17606081.993264552,3858.8672861943332,4039.4763383301047,3678.258234058562,73.1218631408487,68.55870356998444,77.68502271171296,422735323.3485995,211367661.67429975,634102985.0228993,4453441.0
Helsinki,ssp126,2043,Finland,4453441.0,7.126212602743036,18399973.768440515,4032.8709629452287,4278.731393862586,3787.0105320278717,76.41906724084527,70.20730561998273,82.63082886170781,441797264.35348904,220898632.17674452,662695896.5302336,4453441.0
Helsinki,ssp126,2044,Finland,4453441.0,6.62948524880029,16811655.485464692,3684.7464077724458,3800.0601305000096,3569.4326850448824,69.82243818071092,66.90899108991556,72.73588527150629,403660543.0096231,201830271.50481156,605490814.5144347,4453441.0
Helsinki,ssp126,2045,Finland,4453441.0,6.7162596764306794,16636709.979844414,3646.402187362522,3747.336827436364,3545.4675472886797,69.09585169065778,66.54569784488898,71.64600553642657,399459969.3149716,199729984.6574858,599189953.9724574,4453441.0
Helsinki,ssp126,2046,Finland,4453441.0,6.970143661070815,19738006.354448568,4326.138379056583,4681.974091015698,3970.302667097468,81.97620571546534,72.98587485729277,90.96653657363792,473924437.1176261,236962218.55881304,710886655.676439,4453441.0
Helsinki,ssp126,2047,Finland,4453441.0,6.672009796512291,17548267.39112532,3846.195592574776,4022.0527596032134,3670.338425546339,72.88174660459802,68.43864530185911,77.32484790733696,421347151.094321,210673575.5471605,632020726.6414815,4453441.0
Helsinki,ssp126,2048,Finland,4453441.0,6.963035252335363,18055074.189404197,3957.2765346632964,4174.789054974929,3739.7640143516637,74.98662475731712,69.49108437821864,80.48216513641557,433515965.0205361,216757982.51026806,650273947.5308042,4453441.0
Helsinki,ssp126,2049,Finland,4453441.0,7.084441497284129,19746227.004632108,4327.94016539818,4684.451547235394,3971.4287835609666,82.01034785213605,73.00294592562813,91.01774977864397,474121821.13610345,237060910.56805173,711182731.7041552,4453441.0
Helsinki,ssp126,2050,Finland,4453441.0,6.677937050575421,17717942.775341175,3883.38471788236,4073.1878069011414,3693.5816288635788,73.58644514160076,68.79099457036048,78.38189571284104,425421185.1944824,212710592.5972412,638131777.7917236,4453441.0
Helsinki,ssp126,2051,Finland,4453441.0,6.710607105731365,15548745.892644312,3407.9443052364722,3419.457239513046,3396.4313709598987,64.57730173065835,64.28642286488926,64.86818059642742,373337130.0387361,186668565.01936805,560005695.0581042,4453441.0
Helsinki,ssp126,2052,Finland,4453441.0,7.172179103090345,19564956.62691519,4288.209671652007,4629.822118334406,3946.5972249696083,81.2574928014792,72.6265184002997,89.8884672026587,469769382.4863794,234884691.2431897,704654073.7295691,4453441.0
Helsinki,ssp126,2053,Finland,4453441.0,6.983423044587626,17409611.690829583,3815.805302098998,3980.2661101990184,3651.344493998977,72.3058795181785,68.15071175864935,76.46104727770765,418017923.02864015,209008961.51432008,627026884.5429602,4453441.0
Helsinki,ssp126,2054,Finland,4453441.0,7.156603720076661,19062015.39927591,4177.97597792285,4478.250789456814,3877.7011663888848,79.16866919896489,71.58210659904253,86.75523179888722,457693383.8301875,228846691.91509375,686540075.7452812,4453441.0
Helsinki,ssp126,2055,Finland,4453441.0,7.058006347949433,18918268.865477987,4146.469888323305,4434.929916257441,3858.0098603891693,78.57165878089656,71.28360139000839,85.85971617178474,454241921.007933,227120960.5039665,681362881.5118995,4453441.0
Helsinki,ssp126,2056,Finland,4453441.0,6.990887571866063,18731821.614163615,4105.604737350292,4378.740333669549,3832.4691410310365,77.79730305548226,70.89642352730124,84.69818258366331,449765181.7139775,224882590.85698876,674647772.5709662,4453441.0
Helsinki,ssp126,2057,Finland,4453441.0,6.992716335971956,18220535.936346434,3993.5421230341976,4224.654238984918,3762.430007083477,75.67382314816784,69.83468357364401,81.51296272269165,437488826.50795966,218744413.25397983,656233239.7619395,4453441.0
Helsinki,ssp126,2058,Finland,4453441.0,7.064601415334058,20394021.99199304,4469.922628381399,4879.67743383732,4060.1678229254776,84.70078042124825,74.34816221018423,95.05339863231228,489675867.94506603,244837933.97253302,734513801.9175991,4453441.0
Helsinki,ssp126,2059,Finland,4453441.0,7.193695342213827,20428522.660852928,4477.4844188164425,4890.074895685506,4064.8939419473804,84.84406915451703,74.41980657681862,95.26833173221544,490504255.0565092,245252127.5282546,735756382.5847638,4453441.0
Helsinki,ssp126,2060,Finland,4453441.0,6.966085980054861,18258680.277781636,4001.902526636434,4236.149793937993,3767.6552593348747,75.83224484102887,69.91389442007453,81.7505952619832,438404700.94934314,219202350.47467157,657607051.4240147,4453441.0
Helsinki,ssp126,2061,Finland,4453441.0,7.293697652035838,21307522.169658426,4670.141845403949,5154.978857243326,4185.304833564572,88.4947440638094,76.24514403146479,100.74434409615398,511609697.012327,255804848.5061635,767414545.5184906,4453441.0
Helsinki,ssp126,2062,Finland,4453441.0,6.848654493771559,18249696.5513191,3999.9334906994395,4233.442369524625,3766.424611874253,75.7949334836729,69.89523874139655,81.69462822594927,438188994.89319336,219094497.44659668,657283492.3397901,4453441.0
Helsinki,ssp126,2063,Finland,4453441.0,7.305000090464479,21280317.101697087,4664.179090782286,5146.780069638539,4181.578111926032,88.38175553763031,76.18864976837526,100.57486130688538,510956482.7875062,255478241.3937531,766434724.1812594,4453441.0
Helsinki,ssp126,2064,Finland,4453441.0,7.112118075363392,19671587.795847047,4311.580886760359,4661.95753910839,3961.2042344123283,81.70035508873696,72.84794954392858,90.55276063354533,472329677.3716752,236164838.6858376,708494516.0575128,4453441.0
Helsinki,ssp126,2065,Finland,4453441.0,7.206536189041894,19276633.024730034,4225.015457474439,4542.930073840251,3907.100841108628,80.06002257571706,72.02778328741863,88.09226186401551,462846515.0792287,231423257.53961435,694269772.6188431,4453441.0
Helsinki,ssp126,2066,Finland,4453441.0,7.117814515654766,19808639.006138798,4341.619508194168,4703.260643579877,3979.9783728084585,82.26955838144434,73.13255119028227,91.40656557260641,475620380.4207792,237810190.2103896,713430570.6311688,4453441.0
Helsinki,ssp126,2067,Finland,4453441.0,7.1139338721283965,19772242.494296268,4333.642190530051,4692.291831791717,3974.992549268386,82.11839580258254,73.05696990085137,91.1798217043137,474746472.68773544,237373236.34386772,712119709.0316031,4453441.0
Helsinki,ssp126,2068,Finland,4453441.0,7.186868430808777,20954832.968619477,4592.840102710481,5048.6889610398075,4136.9912443811545,87.02994959678978,75.51274679795497,98.54715239562455,503141362.9729977,251570681.48649886,754712044.4594966,4453441.0
Helsinki,ssp126,2069,Finland,4453441.0,7.357087703937718,19999647.124373145,4383.484301231832,4760.824734006666,4006.1438684569994,83.06285637276731,73.52920018594376,92.59651255959088,480206629.57348144,240103314.78674072,720309944.3602221,4453441.0
Helsinki,ssp126,2070,Finland,4453441.0,7.407489925513679,19978607.061003435,4378.872780493266,4754.4838929911375,4003.2616679953953,82.97547244289674,73.48550822100847,92.46543666478502,479701441.76421916,239850720.88210958,719552162.6463287,4453441.0
Helsinki,ssp126,2071,Finland,4453441.0,7.272595924136284,19751526.395877056,4329.101675808032,4686.048624048941,3972.1547275671237,82.03235736915929,73.01395068413973,91.05076405417883,474249063.52156675,237124531.76078337,711373595.2823501,4453441.0
Helsinki,ssp126,2072,Finland,4453441.0,7.3271468574808525,19614478.34997025,4299.063747938048,4644.746473227713,3953.381022648384,81.46316721882644,72.72935560897331,90.19697882867953,470958436.45173484,235479218.22586742,706437654.6776023,4453441.0
Helsinki,ssp126,2073,Finland,4453441.0,7.244192239267186,18783069.525141813,4116.837156194828,4394.184909580785,3839.489402808871,78.01014670429839,71.0028453517093,85.01744805688747,450995682.754845,225497841.3774225,676493524.1322675,4453441.0
Helsinki,ssp126,2074,Finland,4453441.0,7.223697108487806,21599423.791061845,4734.120282971822,5242.949208899152,4225.2913570444925,89.70707457658446,76.85130928785233,102.5628398653166,518618475.36273915,259309237.68136957,777927713.0441087,4453441.0
Helsinki,ssp126,2075,Finland,4453441.0,7.475520886198139,20274899.795794144,4443.813653872052,4843.777593886968,4043.8497138571365,84.20604019847605,74.10079209879811,94.31128829815397,486815654.06287426,243407827.03143713,730223481.0943114,4453441.0
Helsinki,ssp126,2076,Finland,4453441.0,7.17945276343492,19743741.021311,4327.3952923415,4683.702346782459,3971.088237900541,82.00002302618981,72.99778351265499,91.0022625397246,474062130.79934996,237031065.39967498,711093196.1990249,4453441.0
Helsinki,ssp126,2077,Finland,4453441.0,7.312970319458094,20497295.55908779,4492.55793075833,4910.8009746056005,4074.31488691106,85.12969786250856,74.56262093081438,95.69677479420272,492155544.2748635,246077772.13743174,738233316.4122952,4453441.0
Helsinki,ssp126,2078,Finland,4453441.0,7.088400216715035,18923747.884524774,4147.670769210272,4436.58112747702,3858.7604109435238,78.59441433099786,71.29497916505903,85.8938494969367,454373476.3925588,227186738.1962794,681560214.5888382,4453441.0
Helsinki,ssp126,2079,Finland,4453441.0,7.083039369300028,18429558.523542453,4039.3552928305853,4287.647347454951,3791.0632382062195,76.54193912196267,70.26874156054143,82.81513668338391,442507616.663503,221253808.3317515,663761424.9952545,4453441.0
Helsinki,ssp126,2080,Finland,4453441.0,7.076527272838131,20546681.306606263,4503.382204187037,4925.684350570072,4081.0800578040016,85.33480754406838,74.66517577159429,96.00443931654249,493341333.3649077,246670666.68245384,740012000.0473615,4453441.0
Helsinki,ssp126,2081,Finland,4453441.0,7.102988966525679,20086863.057824206,4402.600122262203,4787.108987923425,4018.09125660098,83.42508299149773,73.71031349530895,93.1398524876865,482300749.99406666,241150374.99703333,723451124.9911,4453441.0
Helsinki,ssp126,2082,Finland,4453441.0,7.008651711891185,19966696.10666099,4376.262160363415,4750.894290312592,4001.6300304142383,82.92600367559018,73.46077383735519,92.39123351382517,479415450.7562669,239707725.37813345,719123176.1344004,4453441.0
Helsinki,ssp126,2083,Finland,4453441.0,7.162799081625872,20193493.031969365,4425.971075499498,4819.244048624706,4032.6981023742896,83.86794031654816,73.93174215783417,93.8041384752621,484861016.1916316,242430508.0958158,727291524.2874475,4453441.0
Helsinki,ssp126,2084,Finland,4453441.0,7.243198299190279,19864441.621254764,4353.8502183565715,4720.077870053182,3987.6225666599607,82.5013187008029,73.24843134996154,91.75420605164422,476960243.3473391,238480121.67366955,715440365.0210086,4453441.0
Helsinki,ssp126,2085,Finland,4453441.0,7.173891130881384,19738667.95665198,4326.2833877587,4682.173477981109,3970.3932975362914,81.97895349238641,72.9872487457533,90.97065823901954,473940322.68611836,236970161.34305918,710910484.0291775,4453441.0
Helsinki,ssp126,2086,Finland,4453441.0,6.966789085038914,20944021.33303473,4590.47042915766,5045.430659904679,4135.510198410641,86.98504653784349,75.49029526848184,98.47979780720512,502881767.4385344,251440883.7192672,754322651.1578016,4453441.0
Helsinki,ssp126,2087,Finland,4453441.0,7.038616151030799,18624926.61873604,4082.1756972565768,4346.525403540689,3817.8259909724643,77.35334503977566,70.67444451944792,84.03224556010335,447198552.15529895,223599276.07764947,670797828.2329484,4453441.0
Helsinki,ssp126,2088,Finland,4453441.0,7.029637338800196,19412784.20453311,4254.856811951826,4583.9619362466565,3925.7516876569944,80.62548784731102,72.3105159232156,88.94045977140641,466115607.71666926,233057803.85833463,699173411.5750039,4453441.0
Helsinki,ssp126,2089,Finland,4453441.0,7.278248070496526,22079088.68876691,4839.252315345535,5387.505753413007,4290.998877278063,91.69922655093521,77.8473852750277,105.55106782684271,530135591.76080716,265067795.88040358,795203387.6412108,4453441.0
Helsinki,ssp126,2090,Finland,4453441.0,7.001990888777785,19662385.518765394,4309.563949317805,4659.184250124878,3959.9436485107317,81.66213604343173,72.82884002127597,90.49543206558747,472108723.75012875,236054361.87506437,708163085.6251931,4453441.0
Helsinki,ssp126,2091,Finland,4453441.0,6.908434784616897,19288089.62333432,4227.526492784968,4546.3827473922265,3908.670238177708,80.10760430545812,72.05157415228916,88.16363445862709,463121596.66281503,231560798.33140752,694682394.9942225,4453441.0
Helsinki,ssp126,2092,Finland,4453441.0,6.999615903883325,19976988.76957713,4378.518086482021,4753.996188725676,4003.0399842383677,82.96875132889528,73.48214766400773,92.4553549937828,479662585.3650707,239831292.68253535,719493878.047606,4453441.0
Helsinki,ssp126,2093,Finland,4453441.0,6.967002528099678,18274141.246427476,4005.2912320930564,4240.809263940849,3769.773200245264,75.89645758488514,69.94600079200266,81.84691437776759,438775930.4814039,219387965.24070194,658163895.7221059,4453441.0
Helsinki,ssp126,2094,Finland,4453441.0,7.288529985525733,22053217.85231799,4833.581995027964,5379.709062976346,4287.4549270795815,91.59177937655073,77.79366168783545,105.38989706526598,529514413.44210356,264757206.72105178,794271620.1631553,4453441.0
Helsinki,ssp126,2095,Finland,4453441.0,7.176814377168466,18850782.727114882,4131.678405942351,4414.591627983628,3848.7651839010728,78.29137426471746,71.14345913191883,85.43928939751609,452621527.8657568,226310763.9328784,678932291.7986352,4453441.0
Helsinki,ssp126,2096,Finland,4453441.0,7.209941481089267,20705811.250878908,4538.260000192,4973.641320076897,4102.878680307104,85.99570859014823,74.99562629463422,96.99579088566227,497162163.4889686,248581081.7444843,745743245.2334529,4453441.0
Helsinki,ssp126,2097,Finland,4453441.0,7.155366114054854,20285383.02273608,4446.111347448366,4846.936922554401,4045.285772342333,84.24957930536058,74.12256165224038,94.37659695848077,487067364.2578359,243533682.12891796,730601046.3867539,4453441.0
Helsinki,ssp126,2098,Finland,4453441.0,7.0360984918883895,19389407.199935112,4249.733084916647,4576.916811573287,3922.5493582600084,80.52839809551321,72.26197104731669,88.79482514370969,465554308.1838464,232777154.0919232,698331462.2757696,4453441.0
Istanbul,ssp126,2024,Turkey,,14.731734889725397,0.0,0.0,0.0,0.0,0.0,0.0,0.0,0.0,0.0,0.0,
Istanbul,ssp126,2025,Turkey,,15.143306939839677,0.0,0.0,0.0,0.0,0.0,0.0,0.0,0.0,0.0,0.0,
Istanbul,ssp126,2026,Turkey,,14.917220616419817,0.0,0.0,0.0,0.0,0.0,0.0,0.0,0.0,0.0,0.0,
Istanbul,ssp126,2027,Turkey,,14.820065659781218,0.0,0.0,0.0,0.0,0.0,0.0,0.0,0.0,0.0,0.0,
Istanbul,ssp126,2028,Turkey,,15.009667878406276,0.0,0.0,0.0,0.0,0.0,0.0,0.0,0.0,0.0,0.0,
Istanbul,ssp126,2029,Turkey,,14.807773445352915,0.0,0.0,0.0,0.0,0.0,0.0,0.0,0.0,0.0,0.0,
Istanbul,ssp126,2030,Turkey,,15.026920349513118,0.0,0.0,0.0,0.0,0.0,0.0,0.0,0.0,0.0,0.0,
Istanbul,ssp126,2031,Turkey,,15.001910897940547,0.0,0.0,0.0,0.0,0.0,0.0,0.0,0.0,0.0,0.0,
Istanbul,ssp126,2032,Turkey,,15.041037816673127,0.0,0.0,0.0,0.0,0.0,0.0,0.0,0.0,0.0,0.0,
Istanbul,ssp126,2033,Turkey,,14.866518418746113,0.0,0.0,0.0,0.0,0.0,0.0,0.0,0.0,0.0,0.0,
Istanbul,ssp126,2034,Turkey,,14.901552122866882,0.0,0.0,0.0,0.0,0.0,0.0,0.0,0.0,0.0,0.0,
Istanbul,ssp126,2035,Turkey,,15.187835640328789,0.0,0.0,0.0,0.0,0.0,0.0,0.0,0.0,0.0,0.0,
Istanbul,ssp126,2036,Turkey,,15.101548229873437,0.0,0.0,0.0,0.0,0.0,0.0,0.0,0.0,0.0,0.0,
Istanbul,ssp126,2037,Turkey,,14.87679710553871,0.0,0.0,0.0,0.0,0.0,0.0,0.0,0.0,0.0,0.0,
Istanbul,ssp126,2038,Turkey,,14.958368152067074,0.0,0.0,0.0,0.0,0.0,0.0,0.0,0.0,0.0,0.0,
Istanbul,ssp126,2039,Turkey,,15.048566260594862,0.0,0.0,0.0,0.0,0.0,0.0,0.0,0.0,0.0,0.0,
Istanbul,ssp126,2040,Turkey,,14.99898075867654,0.0,0.0,0.0,0.0,0.0,0.0,0.0,0.0,0.0,0.0,
Istanbul,ssp126,2041,Turkey,,15.098049567278773,0.0,0.0,0.0,0.0,0.0,0.0,0.0,0.0,0.0,0.0,
Istanbul,ssp126,2042,Turkey,,15.102347898205082,0.0,0.0,0.0,0.0,0.0,0.0,0.0,0.0,0.0,0.0,
Istanbul,ssp126,2043,Turkey,,15.025175116744526,0.0,0.0,0.0,0.0,0.0,0.0,0.0,0.0,0.0,0.0,
Istanbul,ssp126,2044,Turkey,,14.922349423599965,0.0,0.0,0.0,0.0,0.0,0.0,0.0,0.0,0.0,0.0,
Istanbul,ssp126,2045,Turkey,,15.099207584153095,0.0,0.0,0.0,0.0,0.0,0.0,0.0,0.0,0.0,0.0,
Istanbul,ssp126,2046,Turkey,,15.334729080021502,0.0,0.0,0.0,0.0,0.0,0.0,0.0,0.0,0.0,0.0,
Istanbul,ssp126,2047,Turkey,,15.206460715866083,0.0,0.0,0.0,0.0,0.0,0.0,0.0,0.0,0.0,0.0,
Istanbul,ssp126,2048,Turkey,,15.200194915049643,0.0,0.0,0.0,0.0,0.0,0.0,0.0,0.0,0.0,0.0,
Istanbul,ssp126,2049,Turkey,,15.198043064886601,0.0,0.0,0.0,0.0,0.0,0.0,0.0,0.0,0.0,0.0,
Istanbul,ssp126,2050,Turkey,,15.072049691593119,0.0,0.0,0.0,0.0,0.0,0.0,0.0,0.0,0.0,0.0,
Istanbul,ssp126,2051,Turkey,,15.091213244319297,0.0,0.0,0.0,0.0,0.0,0.0,0.0,0.0,0.0,0.0,
Istanbul,ssp126,2052,Turkey,,15.366350531365773,0.0,0.0,0.0,0.0,0.0,0.0,0.0,0.0,0.0,0.0,
Istanbul,ssp126,2053,Turkey,,15.203340006647876,0.0,0.0,0.0,0.0,0.0,0.0,0.0,0.0,0.0,0.0,
Istanbul,ssp126,2054,Turkey,,15.335191385609546,0.0,0.0,0.0,0.0,0.0,0.0,0.0,0.0,0.0,0.0,
Istanbul,ssp126,2055,Turkey,,15.184441656382477,0.0,0.0,0.0,0.0,0.0,0.0,0.0,0.0,0.0,0.0,
Istanbul,ssp126,2056,Turkey,,15.092972810918162,0.0,0.0,0.0,0.0,0.0,0.0,0.0,0.0,0.0,0.0,
Istanbul,ssp126,2057,Turkey,,15.280954079670247,0.0,0.0,0.0,0.0,0.0,0.0,0.0,0.0,0.0,0.0,
Istanbul,ssp126,2058,Turkey,,15.437045897469668,0.0,0.0,0.0,0.0,0.0,0.0,0.0,0.0,0.0,0.0,
Istanbul,ssp126,2059,Turkey,,15.337640302299665,0.0,0.0,0.0,0.0,0.0,0.0,0.0,0.0,0.0,0.0,
Istanbul,ssp126,2060,Turkey,,15.290342247515902,0.0,0.0,0.0,0.0,0.0,0.0,0.0,0.0,0.0,0.0,
Istanbul,ssp126,2061,Turkey,,15.393247505190786,0.0,0.0,0.0,0.0,0.0,0.0,0.0,0.0,0.0,0.0,
Istanbul,ssp126,2062,Turkey,,15.357949876486279,0.0,0.0,0.0,0.0,0.0,0.0,0.0,0.0,0.0,0.0,
Istanbul,ssp126,2063,Turkey,,15.51730794412822,0.0,0.0,0.0,0.0,0.0,0.0,0.0,0.0,0.0,0.0,
Istanbul,ssp126,2064,Turkey,,15.348014460946965,0.0,0.0,0.0,0.0,0.0,0.0,0.0,0.0,0.0,0.0,
Istanbul,ssp126,2065,Turkey,,14.975511606157594,0.0,0.0,0.0,0.0,0.0,0.0,0.0,0.0,0.0,0.0,
Istanbul,ssp126,2066,Turkey,,15.222074744971584,0.0,0.0,0.0,0.0,0.0,0.0,0.0,0.0,0.0,0.0,
Istanbul,ssp126,2067,Turkey,,15.221078822542015,0.0,0.0,0.0,0.0,0.0,0.0,0.0,0.0,0.0,0.0,
Istanbul,ssp126,2068,Turkey,,15.299094081023663,0.0,0.0,0.0,0.0,0.0,0.0,0.0,0.0,0.0,0.0,
Istanbul,ssp126,2069,Turkey,,15.51263295442039,0.0,0.0,0.0,0.0,0.0,0.0,0.0,0.0,0.0,0.0,
Istanbul,ssp126,2070,Turkey,,15.308639135411141,0.0,0.0,0.0,0.0,0.0,0.0,0.0,0.0,0.0,0.0,
Istanbul,ssp126,2071,Turkey,,15.378464493065254,0.0,0.0,0.0,0.0,0.0,0.0,0.0,0.0,0.0,0.0,
Istanbul,ssp126,2072,Turkey,,15.140079948687465,0.0,0.0,0.0,0.0,0.0,0.0,0.0,0.0,0.0,0.0,
Istanbul,ssp126,2073,Turkey,,15.43333160720824,0.0,0.0,0.0,0.0,0.0,0.0,0.0,0.0,0.0,0.0,
Istanbul,ssp126,2074,Turkey,,15.39923837769621,0.0,0.0,0.0,0.0,0.0,0.0,0.0,0.0,0.0,0.0,
Istanbul,ssp126,2075,Turkey,,15.315747932700354,0.0,0.0,0.0,0.0,0.0,0.0,0.0,0.0,0.0,0.0,
Istanbul,ssp126,2076,Turkey,,15.21514653520327,0.0,0.0,0.0,0.0,0.0,0.0,0.0,0.0,0.0,0.0,
Istanbul,ssp126,2077,Turkey,,15.579995676392114,0.0,0.0,0.0,0.0,0.0,0.0,0.0,0.0,0.0,0.0,
Istanbul,ssp126,2078,Turkey,,15.53440427789145,0.0,0.0,0.0,0.0,0.0,0.0,0.0,0.0,0.0,0.0,
Istanbul,ssp126,2079,Turkey,,15.2462353407633,0.0,0.0,0.0,0.0,0.0,0.0,0.0,0.0,0.0,0.0,
Istanbul,ssp126,2080,Turkey,,15.469054363813672,0.0,0.0,0.0,0.0,0.0,0.0,0.0,0.0,0.0,0.0,
Istanbul,ssp126,2081,Turkey,,15.423343413782192,0.0,0.0,0.0,0.0,0.0,0.0,0.0,0.0,0.0,0.0,
Istanbul,ssp126,2082,Turkey,,15.208409642592214,0.0,0.0,0.0,0.0,0.0,0.0,0.0,0.0,0.0,0.0,
Istanbul,ssp126,2083,Turkey,,15.287494767239998,0.0,0.0,0.0,0.0,0.0,0.0,0.0,0.0,0.0,0.0,
Istanbul,ssp126,2084,Turkey,,15.355264854083634,0.0,0.0,0.0,0.0,0.0,0.0,0.0,0.0,0.0,0.0,
Istanbul,ssp126,2085,Turkey,,15.447584887391304,0.0,0.0,0.0,0.0,0.0,0.0,0.0,0.0,0.0,0.0,
Istanbul,ssp126,2086,Turkey,,15.42477977923615,0.0,0.0,0.0,0.0,0.0,0.0,0.0,0.0,0.0,0.0,
Istanbul,ssp126,2087,Turkey,,15.335598383067115,0.0,0.0,0.0,0.0,0.0,0.0,0.0,0.0,0.0,0.0,
Istanbul,ssp126,2088,Turkey,,15.288831182615668,0.0,0.0,0.0,0.0,0.0,0.0,0.0,0.0,0.0,0.0,
Istanbul,ssp126,2089,Turkey,,15.075807372039515,0.0,0.0,0.0,0.0,0.0,0.0,0.0,0.0,0.0,0.0,
Istanbul,ssp126,2090,Turkey,,15.430448190913465,0.0,0.0,0.0,0.0,0.0,0.0,0.0,0.0,0.0,0.0,
Istanbul,ssp126,2091,Turkey,,15.22823537572212,0.0,0.0,0.0,0.0,0.0,0.0,0.0,0.0,0.0,0.0,
Istanbul,ssp126,2092,Turkey,,15.201980551729722,0.0,0.0,0.0,0.0,0.0,0.0,0.0,0.0,0.0,0.0,
Istanbul,ssp126,2093,Turkey,,15.452530797829398,0.0,0.0,0.0,0.0,0.0,0.0,0.0,0.0,0.0,0.0,
Istanbul,ssp126,2094,Turkey,,15.39186103888996,0.0,0.0,0.0,0.0,0.0,0.0,0.0,0.0,0.0,0.0,
Istanbul,ssp126,2095,Turkey,,15.60761226895197,0.0,0.0,0.0,0.0,0.0,0.0,0.0,0.0,0.0,0.0,
Istanbul,ssp126,2096,Turkey,,15.407736759102145,0.0,0.0,0.0,0.0,0.0,0.0,0.0,0.0,0.0,0.0,
Istanbul,ssp126,2097,Turkey,,15.116907959514194,0.0,0.0,0.0,0.0,0.0,0.0,0.0,0.0,0.0,0.0,
Istanbul,ssp126,2098,Turkey,,15.224630925066728,0.0,0.0,0.0,0.0,0.0,0.0,0.0,0.0,0.0,0.0,
Jerusalem,ssp126,2024,Israel,5967213.5,20.464478203113146,-2715781.1607728517,-595.2397064707468,227.0736706653613,-1417.5530836068551,-16.819418550026626,-47.80040031581992,14.161563215766577,-63974471.55297604,-31987235.77648802,-95961707.32946406,5967213.5
Jerusalem,ssp126,2025,Israel,5967213.5,20.562566398013697,-2485487.070767763,-544.76428948333,296.4773690230593,-1386.0059479897197,-15.393157573869807,-47.08726982774147,16.300954680001894,-58549534.18222829,-29274767.091114145,-87824301.27334243,5967213.5
Jerusalem,ssp126,2026,Israel,5967213.5,20.583030264155248,-3244568.9348807083,-711.1383966861674,67.71297161915822,-1489.989764991493,-20.09431529992679,-49.43784869076998,9.249218090916386,-76430894.36820696,-38215447.18410348,-114646341.55231044,5967213.5
Jerusalem,ssp126,2027,Israel,5967213.5,20.49503423435237,-2740683.3655979214,-600.6977239666523,219.5688966084915,-1420.9643445417962,-16.973643276164772,-47.87751267888895,13.930226126559432,-64561081.92394365,-32280540.961971827,-96841622.88591549,5967213.5
Jerusalem,ssp126,2028,Israel,5967213.5,20.53238638395011,-2239743.7195297303,-490.9027330475967,370.5370091221928,-1352.3424752173864,-13.87121599033604,-46.32629903597459,18.58386705530259,-52760665.30715409,-26380332.653577045,-79140997.96073113,5967213.5
Jerusalem,ssp126,2029,Israel,5967213.5,20.41761000376473,-4277472.839529441,-937.5282935954788,-243.57313663114496,-1631.4834505598126,-26.491311989194685,-52.636347035403915,-0.34627694298545464,-100762560.85863386,-50381280.42931693,-151143841.28795078,5967213.5
Jerusalem,ssp126,2030,Israel,5967213.5,20.63627829987001,-2960033.6730855526,-648.7745036899689,153.46332448893077,-1451.012331868869,-18.332127046506848,-48.55675456406,11.89250047104629,-69728221.38613465,-34864110.69306733,-104592332.07920198,5967213.5
Jerusalem,ssp126,2031,Israel,5967213.5,20.627956781660735,-1439060.7417075234,-315.4105735249216,611.8387284658718,-1242.6598755157142,-8.912413593298268,-43.84689783745571,26.02207065085925,-33899325.84154605,-16949662.920773026,-50848988.76231907,5967213.5
Jerusalem,ssp126,2032,Israel,5967213.5,20.70364345064992,-2729759.76464172,-598.3035100584441,222.8609407322781,-1419.4679608491658,-16.905991059112218,-47.84368657036269,14.031704452138257,-64303759.42361759,-32151879.711808793,-96455639.13542637,5967213.5
Jerusalem,ssp126,2033,Israel,5967213.5,20.62042206814783,-2438059.766797661,-534.3692639556364,310.77052912363865,-1379.5090570349112,-15.099430049835668,-46.94040606572442,16.74154596605308,-57432309.881354846,-28716154.940677423,-86148464.82203227,5967213.5
Jerusalem,ssp126,2034,Israel,5967213.5,20.697690530865795,-2687093.218774979,-588.9519383616241,235.71935181540562,-1413.6232285386534,-16.641747936955724,-47.71156500928445,14.428069135373036,-63298682.22364215,-31649341.111821074,-94948023.33546323,5967213.5
Jerusalem,ssp126,2035,Israel,5967213.5,20.815498529944794,-4430341.129630107,-971.0336722476798,-289.64303227792084,-1652.4243122174382,-27.43805828501837,-53.109720183315765,-1.7663963867209418,-104363612.45205986,-52181806.22602993,-156545418.6780898,5967213.5
Jerusalem,ssp126,2036,Israel,5967213.5,20.654069527437937,-2408496.1971641285,-527.8895774606156,319.6800980542919,-1375.4592529755232,-14.916336485935425,-46.84885928377429,17.016186311903468,-56735893.77395883,-28367946.886979416,-85103840.66093825,5967213.5
Jerusalem,ssp126,2037,Israel,5967213.5,20.597800894966856,-3515911.610720088,-770.6107639934287,-14.061533428325902,-1527.1599945585313,-21.774799022748915,-50.27809055218101,6.728492506683253,-82822795.36057378,-41411397.68028689,-124234193.04086068,5967213.5
Jerusalem,ssp126,2038,Israel,5967213.5,20.614718721862236,-4613541.717031734,-1011.1872256507759,-344.8541682071784,-1677.5202830943733,-28.572659041009018,-53.67702056131109,-3.468297520706926,-108679188.7350468,-54339594.3675234,-163018783.1025702,5967213.5
Jerusalem,ssp126,2039,Israel,5967213.5,20.66631544241472,-3484684.0878879717,-763.7663754274854,-4.650499150154019,-1522.8822517048168,-21.581400237758345,-50.181391159685745,7.018590684169126,-82087182.23387964,-41043591.11693982,-123130773.35081947,5967213.5
Jerusalem,ssp126,2040,Israel,5967213.5,20.663701095009436,-3430907.719094933,-751.9797740481893,11.55607774637815,-1515.5156258427567,-21.24835158571851,-50.01486683366582,7.518163662228872,-80820395.7839016,-40410197.8919508,-121230593.6758524,5967213.5
Jerusalem,ssp126,2041,Israel,5967213.5,20.81311218045422,-2638595.395633937,-578.3222784950942,250.3351341318837,-1406.9796911220724,-16.341390456774178,-47.56138626919367,14.878605355645334,-62156240.16986672,-31078120.08493336,-93234360.25480008,5967213.5
Jerusalem,ssp126,2042,Israel,5967213.5,20.744173770833363,-4020324.618941863,-881.1670397680646,-166.07641261845015,-1596.2576669176788,-24.89873758963396,-51.84005983562356,2.0425846563556576,-94705032.45373209,-47352516.226866044,-142057548.68059814,5967213.5
Jerusalem,ssp126,2043,Israel,5967213.5,20.615783023463866,-4838431.238205831,-1060.478079606742,-412.6290923966319,-1708.3270668168523,-29.96544835657555,-54.37341521909437,-5.557481494056759,-113976813.03656474,-56988406.51828237,-170965219.55484712,5967213.5
Jerusalem,ssp126,2044,Israel,5967213.5,20.65326518689921,-2433488.5735166715,-533.3673585789813,312.14814901653904,-1378.8828661745017,-15.071119663794065,-46.926250872703605,16.784011545115547,-57324628.2762455,-28662314.13812275,-85986942.41436824,5967213.5
Jerusalem,ssp126,2045,Israel,5967213.5,20.835556868208663,-2806027.768204202,-615.0197848118644,199.87606294632474,-1429.9156325700537,-17.378335256951402,-48.07985866928226,13.323188155379526,-66100371.497810535,-33050185.748905268,-99150557.2467158,5967213.5
Jerusalem,ssp126,2046,Israel,5967213.5,20.913334291654014,-1914069.4741768064,-419.5220765318875,468.6854118312933,-1307.729564895068,-11.854245137649642,-45.31781360963139,21.60932333433216,-45088899.24374315,-22544449.621871576,-67633348.86561473,5967213.5
Jerusalem,ssp126,2047,Israel,5967213.5,20.897546898344494,-1937662.5774706444,-424.69316766478346,461.5751615235615,-1310.961496853128,-12.000362315618418,-45.390872198615796,21.390147567378932,-45644671.68127216,-22822335.84063608,-68467007.52190824,5967213.5
Jerusalem,ssp126,2048,Israel,5967213.5,20.84707034112066,-3113844.441781101,-682.4864529931026,107.10939419712236,-1472.0823001833276,-19.284710315570777,-49.03304619859196,10.463625567450421,-73351474.5364933,-36675737.26824665,-110027211.80473995,5967213.5
Jerusalem,ssp126,2049,Israel,5967213.5,20.886621929969117,-2101336.8194836797,-460.5669741333943,412.24867762922145,-1333.3826258960098,-13.014032202588112,-45.89770714210063,19.869642736924433,-49500274.36784442,-24750137.18392221,-74250411.55176663,5967213.5
Jerusalem,ssp126,2050,Israel,5967213.5,20.90126389972762,-2956873.1191270417,-648.0817795346791,154.41582020245482,-1450.5793792718127,-18.31255305407845,-48.5469675678458,11.921861459688927,-69653769.59589808,-34826884.79794904,-104480654.39384711,5967213.5
Jerusalem,ssp126,2051,Israel,5967213.5,20.82008151268445,-4227086.940363548,-926.4848088467897,-228.3883451016975,-1624.581272591882,-26.179261246914287,-52.48032166426371,0.12179917043515331,-99575642.22195612,-49787821.11097806,-149363463.33293417,5967213.5
Jerusalem,ssp126,2052,Israel,5967213.5,20.95062213748427,-3002338.4989928296,-658.0467942997832,140.71392490043695,-1456.8075135000029,-18.594129958927752,-48.68775602027045,11.49949610241498,-70724777.70689085,-35362388.853445426,-106087166.56033628,5967213.5
Jerusalem,ssp126,2053,Israel,5967213.5,20.839279458353275,-3091722.8845715476,-677.6378925088172,113.77616486301463,-1469.0519498806493,-19.147706739929234,-48.9645444107712,10.66913093091273,-72830366.66784334,-36415183.33392167,-109245550.00176501,5967213.5
Jerusalem,ssp126,2054,Israel,5967213.5,20.90846434757407,-4405937.993939769,-965.6850397676055,-282.288662617819,-1649.0814169173918,-27.286924401685866,-53.03415324164951,-1.539695561722226,-103788758.43488982,-51894379.21744491,-155683137.65233475,5967213.5
Jerusalem,ssp126,2055,Israel,5967213.5,20.79119615597839,-2458384.6240190445,-538.8240271822413,304.6452296870573,-1382.293284051539,-15.225306274884204,-47.003344178248675,16.552731628480316,-57911093.672519304,-28955546.836259652,-86866640.50877896,5967213.5
Jerusalem,ssp126,2056,Israel,5967213.5,20.818950505857945,-2292275.684197179,-502.4165883171747,354.7054581265231,-1359.5386347608726,-14.196557779195615,-46.48896993040437,18.095854372013164,-53998137.87224229,-26999068.936121143,-80997206.80836344,5967213.5
Jerusalem,ssp126,2057,Israel,5967213.5,20.880804040522168,-4474017.801970569,-980.6066415277808,-302.8058650380601,-1658.4074180175014,-27.708557338321064,-53.244969709967116,-2.1721449666750203,-105392484.76052612,-52696242.38026306,-158088727.14078918,5967213.5
Jerusalem,ssp126,2058,Israel,5967213.5,21.00125646048409,-3350937.92734358,-734.4521484588515,35.656562931717644,-1504.5608598494207,-20.753081415112618,-49.767231748362875,8.261068918137696,-78936582.30091885,-39468291.15045942,-118404873.45137827,5967213.5
Jerusalem,ssp126,2059,Israel,5967213.5,20.80451806580024,-4423010.060016583,-969.4268624693727,-287.43366883274916,-1651.4200561059963,-27.39265538951625,-53.08701873556469,-1.6982920434677453,-104190917.6446808,-52095458.8223404,-156286376.4670212,5967213.5
Jerusalem,ssp126,2060,Israel,5967213.5,20.820337593244258,-4067789.0184551952,-891.570195825781,-180.38075219781035,-1602.7596394537516,-25.192694854369222,-51.98703846799118,1.6016487592528108,-95823130.59812772,-47911565.29906386,-143734695.89719158,5967213.5
Jerusalem,ssp126,2061,Israel,5967213.5,20.89854846832216,-3034654.1680881204,-665.129680676833,130.97495613199294,-1461.2343174856592,-18.79426786845029,-48.78782497503171,11.199289238131215,-71486023.82020572,-35743011.91010286,-107229035.73030858,5967213.5
Jerusalem,ssp126,2062,Israel,5967213.5,21.06947800259725,-4530545.001351551,-992.9961646797769,-319.8414593720547,-1666.150869987499,-28.058642477573912,-53.420012279593536,-2.6972726755543306,-106724071.32611634,-53362035.66305817,-160086106.98917452,5967213.5
Jerusalem,ssp126,2063,Israel,5967213.5,21.028044559347503,-3767652.8241968164,-825.7869203718899,-89.92874844871017,-1561.6450922950696,-23.333886660926225,-51.05763437126967,4.389861049417277,-88752953.25875136,-44376476.62937568,-133129429.88812704,5967213.5
Jerusalem,ssp126,2064,Israel,5967213.5,20.928561700038433,-2938081.7045290405,-643.9631133214186,160.07898624568838,-1448.005212888525,-18.196173769975545,-48.488777925794366,12.09643038584322,-69211108.44337064,-34605554.22168532,-103816662.66505596,5967213.5
Jerusalem,ssp126,2065,Israel,5967213.5,20.721599846859977,-4933511.121946216,-1081.3175061799773,-441.2833039348304,-1721.3517084251241,-30.55429858626858,-54.667840333940866,-6.4407568385963,-116216568.36201912,-58108284.18100956,-174324852.54302868,5967213.5
Jerusalem,ssp126,2066,Israel,5967213.5,20.811007193822615,-4260894.752260196,-933.8947402213978,-238.57700074178342,-1629.212479701012,-26.38864031867579,-52.58501120014446,-0.19226943720703105,-100372038.09202507,-50186019.046012536,-150558057.13803762,5967213.5
Jerusalem,ssp126,2067,Israel,5967213.5,20.887445469972306,-3014152.4767490076,-660.6361592874384,137.1535480424102,-1458.4258666172875,-18.667296471565813,-48.724339276589475,11.389746333457893,-71003074.42490587,-35501537.21245293,-106504611.6373588,5967213.5
Jerusalem,ssp126,2068,Israel,5967213.5,21.003803175750864,-3423255.7181562735,-750.3026231575243,13.862160221042586,-1514.4674065360912,-21.20096109329171,-49.99117158745243,7.589249400869036,-80640140.93736076,-40320070.46868038,-120960211.40604115,5967213.5
Jerusalem,ssp126,2069,Israel,5967213.5,20.917055682037315,-4266872.887760782,-935.2050164954985,-240.37863061867188,-1630.031402372325,-26.425664201374985,-52.60352314149408,-0.24780526125591962,-100512862.42096812,-50256431.21048406,-150769293.63145217,5967213.5
Jerusalem,ssp126,2070,Israel,5967213.5,20.93556097669693,-3030257.37615854,-664.1660002539113,132.30001671351033,-1460.6320172213332,-18.76703758759804,-48.7742098346056,11.240134659409492,-71382450.5116173,-35691225.25580865,-107073675.76742595,5967213.5
Jerusalem,ssp126,2071,Israel,5967213.5,21.01289743794478,-3127864.157120862,-685.5592673141462,102.88427450568747,-1474.0028091339798,-19.37153743686377,-49.07645975923846,10.333384885510938,-73681730.85211232,-36840865.42605616,-110522596.27816848,5967213.5
Jerusalem,ssp126,2072,Israel,5967213.5,20.831899688724864,-2822201.025544242,-618.5646083384488,195.00193059727167,-1432.1311472741688,-17.47849972839282,-48.12994090500299,13.172941448217358,-66481357.862457454,-33240678.931228727,-99722036.79368618,5967213.5
Jerusalem,ssp126,2073,Israel,5967213.5,20.97344571093375,-3822461.540860175,-837.7997897775574,-106.44644388150277,-1569.1531356736118,-23.67332886601477,-51.22735547381398,3.880697741784374,-90044058.27696179,-45022029.138480894,-135066087.41544268,5967213.5
Jerusalem,ssp126,2074,Israel,5967213.5,20.96765902793343,-3450338.8317426583,-756.23864805317,5.700125989529852,-1518.1774220958696,-21.368692657832618,-50.07503736972289,7.3376520540576,-81278126.02420226,-40639063.01210113,-121917189.03630339,5967213.5
Jerusalem,ssp126,2075,Israel,5967213.5,20.930820449292593,-4755780.2122742385,-1042.3627862518726,-387.72056403368674,-1697.0050084700588,-29.4535727243223,-54.11747740296772,-4.789668045676834,-112029838.8901721,-56014919.44508605,-168044758.33525813,5967213.5
Jerusalem,ssp126,2076,Israel,5967213.5,20.853125445414193,-4541349.463227777,-995.3642659129221,-323.09759856762935,-1667.6309332582148,-28.12555684060466,-53.453469461108895,-2.7976442201003806,-106978587.31913143,-53489293.65956572,-160467880.97869715,5967213.5
Jerusalem,ssp126,2077,Israel,5967213.5,21.01333442808967,-3084346.655420373,-676.0211847496555,115.99913803186223,-1468.0415075311732,-19.102024161669064,-48.94170312164111,10.737654798302984,-72656608.05694488,-36328304.02847244,-108984912.08541732,5967213.5
Jerusalem,ssp126,2078,Israel,5967213.5,20.959158691536725,-3386702.804955247,-742.2910257436004,24.878106665187943,-1509.4601581523887,-20.97458101700611,-49.87798154930963,7.928819515297434,-79779079.91391213,-39889539.956956066,-119668619.8708682,5967213.5
Jerusalem,ssp126,2079,Israel,5967213.5,20.880853158463406,-2945763.0171485012,-645.6466886900673,157.76407011379592,-1449.0574474939306,-18.2437457959644,-48.51256393878877,12.025072346860057,-69392053.77238356,-34696026.88619178,-104088080.65857533,5967213.5
Jerusalem,ssp126,2080,Israel,5967213.5,20.96386046763265,-2262937.324667259,-495.98626294075416,363.5471555191018,-1355.5196814006097,-14.014858990047102,-46.39812053583011,18.368402555735983,-53307026.940968394,-26653513.470484197,-79960540.41145259,5967213.5
Jerusalem,ssp126,2081,Israel,5967213.5,21.116225857738648,-2500246.2889314936,-547.9991866151065,292.0293854668673,-1388.02775869708,-15.484564595669838,-47.13297333864146,16.163844147301887,-58897210.64312952,-29448605.32156476,-88345815.96469428,5967213.5
Jerusalem,ssp126,2082,Israel,5967213.5,21.009631714015356,-1898879.0311784623,-416.1926643678669,473.2633535568218,-1305.6486822925551,-11.760167447429282,-45.27077476452121,21.75043986966267,-44731064.60761285,-22365532.303806424,-67096596.91141927,5967213.5
Jerusalem,ssp126,2083,Israel,5967213.5,20.939419309219637,-2980594.6453931937,-653.281018168356,147.2668670811488,-1453.828903417861,-18.45946558321694,-48.620423832415035,11.701492665981192,-70212567.23733808,-35106283.61866904,-105318850.85600713,5967213.5
Jerusalem,ssp126,2084,Israel,5967213.5,20.910793177832694,-3804845.343217601,-833.9387053627468,-101.13745281113847,-1566.7399579143553,-23.564227954023053,-51.17280501781809,4.0443491097720425,-89629081.19735214,-44814540.59867607,-134443621.7960282,5967213.5
Jerusalem,ssp126,2085,Israel,5967213.5,20.953326123275527,-2108216.904612954,-462.0749379973447,410.17522731628947,-1334.3251033109789,-13.056642053897406,-45.919012067755276,19.805727959960493,-49662345.53055163,-24831172.765275814,-74493518.29582745,5967213.5
Jerusalem,ssp126,2086,Israel,5967213.5,20.901901896813726,-3790091.06145564,-830.7048901820428,-96.69095693767008,-1564.7188234264152,-23.47285150442398,-51.12711679301856,4.181413784170687,-89281521.02111296,-44640760.51055648,-133922281.53166944,5967213.5
Jerusalem,ssp126,2087,Israel,5967213.5,20.998411920799935,-3227552.7403477123,-707.408819802223,72.84113983458224,-1487.6587794390277,-19.988930336619326,-49.38515620911622,9.407295535877637,-76030051.29998958,-38015025.64999479,-114045076.94998437,5967213.5
Jerusalem,ssp126,2088,Israel,5967213.5,20.940762516754504,-3658226.2626755433,-801.8030164768163,-56.95088059298382,-1546.6551523606486,-22.65618436101324,-50.718783221313195,5.406414499286768,-86175239.50614892,-43087619.75307446,-129262859.25922337,5967213.5
Jerusalem,ssp126,2089,Israel,5967213.5,20.733452472169635,-4575812.743138789,-1002.9178615098563,-333.4837925134141,-1672.3519305062987,-28.338995367170185,-53.56018872439168,-3.1178020099487185,-107790423.7631481,-53895211.88157405,-161685635.64472216,5967213.5
Jerusalem,ssp126,2090,Israel,5967213.5,20.971410944857066,-2708869.104617928,-593.7247352587085,229.15675608191418,-1416.6062265993314,-16.776610695259038,-47.7789963884361,14.225774997918037,-63811647.26277073,-31905823.631385364,-95717470.8941561,5967213.5
Jerusalem,ssp126,2091,Israel,5967213.5,20.93497288022125,-3371717.645926303,-739.0066073262976,29.39418198897897,-1507.4073966415747,-20.88177469469006,-49.83157838815162,8.06802899877151,-79426081.06265669,-39713040.53132834,-119139121.59398502,5967213.5
Jerusalem,ssp126,2092,Israel,5967213.5,20.916290496325566,-3327477.553504939,-729.3101487133961,42.72681258171883,-1501.347110008511,-20.60778625929099,-49.694584170452075,8.479011651870067,-78383936.51323865,-39191968.25661933,-117575904.76985797,5967213.5
Jerusalem,ssp126,2093,Israel,5967213.5,21.017179701609013,-1787366.170909793,-391.75148951445976,506.8699689802563,-1290.3729480091758,-11.069544249338065,-44.9254631654756,22.786374666799503,-42104204.825943634,-21052102.412971817,-63156307.23891545,5967213.5
Jerusalem,ssp126,2094,Israel,5967213.5,21.01563283252491,-1999503.0669431454,-438.247247549167,442.9383016825334,-1319.4327967808679,-12.383353806538267,-45.582367944075706,20.815660330999222,-47101421.10266324,-23550710.55133162,-70652131.65399486,5967213.5
Jerusalem,ssp126,2095,Israel,5967213.5,20.981389767443222,-2452293.4034511736,-537.4889651399683,306.48093999518255,-1381.4588702751184,-15.187582031969711,-46.98448205679145,16.609317992852027,-57767605.448000036,-28883802.724000018,-86651408.17200005,5967213.5
Jerusalem,ssp126,2096,Israel,5967213.5,20.857095528486877,-1661642.7475598669,-364.19567069803793,544.7592198528366,-1273.150561248912,-10.290911968722938,-44.536147025168034,23.9543230877222,-39142593.01170092,-19571296.50585046,-58713889.51755138,5967213.5
Jerusalem,ssp126,2097,Israel,5967213.5,20.84352600041914,-3011133.465970748,-659.9744582949431,138.0633869070914,-1458.012303496978,-18.648599086585023,-48.714990584099084,11.417792410929096,-70931956.90559258,-35465978.45279629,-106397935.35838887,5967213.5
Jerusalem,ssp126,2098,Israel,5967213.5,20.85922323324143,-2195894.1012253826,-481.2918578028082,383.7519625837774,-1346.3356781893935,-13.599645845372791,-46.19051396349297,18.991222272747407,-51727718.986095555,-25863859.493047778,-77591578.47914334,5967213.5
Kolkata,ssp126,2024,India,949483091.4999999,26.34291435068857,-1993520649.2524235,-436936.03271291894,-410771.77986793255,-463100.2855579053,-42327.146595507875,-45706.613558838486,-38947.679632177336,-2381789840.7851033,-1190894920.3925517,-3572684761.177655,949483091.4999999
Kolkata,ssp126,2025,India,949483091.4999999,26.391922386298756,-2280400520.7138715,-499813.8127592637,-497228.7274316566,-502398.8980868708,-48418.28308772307,-48752.18180494607,-48084.38437050008,-2724544034.7929497,-1362272017.3964748,-4086816052.1894245,949483091.4999999
Kolkata,ssp126,2026,India,949483091.4999999,26.326490378576395,-2107746525.9163916,-461971.8412968024,-445196.0166707723,-478747.66592283244,-44752.431444384674,-46919.255983276875,-42585.6069054925,-2518262985.768576,-1259131492.884288,-3777394478.6528645,949483091.4999999
Kolkata,ssp126,2027,India,949483091.4999999,26.26789462025722,-1774076106.875531,-388838.5987672986,-344637.8081927047,-433039.3893418926,-37667.821236499665,-43376.95087933438,-31958.691593664982,-2119605056.3711846,-1059802528.1855923,-3179407584.556777,949483091.4999999
Kolkata,ssp126,2028,India,949483091.4999999,26.428825773409066,-2160941277.499915,-473630.9649315472,-461227.3116685464,-486034.61819454795,-45881.881520174524,-47483.981021171814,-44279.7820191773,-2581818243.624679,-1290909121.8123395,-3872727365.4370184,949483091.4999999
Kolkata,ssp126,2029,India,949483091.4999999,26.343484288611734,-1745482154.8035398,-382571.43118987593,-336020.45277374843,-429122.40960600344,-37060.70417375459,-43073.39234796184,-31048.015999547373,-2085441986.8396533,-1042720993.4198266,-3128162980.25948,949483091.4999999
Kolkata,ssp126,2030,India,949483091.4999999,26.333924454748338,-2269759086.2590756,-497481.44356369204,-494021.7197877456,-500941.1673396385,-48192.34032845271,-48639.2104253109,-47745.470231594576,-2711830015.2590594,-1355915007.6295297,-4067745022.888589,949483091.4999999
Kolkata,ssp126,2031,India,949483091.4999999,26.50828618404335,-2300762655.092048,-504276.74632160383,-503365.2610798743,-505188.23156333336,-48850.61923991968,-48968.34988104439,-48732.88859879502,-2748872011.940727,-1374436005.9703636,-4123308017.911091,949483091.4999999
Kolkata,ssp126,2032,India,949483091.4999999,26.45790533700798,-2005493806.9332514,-439560.28645118256,-414380.12875804503,-464740.4441443201,-42581.364980733786,-45833.72275145144,-39329.00721001615,-2396094957.3822174,-1198047478.6911087,-3594142436.073326,949483091.4999999
Kolkata,ssp126,2033,India,949483091.4999999,26.235788071985564,-1669791391.766894,-365981.6749078714,-313209.5378859922,-418753.8119297506,-35453.61070111938,-42269.84561164423,-28637.375790594553,-1995009268.9696207,-997504634.4848104,-2992513903.454431,949483091.4999999
Kolkata,ssp126,2034,India,949483091.4999999,26.44655908630869,-2390889280.361189,-524030.5272025114,-530526.7097911222,-517534.3446139006,-50764.22012554623,-49925.15032385766,-51603.28992723486,-2856552201.022668,-1428276100.511334,-4284828301.534002,949483091.4999999
Kolkata,ssp126,2035,India,949483091.4999999,26.540191663868825,-2335132076.4494452,-511809.77018075937,-513723.16888621316,-509896.3714753056,-49580.36314136484,-49333.22183176697,-49827.504450962755,-2789935413.342362,-1394967706.671181,-4184903120.013543,949483091.4999999
Kolkata,ssp126,2036,India,949483091.4999999,26.493345935367685,-2239504846.2716565,-490850.37726507965,-484904.0036271535,-496796.7509030057,-47549.97143623028,-48318.025979199694,-46781.91689326095,-2675683290.884912,-1337841645.442456,-4013524936.327368,949483091.4999999
Kolkata,ssp126,2037,India,949483091.4999999,26.567637500415753,-2385567677.215718,-522864.1484309013,-528922.9389801583,-516805.3578816443,-50651.22993578028,-49868.65522897468,-51433.80464258592,-2850194132.791308,-1425097066.395654,-4275291199.186962,949483091.4999999
Kolkata,ssp126,2038,India,949483091.4999999,26.508298027777837,-2337300998.7791424,-512285.1504174053,-514376.8167116013,-510193.48412320926,-49626.414479452396,-49356.24750081076,-49896.58145809413,-2792526767.0723877,-1396263383.5361938,-4188790150.6085815,949483091.4999999
Kolkata,ssp126,2039,India,949483091.4999999,26.50822402493539,-2423359216.4227877,-531147.2255173824,-540312.1699740698,-521982.28106069495,-51453.63347280256,-50269.856997485826,-52637.40994811934,-2895346162.7864695,-1447673081.3932347,-4343019244.179705,949483091.4999999
Kolkata,ssp126,2040,India,949483091.4999999,26.581458421239518,-2336419397.6099777,-512091.9227638898,-514111.12868801743,-510072.71683976206,-49607.696006714265,-49346.88826444168,-49868.50374898691,-2791473460.346356,-1395736730.173178,-4187210190.519534,949483091.4999999
Kolkata,ssp126,2041,India,949483091.4999999,26.607776614274098,-2364794663.7191787,-518311.1591713858,-522662.57874832454,-513959.7395944471,-50210.16985053462,-49648.12518635186,-50772.21451471744,-2825375251.418248,-1412687625.709124,-4238062877.1273723,949483091.4999999
Kolkata,ssp126,2042,India,949483091.4999999,26.743830904397864,-2445840189.68281,-536074.5621223187,-547087.2578058572,-525061.8664387802,-51930.95757332953,-50508.51904774932,-53353.39609890982,-2922205655.685002,-1461102827.842501,-4383308483.527503,949483091.4999999
Kolkata,ssp126,2043,India,949483091.4999999,26.69928200240341,-2486619926.114139,-545012.5865456237,-559377.0413879016,-530648.1317033458,-52796.80758732459,-50941.44405474684,-54652.17111990237,-2970927880.8490324,-1485463940.4245162,-4456391821.273548,949483091.4999999
Kolkata,ssp126,2044,India,949483091.4999999,26.80639814021338,-2683309244.789675,-588122.5742005357,-618653.2744134057,-557591.8739876659,-56972.985861911184,-53029.533192040144,-60916.43853178229,-3205925507.378732,-1602962753.689366,-4808888261.068098,949483091.4999999
Kolkata,ssp126,2045,India,949483091.4999999,26.621882737660695,-2451088478.059046,-537224.8719034115,-548668.9337548598,-525780.8100519632,-52042.391117576866,-50564.235819872985,-53520.5464152808,-2928476129.9540873,-1464238064.9770436,-4392714194.931131,949483091.4999999
Kolkata,ssp126,2046,India,949483091.4999999,26.737092601469204,-2649973922.0716634,-580816.2020979578,-608607.012772361,-553025.3914235546,-56265.19831427647,-52675.6394182228,-59854.75721033025,-3166097611.4305186,-1583048805.7152593,-4749146417.145778,949483091.4999999
Kolkata,ssp126,2047,India,949483091.4999999,26.73142386531589,-2582597094.8010373,-566048.678312615,-588301.6675675148,-543795.6890577155,-54834.62931259965,-51960.35491738438,-57708.90370781498,-3085598097.789831,-1542799048.8949156,-4628397146.684747,949483091.4999999
Kolkata,ssp126,2048,India,949483091.4999999,26.734726397167858,-2662443348.3068223,-583549.2270262118,-612364.9220487103,-554733.5320037133,-56529.95365173198,-52808.01708695054,-60251.89021651348,-3180995652.611307,-1590497826.3056536,-4771493478.916961,949483091.4999999
Kolkata,ssp126,2049,India,949483091.4999999,26.71820656366917,-2724841495.203665,-597225.5331953827,-631169.8430313203,-563281.2233594451,-57854.81352312604,-53470.44702264757,-62239.180023604575,-3255546810.342443,-1627773405.1712215,-4883320215.513664,949483091.4999999
Kolkata,ssp126,2050,India,949483091.4999999,26.77620435702315,-2736224039.830535,-599720.3374971625,-634600.1989462675,-564840.4760480575,-58096.49179981306,-53591.28616099109,-62601.697438635114,-3269146282.7957263,-1634573141.3978631,-4903719424.193589,949483091.4999999
Kolkata,ssp126,2051,India,949483091.4999999,26.846268278761936,-3093786768.7498846,-678090.2506849653,-742358.8295794963,-613821.6717904343,-65688.39211432982,-57387.236318249474,-73989.54791041024,-3696349921.4953046,-1848174960.7476523,-5544524882.242957,949483091.4999999
Kolkata,ssp126,2052,India,949483091.4999999,26.77499083285994,-2630381961.538627,-576522.0737619499,-602702.5863103501,-550341.5612135497,-55849.214769844206,-52467.64764600665,-59230.781893681815,-3142689811.4781375,-1571344905.7390687,-4714034717.217206,949483091.4999999
Kolkata,ssp126,2053,India,949483091.4999999,26.69245690514876,-2329636822.1507564,-510605.3308824166,-512067.06485099177,-509143.5969138413,-49463.6859279297,-49274.88322504941,-49652.48863081006,-2783369872.6914263,-1391684936.3457131,-4175054809.0371394,949483091.4999999
Kolkata,ssp126,2054,India,949483091.4999999,26.677636290359544,-2511028356.728909,-550362.3795570801,-566733.0067786542,-533991.752335506,-53315.05615484495,-51200.56833850703,-55429.54397118293,-3000090233.4384365,-1500045116.7192183,-4500135350.157655,949483091.4999999
Kolkata,ssp126,2055,India,949483091.4999999,26.72945650464096,-2618959748.6022563,-574018.57503617,-599260.2755624028,-548776.8745099372,-55606.694241359044,-52346.387381764085,-58867.00110095409,-3129042944.694324,-1564521472.347162,-4693564417.041486,949483091.4999999
Kolkata,ssp126,2056,India,949483091.4999999,26.78081210111451,-2790226064.3357277,-611556.3976626843,-650874.7816738599,-572238.0136515086,-59243.08218428791,-54164.58135322851,-64321.58301534738,-3333666042.5466533,-1666833021.2733266,-5000499063.81998,949483091.4999999
Kolkata,ssp126,2057,India,949483091.4999999,26.813983045471396,-2675280219.866706,-586362.7879160494,-616233.5682722369,-556492.0075598618,-56802.51072032642,-52944.29562124777,-60660.72581940517,-3196332704.8160367,-1598166352.4080184,-4794499057.224055,949483091.4999999
Kolkata,ssp126,2058,India,949483091.4999999,26.90377958440594,-2826492080.5859714,-619505.1135531486,-661804.2660232483,-577205.9610830488,-60013.09526984806,-54549.58789600858,-65476.602643687605,-3376995430.232181,-1688497715.1160905,-5065493145.348271,949483091.4999999
Kolkata,ssp126,2059,India,949483091.4999999,26.897667443660435,-2624774051.7861447,-575292.9428572962,-601012.5313164513,-549573.3543981411,-55730.145615342764,-52408.113068755934,-59052.17816192968,-3135989673.969399,-1567994836.9846995,-4703984510.954099,949483091.4999999
Kolkata,ssp126,2060,India,949483091.4999999,26.87921582591957,-2720537019.4048,-596282.0864449467,-629872.6037494707,-562691.5691404226,-57763.41934658532,-53424.74993437722,-62102.0887587935,-3250403970.8481627,-1625201985.4240813,-4875605956.2722435,949483091.4999999
Kolkata,ssp126,2061,India,949483091.4999999,26.772610039454698,-2684142869.4154377,-588305.2864472782,-618904.5037526765,-557706.0691418799,-56990.68567944429,-53038.38310080669,-60942.988258081925,-3206921493.3823957,-1603460746.6911979,-4810382240.073593,949483091.4999999
Kolkata,ssp126,2062,India,949483091.4999999,26.832028583461696,-2898206681.3539467,-635223.3822146226,-683416.8854327751,-587029.8789964701,-61535.76543676201,-55310.922979465555,-67760.60789405854,-3462677566.310958,-1731338783.155479,-5194016349.466436,949483091.4999999
Kolkata,ssp126,2063,India,949483091.4999999,26.9169377698851,-2722241111.1600313,-596655.5860077371,-630386.1656483075,-562925.0063671666,-57799.60123492591,-53442.840878547504,-62156.361591304376,-3252439961.0105405,-1626219980.5052702,-4878659941.515811,949483091.4999999
Kolkata,ssp126,2064,India,949483091.4999999,27.02191735240856,-3040157467.486092,-666335.883284682,-726196.5744041067,-606475.1921652572,-64549.71552361688,-56817.89802289299,-72281.5330243408,-3632275478.6414585,-1816137739.3207293,-5448413217.962188,949483091.4999999
Kolkata,ssp126,2065,India,949483091.4999999,26.744483869658634,-2524192418.9628406,-553247.6534713665,-570700.258410798,-535795.0485319351,-53594.560253373755,-51340.32038777143,-55848.800118976156,-3015818201.7963243,-1507909100.8981621,-4523727302.694487,949483091.4999999
Kolkata,ssp126,2066,India,949483091.4999999,26.817655152035744,-2806110738.969157,-615037.9701850798,-655661.9438921537,-574413.9964780058,-59580.35130266052,-54333.21591241481,-64827.486692906285,-3352644504.9369283,-1676322252.4684641,-5028966757.405393,949483091.4999999
Kolkata,ssp126,2067,India,949483091.4999999,26.88516712511673,-2915590530.811414,-639033.5409998209,-688655.8537624228,-589411.228237219,-61904.865573575866,-55495.473047872474,-68314.25809927928,-3483447191.168897,-1741723595.5844486,-5225170786.7533455,949483091.4999999
Kolkata,ssp126,2068,India,949483091.4999999,26.918564784703054,-2989061957.032899,-655136.867294941,-710797.9274182129,-599475.8071716691,-63464.837289656745,-56275.458905912936,-70654.21567340063,-3571228321.8172917,-1785614160.9086459,-5356842482.725938,949483091.4999999
Kolkata,ssp126,2069,India,949483091.4999999,26.918375647071947,-2676093841.0548306,-586541.1158476932,-616478.7691782471,-556603.4625171392,-56819.78581768539,-52952.93316992726,-60686.63846544361,-3197304791.401069,-1598652395.7005346,-4795957187.1016035,949483091.4999999
Kolkata,ssp126,2070,India,949483091.4999999,26.910686496916124,-2709379882.212816,-593836.6865124571,-626510.1788422975,-561163.1941826167,-57526.52700153325,-53306.30376185118,-61746.750241215384,-3237073807.43798,-1618536903.71899,-4855610711.15697,949483091.4999999
Kolkata,ssp126,2071,India,949483091.4999999,26.947382358334327,-2791126240.465523,-611753.6965404477,-651146.0676307845,-572361.3254501107,-59262.195047263216,-54174.13778471617,-64350.252309810356,-3334741541.9961658,-1667370770.9980829,-5002112312.994248,949483091.4999999
Kolkata,ssp126,2072,India,949483091.4999999,27.030621624180515,-2908529470.791724,-637485.9114064644,-686527.8630715575,-588443.9597413712,-61754.94261055811,-55420.511566363595,-68089.37365475266,-3475010879.7485094,-1737505439.8742547,-5212516319.622765,949483091.4999999
Kolkata,ssp126,2073,India,949483091.4999999,26.953119737239295,-2680840290.509855,-587581.4335364655,-617909.2060003092,-557253.6610726219,-56920.56413767234,-53003.322329920724,-60837.80594542403,-3202975685.8039,-1601487842.90195,-4804463528.70585,949483091.4999999
Kolkata,ssp126,2074,India,949483091.4999999,26.966628716356844,-2888331358.7334695,-633058.9279416413,-680440.760807426,-585677.0950758569,-61326.08903918292,-55206.08478067602,-67446.0932976899,-3450878870.821777,-1725439435.4108884,-5176318306.232665,949483091.4999999
Kolkata,ssp126,2075,India,949483091.4999999,26.951351090343454,-2876624621.828883,-630493.0677981704,-676912.7031101533,-584073.4324861874,-61077.52739558964,-55081.80395887938,-67073.25083229998,-3436892064.596048,-1718446032.298024,-5155338096.894072,949483091.4999999
Kolkata,ssp126,2076,India,949483091.4999999,26.94086063838851,-2903197328.971041,-636317.2227882324,-684920.9162214885,-587713.5293549763,-61641.728659854016,-55363.90459101155,-67919.55272869651,-3468640220.270821,-1734320110.1354105,-5202960330.406232,949483091.4999999
Kolkata,ssp126,2077,India,949483091.4999999,26.918689193025568,-2701051242.5160055,-592011.2312364436,-624000.177837779,-560022.2846351083,-57349.69033143396,-53217.88542680153,-61481.49523606645,-3227123035.458336,-1613561517.729168,-4840684553.187504,949483091.4999999
Kolkata,ssp126,2078,India,949483091.4999999,26.85545898659597,-2701851303.4849467,-592186.5870652528,-624241.2921023916,-560131.882028114,-57366.677513347735,-53226.37901775841,-61506.97600893711,-3228078920.7603264,-1614039460.3801632,-4842118381.14049,949483091.4999999
Kolkata,ssp126,2079,India,949483091.4999999,26.94821274256346,-2926087530.469242,-641334.2532535915,-691819.3331113573,-590849.1733958257,-62127.7416413489,-55606.911081759004,-68648.57220093886,-3495988644.979828,-1747994322.489914,-5243982967.469742,949483091.4999999
Kolkata,ssp126,2080,India,949483091.4999999,27.021892746878684,-3049158686.348265,-668308.7531722815,-728909.2704995561,-607708.2358450069,-64740.832636178646,-56913.45657917387,-72568.2086931835,-3643029825.052991,-1821514912.5264955,-5464544737.579487,949483091.4999999
Kolkata,ssp126,2081,India,949483091.4999999,26.98337601052271,-2956164525.186929,-647926.4712739065,-700883.6328892905,-594969.3096585225,-62766.34719832919,-55926.21386024914,-69606.48053640928,-3531923602.807723,-1765961801.4038615,-5297885404.211584,949483091.4999999
Kolkata,ssp126,2082,India,949483091.4999999,26.963146102432827,-3100630975.3609505,-679590.3507641029,-744421.4671883106,-614759.2343398953,-65833.71076787126,-57459.89564502018,-74207.5258907224,-3704527143.9286814,-1852263571.9643407,-5556790715.893023,949483091.4999999
Kolkata,ssp126,2083,India,949483091.4999999,26.95171522633504,-2976012315.100068,-652276.6718028137,-706865.1586165377,-597688.1849890895,-63187.76260406629,-56136.92156311769,-70238.60364501495,-3555637058.896012,-1777818529.448006,-5333455588.344018,949483091.4999999
Kolkata,ssp126,2084,India,949483091.4999999,26.91191324436877,-2779676090.64772,-609244.0746625729,-647695.3375487068,-570792.811776439,-59019.08135287521,-54052.58093752216,-63985.58176822831,-3321061297.1882005,-1660530648.5941002,-4981591945.782301,949483091.4999999
Kolkata,ssp126,2085,India,949483091.4999999,27.052963605227355,-2929116661.997409,-641998.1724926417,-692732.2220650514,-591264.1229202321,-62192.05725016781,-55639.06888616846,-68745.0456141672,-3499607747.04576,-1749803873.52288,-5249411620.56864,949483091.4999999
Kolkata,ssp126,2086,India,949483091.4999999,26.914431473594878,-2711371831.4395394,-594273.2781237937,-627110.4923078853,-561436.063939702,-57568.820783121075,-53327.45065264509,-61810.190913597144,-3239453719.797226,-1619726859.898613,-4859180579.695839,949483091.4999999
Kolkata,ssp126,2087,India,949483091.4999999,26.910175674659563,-2853802389.9892006,-625490.9347922126,-670034.7702269612,-580947.0993574639,-60592.957570302475,-54839.519046235786,-66346.39609436921,-3409624847.6950464,-1704812423.8475232,-5114437271.54257,949483091.4999999
Kolkata,ssp126,2088,India,949483091.4999999,26.862210094929477,-2924286857.972391,-640939.5853090761,-691276.6646876488,-590602.5059305036,-62089.509116005735,-55587.79481908743,-68591.22341292413,-3493837263.472348,-1746918631.736174,-5240755895.208523,949483091.4999999
Kolkata,ssp126,2089,India,949483091.4999999,26.86711659825698,-2966435407.7079716,-650177.6236072857,-703978.9673476869,-596376.2798668845,-62984.42226582162,-56035.25139399536,-69933.59313764791,-3544194899.6481576,-1772097449.8240788,-5316292349.472237,949483091.4999999
Kolkata,ssp126,2090,India,949483091.4999999,26.980150262320766,-2872337439.0533566,-629553.4112994248,-675620.6754243781,-583486.1471744715,-60986.50039073298,-55036.29045645104,-66936.71032501495,-3431769886.210705,-1715884943.1053524,-5147654829.316057,949483091.4999999
Kolkata,ssp126,2091,India,949483091.4999999,26.946258137960854,-2778067459.131383,-608891.4978918689,-647210.5444889888,-570572.451294749,-58984.92631062086,-54035.50341639499,-63934.34920484683,-3319139359.6328435,-1659569679.8164217,-4978709039.4492655,949483091.4999999
Kolkata,ssp126,2092,India,949483091.4999999,26.91944103939968,-2782912016.3941674,-609953.3186617943,-648670.5480476362,-571236.0892759524,-59087.78769082733,-54086.934106498215,-64088.64127515651,-3324927469.86683,-1662463734.933415,-4987391204.800245,949483091.4999999
Kolkata,ssp126,2093,India,949483091.4999999,26.87354165958628,-3093215608.8672266,-677965.0649572593,-742186.6992039006,-613743.4307106182,-65676.26504251255,-57381.17278234082,-73971.35730268432,-3695667519.3308277,-1847833759.6654139,-5543501278.996242,949483091.4999999
Kolkata,ssp126,2094,India,949483091.4999999,26.84349608676357,-2784253789.6331353,-610247.4059470475,-649074.9180648595,-571419.8938292357,-59116.27670226796,-54101.17861221853,-64131.37479231744,-3326530574.339516,-1663265287.169758,-4989795861.5092745,949483091.4999999
Kolkata,ssp126,2095,India,949483091.4999999,26.752888516662928,-2458687112.2421036,-538890.325970931,-550958.9330976991,-526821.7188441628,-52203.72804835431,-50644.9042852617,-53762.55181144698,-2937554716.4778,-1468777358.2389,-4406332074.7167,949483091.4999999
Kolkata,ssp126,2096,India,949483091.4999999,26.702859595829217,-2390467982.1011415,-523938.18785784347,-530399.7431922038,-517476.63252348313,-50755.27496953788,-49920.67774585349,-51589.87219322231,-2856048848.3655996,-1428024424.1827998,-4284073272.5483994,949483091.4999999
Kolkata,ssp126,2097,India,949483091.4999999,26.903092489280432,-3178580191.9849696,-696675.1105721071,-767913.0119243163,-625437.2092198979,-67488.7565384211,-58287.41853029511,-76690.09454654716,-3797658184.3931193,-1898829092.1965597,-5696487276.589679,949483091.4999999
Kolkata,ssp126,2098,India,949483091.4999999,26.923538670568817,-3053357355.9530783,-669229.0095240213,-730174.6229831984,-608283.3960648443,-64829.980297596434,-56958.03040988277,-72701.93018531015,-3648046250.9492087,-1824023125.4746044,-5472069376.423813,949483091.4999999
Lisbon,ssp126,2024,Portugal,8564778.999999998,17.328375310555792,33158381.962458752,7267.590567114723,8695.386133525164,5839.795000704282,194.88070574570207,143.83218559346872,245.9292258979353,407079472.8118772,203539736.4059386,610619209.2178158,8564778.999999998
Lisbon,ssp126,2025,Portugal,8564778.999999998,17.368123842459365,34665847.87958069,7597.994055798983,9149.69093046602,6046.297181131945,203.74048732819622,148.26207638471578,259.21889827167655,425586359.8945643,212793179.94728214,638379539.8418465,8564778.999999998
Lisbon,ssp126,2026,Portugal,8564778.999999998,17.29749042903176,32189548.3368894,7055.243471099522,8403.408876504263,5707.078065694782,189.18661063228927,140.9851380367623,237.3880832278162,395185277.1908216,197592638.5954108,592777915.7862324,8564778.999999998
Lisbon,ssp126,2027,Portugal,8564778.999999998,17.35759172064091,34312577.32238199,7520.564892577351,9043.225831036278,5997.903954118425,201.66422149640744,147.2239434688214,256.1044995239934,421249321.0020389,210624660.50101945,631873981.5030583,8564778.999999998
Lisbon,ssp126,2028,Portugal,8564778.999999998,17.308400254561107,32690910.150604747,7165.130991913846,8554.504217623957,5775.757766203734,192.13324850507234,142.45845697315386,241.8080400369907,401340405.72050405,200670202.86025202,602010608.5807561,8564778.999999998
Lisbon,ssp126,2029,Portugal,8564778.999999998,17.53600438472206,39663262.23700366,8693.317750576622,10655.761010785274,6730.874490367969,233.1116320957806,162.947648768508,303.2756154230532,486938714.31117487,243469357.15558743,730408071.4667623,8564778.999999998
Lisbon,ssp126,2030,Portugal,8564778.999999998,17.366960972770237,33852298.91550945,7419.681954084739,8904.511790608936,5934.852117560543,198.95904182653152,145.87135363388344,252.04673001917953,415598566.04576606,207799283.02288303,623397849.068649,8564778.999999998
Lisbon,ssp126,2031,Portugal,8564778.999999998,17.25322483401671,32008664.147848643,7015.597621446755,8348.895833231707,5682.299409661802,188.12350572993284,140.4535855855841,235.79342587428147,392964594.63767177,196482297.31883588,589446891.9565077,8564778.999999998
Lisbon,ssp126,2032,Portugal,8564778.999999998,17.2646197490688,32310070.844905786,7081.659363267498,8439.730728235229,5723.587998299767,189.89495374285082,141.33930959204307,238.45059789365845,396664910.2766827,198332455.13834134,594997365.415024,8564778.999999998
Lisbon,ssp126,2033,Portugal,8564778.999999998,17.35993463157741,34582555.81839039,7579.738261565493,9124.589213394973,6034.887309736014,203.250957540942,148.01731149108866,258.48460359079525,424563798.28715086,212281899.14357543,636845697.4307263,8564778.999999998
Lisbon,ssp126,2034,Portugal,8564778.999999998,17.44224616787978,37158963.87625835,8144.430438632444,9901.040956862029,6387.819920402858,218.3931988353046,155.58843213826998,281.1979655323392,456193895.16981924,228096947.58490962,684290842.7547288,8564778.999999998
Lisbon,ssp126,2035,Portugal,8564778.999999998,17.389743041945614,35566890.20313902,7795.482784250125,9421.237932086342,6169.727636413909,209.03615477423122,150.9099101077333,267.1623994407291,436648293.93195397,218324146.96597698,654972440.897931,8564778.999999998
Lisbon,ssp126,2036,Portugal,8564778.999999998,17.368491959288743,35992418.43351346,7888.749245702056,9549.479316582747,6228.019174821366,211.53709833486613,152.16038188805075,270.91381478168137,441872427.24109745,220936213.62054873,662808640.8616462,8564778.999999998
Lisbon,ssp126,2037,Portugal,8564778.999999998,17.454885917810017,36762888.22194816,8057.619336317881,9781.675691179506,6333.562981456256,216.06535596504492,154.42451070314013,277.7062012269497,451331345.8230885,225665672.91154426,676997018.7346327,8564778.999999998
Lisbon,ssp126,2038,Portugal,8564778.999999998,17.629173973672504,42025702.216758914,9211.112814632568,11367.7292238622,7054.496405402935,246.99632559674183,169.8899955189886,324.102655674495,515941963.70365804,257970981.85182902,773912945.555487,8564778.999999998
Lisbon,ssp126,2039,Portugal,8564778.999999998,17.553448013207213,39764712.659472816,8715.553459610957,10686.335110707485,6744.771808514428,233.7078834433697,163.24577444230255,304.16999244443673,488184202.84381926,244092101.42190963,732276304.265729,8564778.999999998
Lisbon,ssp126,2040,Portugal,8564778.999999998,17.39688473819135,36113647.262777194,7915.319948006438,9586.01403225127,6244.625863761604,212.24959268487362,152.51662906305447,271.98255630669263,443360731.70547557,221680365.85273778,665041097.5582134,8564778.999999998
Lisbon,ssp126,2041,Portugal,8564778.999999998,17.465770123852533,37420113.823315695,8201.668783192958,9979.743680632735,6423.593885753178,219.92804712933793,156.35585628528665,283.5002379733892,459399985.9523341,229699992.97616705,689099978.9285011,8564778.999999998
Lisbon,ssp126,2042,Portugal,8564778.999999998,17.42213378180186,36232890.88872664,7941.45553725563,9621.95046746891,6260.96060704235,212.95041946245914,152.86704245184725,273.03379647307094,444824664.18694067,222412332.09347034,667236996.280411,8564778.999999998
Lisbon,ssp126,2043,Portugal,8564778.999999998,17.602381935566086,41411185.44115415,9076.424206280839,11182.532387378573,6970.316025183105,243.38464565837785,168.0841555498066,318.6851357669491,508397652.1226392,254198826.0613196,762596478.1839588,8564778.999999998
Lisbon,ssp126,2044,Portugal,8564778.999999998,17.402072436713798,35450982.88394993,7770.078440318268,9386.30695918004,6153.849921456498,208.3549363664622,150.56930090384878,266.1405718290755,435225320.6866384,217612660.3433192,652837981.0299577,8564778.999999998
Lisbon,ssp126,2045,Portugal,8564778.999999998,17.587000633670584,40723532.115163535,8925.705669077417,10975.294398723867,6876.116939430965,239.34312259403936,166.0633940176374,312.6228511704413,499955456.3080633,249977728.15403166,749933184.462095,8564778.999999998
Lisbon,ssp126,2046,Portugal,8564778.999999998,17.448231535112154,37057278.58870752,8122.143252319931,9870.396075682325,6373.8904289575385,217.7955671226265,155.28961628193093,280.30151796332194,454945523.2409421,227472761.62047106,682418284.8614132,8564778.999999998
Lisbon,ssp126,2047,Portugal,8564778.999999998,17.53725962620999,39619562.53363989,8683.739733401002,10642.591237168797,6724.888229633207,232.85479721638123,162.81923132880829,302.8903631039541,486402220.9374181,243201110.46870905,729603331.4061272,8564778.999999998
Lisbon,ssp126,2048,Portugal,8564778.999999998,17.55083700373378,40241602.85591568,8820.077338283365,10830.055443882045,6810.099232684684,236.5106950567713,164.64718024900333,308.37420986453924,494038897.7434947,247019448.87174734,741058346.615242,8564778.999999998
Lisbon,ssp126,2049,Portugal,8564778.999999998,17.442163357699815,36460820.046158426,7991.412612857117,9690.641446420956,6292.183779293278,214.29002026416953,153.53684285270242,275.0431976756365,447622909.3290237,223811454.66451186,671434363.9935355,8564778.999999998
Lisbon,ssp126,2050,Portugal,8564778.999999998,17.650813128373205,43152383.27898356,9458.056609092766,11707.27694124497,7208.8362769405585,253.6181324389826,173.200898940109,334.0353659378562,529774023.8251917,264887011.91259584,794661035.7377875,8564778.999999998
Lisbon,ssp126,2051,Portugal,8564778.999999998,17.750517289639077,45283295.23417604,9925.10580475139,12349.46958527558,7500.742024227199,266.142073630685,179.46286953596018,352.8212777254098,555934845.4331439,277967422.7165719,833902268.1497158,8564778.999999998
Lisbon,ssp126,2052,Portugal,8564778.999999998,17.537165461136002,39842035.411332935,8732.500912073448,10709.63785784341,6755.3639663034855,234.16232999838422,163.4729977198098,304.85166227695856,489133480.3175878,244566740.1587939,733700220.4763817,8564778.999999998
Lisbon,ssp126,2053,Portugal,8564778.999999998,17.62978137197687,42351097.92602216,9282.432422142318,11465.793684188107,7099.07116009653,248.90876346960408,170.84621445541973,326.9713124837883,519936788.11734885,259968394.05867442,779905182.1760232,8564778.999999998
Lisbon,ssp126,2054,Portugal,8564778.999999998,17.44094964382554,37461849.1869147,8210.816260146163,9992.321461443393,6429.311058848933,220.17333705699286,156.47850124911412,283.8681728648715,459912363.4812113,229956181.74060565,689868545.221817,8564778.999999998
Lisbon,ssp126,2055,Portugal,8564778.999999998,17.448257730739712,37629487.42968334,8247.558888698195,10042.842575702438,6452.275201693952,221.1585919797966,156.97112871051598,285.34605524907715,461970427.94185436,230985213.97092718,692955641.9127815,8564778.999999998
Lisbon,ssp126,2056,Portugal,8564778.999999998,17.655928561129436,43286693.741364636,9487.494518655738,11747.75406689406,7227.234970417418,254.4075110560541,173.59558824864473,335.21943386346345,531422929.13912106,265711464.56956053,797134393.7086816,8564778.999999998
Lisbon,ssp126,2057,Portugal,8564778.999999998,17.633376624670955,42591556.424052745,9335.13565458738,11538.260628800068,7132.010680374693,250.32200256709095,171.55283400416317,329.09117113001867,522888853.71337974,261444426.85668987,784333280.5700696,8564778.999999998
Lisbon,ssp126,2058,Portugal,8564778.999999998,17.617156902344902,41303210.2333681,9052.758407314032,11149.991913799213,6955.52490082885,242.75004639716516,167.76685591920028,317.73323687512993,507072059.9778818,253536029.9889409,760608089.9668226,8564778.999999998
Lisbon,ssp126,2059,Portugal,8564778.999999998,17.567703190076053,40360602.72675582,8846.159501755177,10865.918418655787,6826.400584854566,237.21008922019067,164.996877330713,309.4233011096683,495499837.6874621,247749918.84373105,743249756.5311931,8564778.999999998
Lisbon,ssp126,2060,Portugal,8564778.999999998,17.525631521141545,39702022.319391206,8701.813111099918,10667.442131504808,6736.184090695029,233.33943549761727,163.06155046942632,303.61732052580817,487414564.8494287,243707282.42471436,731121847.2741431,8564778.999999998
Lisbon,ssp126,2061,Portugal,8564778.999999998,17.68749398040573,43365797.72706851,9504.832378536039,11771.593624229474,7238.071132842606,254.87242640019605,173.8280459207157,335.91680687967636,532394074.4994136,266197037.2497068,798591111.7491205,8564778.999999998
Lisbon,ssp126,2062,Portugal,8564778.999999998,17.526307688130718,39800427.27591883,8723.381320749808,10697.098419773405,6749.664221726211,233.91778782490172,163.35072663306858,304.4848490167349,488622664.74618155,244311332.37309077,732933997.1192724,8564778.999999998
Lisbon,ssp126,2063,Portugal,8564778.999999998,17.622586615559808,41589998.63006145,9115.616138096135,11236.421293624604,6994.810982567665,244.43557873739064,168.609622089313,320.2615353854683,510592909.3808068,255296454.6904034,765889364.0712101,8564778.999999998
Lisbon,ssp126,2064,Portugal,8564778.999999998,17.61452281576374,41930648.100142814,9190.279035648216,11339.082777758716,7041.4752935377155,246.43766705450193,169.61066624786866,323.2646678611352,514775001.4639297,257387500.73196486,772162502.1958946,8564778.999999998
Lisbon,ssp126,2065,Portugal,8564778.999999998,17.576734192037538,40435943.96261001,8862.672649339656,10888.623996584447,6836.721302094866,237.65288987408383,165.2182776576596,310.087502090508,496424788.44673735,248212394.22336867,744637182.670106,8564778.999999998
Lisbon,ssp126,2066,Portugal,8564778.999999998,17.61303153006095,41648096.2740801,9128.349868292004,11253.930172643924,7002.769563940083,244.77703417636036,168.7803498087979,320.77371854392277,511306163.6742612,255653081.8371306,766959245.5113919,8564778.999999998
Lisbon,ssp126,2067,Portugal,8564778.999999998,17.668106618993356,42580469.67857432,9332.705682975671,11534.919417833968,7130.491948117375,250.2568427898225,171.52025411552893,328.99343146411604,522752743.7394472,261376371.8697236,784129115.6091708,8564778.999999998
Lisbon,ssp126,2068,Portugal,8564778.999999998,17.51751675603894,39500083.481302604,8657.552543847622,10606.5838515329,6708.5212361623435,232.1525867747595,162.46812610799742,301.83704744152146,484935398.1686655,242467699.08433276,727403097.2529984,8564778.999999998
Lisbon,ssp126,2069,Portugal,8564778.999999998,17.679378730979085,44003690.881995425,9644.644576876186,11963.835396947175,7325.4537568051965,258.6214955907026,175.702580515969,341.5404106654362,540225373.6717296,270112686.8358648,810338060.5075943,8564778.999999998
Lisbon,ssp126,2070,Portugal,8564778.999999998,17.647610574581275,42572534.81997213,9330.966535884778,11532.528090583988,7129.404981185566,250.21020749723968,171.49693646923754,328.92347852524176,522655328.9120205,261327664.45601025,783982993.3680308,8564778.999999998
Lisbon,ssp126,2071,Portugal,8564778.999999998,17.51800757991392,38078591.460606456,8345.992648900521,10178.188995980636,6513.796301820406,223.79809684461847,158.29088114292693,289.3053125463099,467483997.1007128,233741998.5503564,701225995.6510692,8564778.999999998
Lisbon,ssp126,2072,Portugal,8564778.999999998,17.670031067390074,44741504.66871625,9806.357187664313,12186.190236780849,7426.524138547776,262.9578251386235,177.87074528992943,348.0449049873175,549283380.4125795,274641690.20628977,823925070.6188693,8564778.999999998
Lisbon,ssp126,2073,Portugal,8564778.999999998,17.578628892894674,41398398.59961225,9073.621610874396,11178.678818694712,6968.564403054077,243.30949396048243,168.0465797008589,318.57240822010584,508240670.37607205,254120335.18803602,762361005.5641081,8564778.999999998
Lisbon,ssp126,2074,Portugal,8564778.999999998,17.53250284112474,39239995.180216685,8600.546888815094,10528.201075863171,6672.892701767014,230.62397805889378,161.70382175006458,299.5441343677229,481742341.0221964,240871170.5110982,722613511.5332947,8564778.999999998
Lisbon,ssp126,2075,Portugal,8564778.999999998,17.56316604036627,39824878.49322389,8728.740491665985,10704.46727978315,6753.013703548822,234.0614941882022,163.42257981471877,304.70040856168555,488922847.9294689,244461423.96473446,733384271.8942034,8564778.999999998
Lisbon,ssp126,2076,Portugal,8564778.999999998,17.727872885520547,45185448.14765764,9903.659867980234,12319.98142221524,7487.338313745226,265.56700005509697,179.17533274816617,351.95866736202777,554733594.4058416,277366797.2029208,832100391.6087624,8564778.999999998
Lisbon,ssp126,2077,Portugal,8564778.999999998,17.556488691578494,40733574.72765936,8927.906789624447,10978.320939476032,6877.49263977286,239.40214572167366,166.0929055814545,312.7113858618927,500078747.64975435,250039373.82487717,750118121.4746315,8564778.999999998
Lisbon,ssp126,2078,Portugal,8564778.999999998,17.4848780936868,37283298.600389525,8171.681885017359,9938.511695641288,6404.85207439343,219.12394736262456,155.95380640192997,282.294088323319,457720330.1451093,228860165.07255465,686580495.217664,8564778.999999998
Lisbon,ssp126,2079,Portugal,8564778.999999998,17.70142455710257,43814672.73786913,9603.215942547135,11906.871024744729,7299.560860349539,257.5105852523219,175.14712534677864,339.8740451578651,537904832.0195487,268952416.0097743,806857248.029323,8564778.999999998
Lisbon,ssp126,2080,Portugal,8564778.999999998,17.642562545565923,43161046.05697,9459.955300158284,11709.88764146006,7210.022958856508,253.6690459090556,173.2263556751455,334.1117361429657,529880375.187565,264940187.5937825,794820562.7813475,8564778.999999998
Lisbon,ssp126,2081,Portugal,8564778.999999998,17.537308281815037,38923599.74860568,8531.19994490035,10432.849027980403,6629.5508618203,228.76443723217693,160.77405133670612,296.7548231276477,477858011.3933831,238929005.69669154,716787017.0900747,8564778.999999998
Lisbon,ssp126,2082,Portugal,8564778.999999998,17.59929477164242,41469590.44704072,9089.225303461455,11200.13389600192,6978.31671092099,243.72790754549706,168.2557864933662,319.20002859762786,509114679.84229064,254557339.92114532,763672019.763436,8564778.999999998
Lisbon,ssp126,2083,Portugal,8564778.999999998,17.65695751751473,42981092.9585074,9420.513525152783,11655.655200827494,7185.37184947807,252.61141327579801,172.6975393585167,332.5252871930793,527671123.46545285,263835561.73272642,791506685.1981792,8564778.999999998
Lisbon,ssp126,2084,Portugal,8564778.999999998,17.59188649642693,41073186.53703262,9002.342254692556,11080.669703944684,6924.014805440429,241.39813542844405,167.0909004348397,315.70537042204836,504248100.55958164,252124050.27979082,756372150.8393724,8564778.999999998
Lisbon,ssp126,2085,Portugal,8564778.999999998,17.659395182277375,43248273.93586923,9479.073739369076,11736.175495374899,7221.9719833632535,254.1817075527941,173.48268649701475,334.8807286085734,530951256.11887825,265475628.05943912,796426884.1783173,8564778.999999998
Lisbon,ssp126,2086,Portugal,8564778.999999998,17.707152772566623,44235897.696624935,9695.539221178546,12033.815532862918,7357.262909494171,259.98623733127346,176.38495138625444,343.5875232762925,543076134.8394405,271538067.41972023,814614202.2591608,8564778.999999998
Lisbon,ssp126,2087,Portugal,8564778.999999998,17.50694556527826,38132140.22073674,8357.729363449625,10194.326978485655,6521.131748413596,224.11281727270853,158.44824135697195,289.777393188445,468141405.5673939,234070702.78369695,702212108.3510909,8564778.999999998
Lisbon,ssp126,2088,Portugal,8564778.999999998,17.636823715039334,42103842.28769982,9228.239405523724,11391.27828633754,7065.200524709908,247.45557575524532,170.11962059824037,324.7915309122502,516901275.25631815,258450637.62815908,775351912.8844773,8564778.999999998
Lisbon,ssp126,2089,Portugal,8564778.999999998,17.65107705924038,42004105.66658081,9206.379324182572,11361.220674493456,7051.537973871687,246.8693968779296,169.8265311595825,323.9122625962766,515676826.75364006,257838413.37682003,773515240.13046,8564778.999999998
Lisbon,ssp126,2090,Portugal,8564778.999999998,17.654818858067905,43063759.22541067,9438.632158994595,11680.568322359988,7196.695995629203,253.09726510215398,172.9404652716947,333.25406493261335,528686002.3093122,264343001.1546561,793029003.4639683,8564778.999999998
Lisbon,ssp126,2091,Portugal,8564778.999999998,17.58104477935111,39818381.92981624,8727.31658735746,10702.509411358928,6752.123763355993,234.02331214230992,163.40348879177265,304.64313549284714,488843090.792644,244421545.396322,733264636.188966,8564778.999999998
Lisbon,ssp126,2092,Portugal,8564778.999999998,17.566431924696445,40297003.4714573,8832.219938950022,10846.7515197987,6817.688358101344,236.83629933588603,164.8099823885607,308.8626162832113,494719041.1049431,247359520.55247155,742078561.6574147,8564778.999999998
Lisbon,ssp126,2093,Portugal,8564778.999999998,17.652460787583028,42586606.21447696,9334.05067714611,11536.768784818321,7131.3325694739,250.292908857488,171.53828714936168,329.0475305656143,522828080.8835503,261414040.44177514,784242121.3253255,8564778.999999998
Lisbon,ssp126,2094,Portugal,8564778.999999998,17.608287859275507,41316028.18508376,9055.567821388699,11153.854858151879,6957.280784625516,242.82538093789734,167.80452318956634,317.84623868622816,507229423.6584392,253614711.8292196,760844135.4876589,8564778.999999998
Lisbon,ssp126,2095,Portugal,8564778.999999998,17.47536083918331,37799429.68324581,8284.806505917366,10094.058049378798,6475.554962455934,222.15738819210168,157.4705268166685,286.84424956753475,464056778.3273162,232028389.1636581,696085167.4909743,8564778.999999998
Lisbon,ssp126,2096,Portugal,8564778.999999998,17.53367824962436,40259725.359901235,8824.04939395143,10835.517020425637,6812.581767477224,236.61720587417437,164.70043565770484,308.5339760906438,494261384.4552052,247130692.2276026,741392076.6828078,8564778.999999998
Lisbon,ssp126,2097,Portugal,8564778.999999998,17.57812754166899,40758437.130235106,8933.356083339679,10985.813718334477,6880.898448344879,239.54826873111307,166.16596708617422,312.93057037605183,500383978.88042265,250191989.44021133,750575968.320634,8564778.999999998
Lisbon,ssp126,2098,Portugal,8564778.999999998,17.474060965250757,37837508.95834553,8293.152648404977,10105.533995299264,6480.771301510691,222.38119030687673,157.58242787405607,287.17995273969734,464524270.71733105,232262135.35866553,696786406.0759966,8564778.999999998
London,ssp126,2024,United Kingdom,52737407.49999999,11.696881050649068,266182310.480186,58341.32832441562,66286.33103870584,50396.325610125394,1023.9648992714215,838.0382925770891,1209.8915059657538,5801960545.862372,2900980272.931186,8702940818.793558,52737407.49999999
London,ssp126,2025,United Kingdom,52737407.49999999,11.789787034442279,267247238.95418698,58574.73730501858,66607.26838703491,50542.20622300224,1028.0615252855418,840.0866055841493,1216.0364449869344,5825172730.696046,2912586365.348023,8737759096.04407,52737407.49999999
London,ssp126,2026,United Kingdom,52737407.49999999,11.662208351118807,254102456.168971,55693.6890233274,62645.82699970955,48741.55104694526,977.4954446307886,814.8035652567728,1140.1873240048049,5538656654.679632,2769328327.339816,8307984982.019448,52737407.49999999
London,ssp126,2027,United Kingdom,52737407.49999999,11.590772130786204,250219924.42082584,54842.72316072024,61475.74893862471,48209.69738281578,962.5599058144182,807.3357958485876,1117.7840157802493,5454029332.976088,2727014666.488044,8181043999.464131,52737407.49999999
London,ssp126,2028,United Kingdom,52737407.49999999,11.678689451718322,259084646.8133134,56785.6760138682,64147.30911170316,49424.04291603326,996.6612123787745,824.3864491307656,1168.9359756267834,5647253178.236352,2823626589.118176,8470879767.354528,52737407.49999999
London,ssp126,2029,United Kingdom,52737407.49999999,11.742474262126864,274090347.6884473,60074.596753623584,68669.5751288668,51479.618378380364,1054.3859761220392,853.248831002398,1255.5231212416804,5974331579.064318,2987165789.532159,8961497368.596478,52737407.49999999
London,ssp126,2030,United Kingdom,52737407.49999999,11.684764884806883,256046146.22940478,56119.70328314851,63231.59660696357,49007.80995933345,984.9725395337398,818.5421127082483,1151.4029663592314,5581023155.382401,2790511577.6912007,8371534733.073603,52737407.49999999
London,ssp126,2031,United Kingdom,52737407.49999999,11.731380008040729,274098678.0122867,60076.42257802674,68672.08563742114,51480.75951863234,1054.4180216745615,853.2648537786591,1255.5711895704642,5974513154.654984,2987256577.327492,8961769731.982477,52737407.49999999
London,ssp126,2032,United Kingdom,52737407.49999999,11.5208395846095,244505284.43888426,53590.19932906181,59753.52867009437,47426.86998802926,940.5765112645489,796.3440985736529,1084.8089239554452,5329467653.2415285,2664733826.6207643,7994201479.862293,52737407.49999999
London,ssp126,2033,United Kingdom,52737407.49999999,11.746281083505513,272303020.8880539,59682.85389326338,68130.92869587152,51234.77909065524,1047.5103880943125,849.8110369885347,1245.2097392000908,5935373319.367273,2967686659.6836367,8903059979.05091,52737407.49999999
London,ssp126,2034,United Kingdom,52737407.49999999,11.588375388194883,252273816.52649182,55292.89129346895,62094.73012115418,48491.05246578372,970.4609320670603,811.2863089749086,1129.6355551592123,5498797901.334505,2749398950.6672525,8248196852.001758,52737407.49999999
London,ssp126,2035,United Kingdom,52737407.49999999,11.727305347682826,268687446.51058584,58890.39923518819,67041.30354101813,50739.49492935825,1033.6017957218369,842.8567408022968,1224.346850641377,5856564852.152224,2928282426.076112,8784847278.228336,52737407.49999999
London,ssp126,2036,United Kingdom,52737407.49999999,11.647449644005873,260239236.47642875,57038.73676194828,64495.267640313265,49582.2058835833,1001.1027520361587,826.6072189594578,1175.59828511286,5672419702.863673,2836209851.4318366,8508629554.295509,52737407.49999999
London,ssp126,2037,United Kingdom,52737407.49999999,11.823751531740484,281265254.84467024,61647.17914402861,70831.8759156737,52462.48237238351,1081.9868075606528,867.0492467217048,1296.9243683996008,6130722618.594858,3065361309.297429,9196083927.892288,52737407.49999999
London,ssp126,2038,United Kingdom,52737407.49999999,11.912907827804021,289716513.5162387,63499.50981176963,73378.83058381762,53620.18903972165,1114.4975789140865,883.3046323984217,1345.6905254297515,6314934218.8581085,3157467109.4290543,9472401328.287163,52737407.49999999
London,ssp126,2039,United Kingdom,52737407.49999999,11.825592374207504,284315736.1580298,62315.77778805263,71751.19905120673,52880.35652489852,1093.721568541309,872.9166272120328,1314.5265098705854,6197213784.721102,3098606892.360551,9295820677.081654,52737407.49999999
London,ssp126,2040,United Kingdom,52737407.49999999,11.715484098227776,263429658.2307004,57738.00728343248,65456.76460735403,50019.249959510926,1013.3758436790745,832.7437647809156,1194.0079225772338,5741961142.749574,2870980571.374787,8612941714.124361,52737407.49999999
London,ssp126,2041,United Kingdom,52737407.49999999,11.582459829358367,254791758.66662675,55844.76902281359,62853.56199900307,48835.97604662413,980.1470917718266,816.1293888272917,1144.1647947163617,5553681341.663335,2776840670.8316674,8330522012.495003,52737407.49999999
London,ssp126,2042,United Kingdom,52737407.49999999,11.679189021014352,256072833.68011016,56125.55258741269,63239.63940032683,49011.46577449856,985.0752023016901,818.5934440922234,1151.5569605111564,5581604860.213885,2790802430.1069427,8372407290.3208275,52737407.49999999
London,ssp126,2043,United Kingdom,52737407.49999999,11.742254686653455,265225925.40826398,58131.709678514904,65998.10540059237,50265.31395643744,1020.285824046367,836.1987549645619,1204.372893128172,5781114275.334725,2890557137.6673627,8671671413.002089,52737407.49999999
London,ssp126,2044,United Kingdom,52737407.49999999,11.681337630178076,269759314.84978724,59125.329282136445,67364.33235557198,50886.326208700906,1037.7251183949425,844.9184021388496,1230.5318346510358,5879928304.829405,2939964152.4147024,8819892457.244106,52737407.49999999
London,ssp126,2045,United Kingdom,52737407.49999999,11.825125746895841,286351751.5915952,62762.027746094354,72364.79274351412,53159.2627486746,1101.5538258186057,876.8327558506812,1326.2748957865301,6241592696.283649,3120796348.1418247,9362389044.425474,52737407.49999999
London,ssp126,2046,United Kingdom,52737407.49999999,11.872615051305807,290182754.8437077,63601.69969176284,73519.34166880828,53684.057714717404,1116.2911419538573,884.201413918307,1348.3808699894073,6325096854.316288,3162548427.158144,9487645281.474432,52737407.49999999
London,ssp126,2047,United Kingdom,52737407.49999999,11.877062282449774,302869722.3258195,66382.4048933216,77342.81132095156,55421.99846569162,1165.0960732674603,908.6038795751085,1421.588266959812,6601633956.444049,3300816978.2220244,9902450934.666073,52737407.49999999
London,ssp126,2048,United Kingdom,52737407.49999999,11.823123266366162,283989578.9810905,62244.291283517974,71652.9051074716,52835.677459564366,1092.4668889939385,872.2892874383477,1312.6444905495296,6190104555.452866,3095052277.726433,9285156833.179298,52737407.49999999
London,ssp126,2049,United Kingdom,52737407.49999999,11.841235195928972,287707534.09215546,63059.185554436335,72773.38472998433,53344.98637888834,1106.7693252600068,879.4405055713819,1334.0981449486321,6271144609.642701,3135572304.8213506,9406716914.464052,52737407.49999999
London,ssp126,2050,United Kingdom,52737407.49999999,11.978903164055392,303045636.1878744,66420.96135623773,77395.82645746125,55446.096255014214,1165.7727884846156,908.9422371836862,1422.603339785545,6605468340.799912,3302734170.399956,9908202511.19987,52737407.49999999
London,ssp126,2051,United Kingdom,52737407.49999999,11.9035320802554,304704633.4393375,66784.57719217485,77895.7982318748,55673.35615247491,1172.1547112743817,912.1331985785694,1432.1762239701945,6641629408.683502,3320814704.341751,9962444113.025253,52737407.49999999
London,ssp126,2052,United Kingdom,52737407.49999999,11.858042572420679,291357601.5319681,63859.20033576513,73873.40505431141,53844.99561721883,1120.8106074609145,886.4611466718356,1355.1600682499936,6350704920.158186,3175352460.079093,9526057380.237278,52737407.49999999
London,ssp126,2053,United Kingdom,52737407.49999999,11.926429543067178,301868559.6435754,66162.97197666534,77041.09106054922,55284.85289278147,1161.2447450434724,906.6782154631146,1415.8112746238307,6579811670.913908,3289905835.456954,9869717506.370861,52737407.49999999
London,ssp126,2054,United Kingdom,52737407.49999999,11.646893427425296,257108021.60436136,56352.443091358175,63551.61384325186,49153.272339464485,989.0574207168462,820.5845532998015,1157.530288133891,5604168791.991415,2802084395.9957075,8406253187.987123,52737407.49999999
London,ssp126,2055,United Kingdom,52737407.49999999,11.75838066649447,274459026.1639387,60155.40299482717,68780.68371052173,51530.12227913261,1055.8042289628797,853.9579574228184,1257.6505005029417,5982367642.636879,2991183821.3184395,8973551463.955318,52737407.49999999
London,ssp126,2056,United Kingdom,52737407.49999999,11.708366091665084,265571942.9980681,58207.5491502528,66102.38467423197,50312.71362627363,1021.6169037332586,836.8642948080077,1206.3695126585092,5788656400.882425,2894328200.4412127,8682984601.323639,52737407.49999999
London,ssp126,2057,United Kingdom,52737407.49999999,11.855563021619293,286245532.20046103,62738.74678365399,72332.7814201586,53144.71214714937,1101.1452151639487,876.6284505233527,1325.661979804545,6239277438.310818,3119638719.155409,9358916157.466227,52737407.49999999
London,ssp126,2058,United Kingdom,52737407.49999999,11.745664513330517,282396062.1515561,61895.0273208803,71172.66715884478,52617.387482915816,1086.3368599289033,869.22427290583,1303.4494469519773,6155370760.568266,3077685380.284133,9233056140.852398,52737407.49999999
London,ssp126,2059,United Kingdom,52737407.49999999,11.949289954261546,299397035.8640885,65621.26813458603,76296.24827769017,54946.2879914819,1151.7371500671425,901.9244179749496,1401.5498821593355,6525940008.9282675,3262970004.4641337,9788910013.3924,52737407.49999999
London,ssp126,2060,United Kingdom,52737407.49999999,11.77677854848464,278389008.290555,61016.768940386915,69965.0618856664,52068.47599510745,1070.92230253118,861.5169942069684,1280.3276108553916,6068029237.516877,3034014618.7584386,9102043856.275316,52737407.49999999
London,ssp126,2061,United Kingdom,52737407.49999999,12.118475279029505,325177623.9822509,71271.80799610108,84065.74058727335,58477.8754049288,1250.911348637861,951.5115172603089,1550.3111800154134,7087878008.643177,3543939004.3215885,10631817012.964766,52737407.49999999
London,ssp126,2062,United Kingdom,52737407.49999999,11.6954723281284,264840764.0048703,58047.29074078478,65882.02936121346,50212.55212035612,1018.80416376279,835.4579248227734,1202.1504027028068,5772718934.328601,2886359467.1643004,8659078401.4929,52737407.49999999
London,ssp126,2063,United Kingdom,52737407.49999999,11.855910766986863,285882454.0130847,62659.16800285918,72223.36059656575,53094.97540915261,1099.7485058225434,875.9300958526502,1323.566915792437,6231363443.896912,3115681721.948456,9347045165.845367,52737407.49999999
London,ssp126,2064,United Kingdom,52737407.49999999,11.657977160269947,269214263.35203886,59005.86594016421,67200.07026036015,50811.661619968254,1035.6283840139733,843.8700349483651,1227.3867330795817,5868047848.612406,2934023924.306203,8802071772.91861,52737407.49999999
London,ssp126,2065,United Kingdom,52737407.49999999,11.919268021170268,292669089.18827367,64146.64968509237,74268.64790963638,54024.65146054836,1125.8557110347106,888.9836984587337,1362.7277236106875,6379291341.33901,3189645670.669505,9568937012.008514,52737407.49999999
London,ssp126,2066,United Kingdom,52737407.49999999,11.869029898988137,287089548.12680143,62923.736575728595,72587.14238426118,53260.330767196,1104.3920225172985,878.2518542000277,1330.5321908345693,6257674405.0208645,3128837202.5104322,9386511607.531296,52737407.49999999
London,ssp126,2067,United Kingdom,52737407.49999999,11.88349185721257,289377383.44705975,63425.179933593434,73276.62700132534,53573.73286586153,1113.1929945241611,882.652340203459,1343.7336488448632,6307542220.202216,3153771110.101108,9461313330.303324,52737407.49999999
London,ssp126,2068,United Kingdom,52737407.49999999,11.776280901933653,280980323.1875457,61584.72836986433,70746.00610119783,52423.450638530834,1080.890716633121,866.5012012579389,1295.2802320083033,6124511979.616176,3062255989.808088,9186767969.424263,52737407.49999999
London,ssp126,2069,United Kingdom,52737407.49999999,11.92998274875337,294300002.66848433,64504.11017390567,74760.15608175466,54248.06426605667,1132.1295996130755,892.1206427479161,1372.138556478235,6414840268.872281,3207420134.4361405,9622260403.308422,52737407.49999999
London,ssp126,2070,United Kingdom,52737407.49999999,11.981918328315798,303290588.1415292,66474.64945566893,77469.64759417914,55479.651317158714,1166.715083267834,909.4133845752954,1424.0167819603728,6610807544.476421,3305403772.2382107,9916211316.714632,52737407.49999999
London,ssp126,2071,United Kingdom,52737407.49999999,11.87097352943372,285668801.3896863,62612.34003060746,72158.97213471963,53065.70792649529,1098.9266150417377,875.5191504622472,1322.3340796212285,6226706469.925795,3113353234.9628973,9340059704.88869,52737407.49999999
London,ssp126,2072,United Kingdom,52737407.49999999,11.843087769404077,295295179.0973506,64722.231035027035,75060.07226579654,54384.389804257524,1135.957899585012,894.0347927338845,1377.88100643614,6436532072.381083,3218266036.1905413,9654798108.571625,52737407.49999999
London,ssp126,2073,United Kingdom,52737407.49999999,11.896598772508105,289979974.503129,63557.25468560861,73458.22978534621,53656.27958587101,1115.511075274594,883.8113805786754,1347.210769970513,6320676862.869856,3160338431.434928,9481015294.304783,52737407.49999999
London,ssp126,2074,United Kingdom,52737407.49999999,11.79074036222462,280115985.3905342,61395.28446914948,70485.5207377149,52305.04820058405,1077.5657339787256,864.8387099307413,1290.2927580267103,6105672058.257343,3052836029.1286716,9158508087.386015,52737407.49999999
London,ssp126,2075,United Kingdom,52737407.49999999,11.856902205166413,279065867.8599028,61165.12172270971,70169.04696136023,52161.1964840592,1073.5260835243566,862.8188847035567,1284.2332823451568,6082782706.706326,3041391353.353163,9124174060.059488,52737407.49999999
London,ssp126,2076,United Kingdom,52737407.49999999,11.935957785212578,290489374.75203925,63668.90405523278,73611.74766857944,53726.06044188611,1117.470664450987,884.791175166872,1350.1501537351025,6331780230.861885,3165890115.4309425,9497670346.292828,52737407.49999999
London,ssp126,2077,United Kingdom,52737407.49999999,11.93528849673703,305131830.14134943,66878.20934604049,78024.54244344003,55731.87624864093,1173.7980752798849,912.9548805813208,1434.641269978449,6650940990.681288,3325470495.340644,9976411486.02193,52737407.49999999
London,ssp126,2078,United Kingdom,52737407.49999999,11.754584894120082,271301748.9597642,59463.397032268374,67829.17551200339,51097.618552533364,1043.6586396165678,847.8851627496623,1239.432116483474,5913548652.607347,2956774326.3036733,8870322978.91102,52737407.49999999
London,ssp126,2079,United Kingdom,52737407.49999999,11.951239995146432,300993527.4193272,65971.18409189863,76777.38271899498,55164.98546480227,1157.8786224722726,904.9951541775147,1410.7620907670303,6560738643.738331,3280369321.8691654,9841107965.607496,52737407.49999999
London,ssp126,2080,United Kingdom,52737407.49999999,11.918859064084328,293077150.67489773,64236.08781914695,74391.62534396144,54080.550294332475,1127.4254646306342,889.7685752566955,1365.082354004573,6388185834.145117,3194092917.0725584,9582278751.217674,52737407.49999999
London,ssp126,2081,United Kingdom,52737407.49999999,11.770939294125935,274113328.05664384,60079.63354665297,68676.5007192822,51482.76637402373,1054.474378279054,853.2930320809054,1255.6557244772025,5974832480.831101,2987416240.4155507,8962248721.246653,52737407.49999999
London,ssp126,2082,United Kingdom,52737407.49999999,11.861357705263254,287286180.45562613,62966.83407245729,72646.40144226316,53287.26670265144,1105.148438683404,878.6300622830804,1331.666815083728,6261960388.607918,3130980194.303959,9392940582.911877,52737407.49999999
London,ssp126,2083,United Kingdom,52737407.49999999,11.72950277160032,267965922.34950823,58732.25695330817,66823.8579034331,50640.656003183234,1030.8261964959265,841.4689411893416,1220.1834518025116,5840837831.420052,2920418915.710026,8761256747.130077,52737407.49999999
London,ssp126,2084,United Kingdom,52737407.49999999,11.748550350307974,274019905.3076347,60059.15732769205,68648.34591821095,51469.96873717316,1054.1149944582198,853.1133401704883,1255.1166487459516,5972796150.532294,2986398075.266147,8959194225.79844,52737407.49999999
London,ssp126,2085,United Kingdom,52737407.49999999,11.879327563579356,286497462.1927482,62793.96431621007,72408.70552742321,53179.22310499693,1102.1143534538314,877.1130196682941,1327.1156872393692,6244768741.894938,3122384370.947469,9367153112.842407,52737407.49999999
London,ssp126,2086,United Kingdom,52737407.49999999,11.911058134768057,298849197.8825003,65501.19405642972,76131.14642022524,54871.2416926342,1149.6296964853393,900.8706911840482,1398.388701786631,6513998815.882923,3256999407.9414616,9770998223.824385,52737407.49999999
London,ssp126,2087,United Kingdom,52737407.49999999,11.778827066331539,279174506.4343318,61188.93291710511,70201.7873536539,52176.07848055632,1073.944000427706,863.0278431552315,1284.860157700181,6085150695.478603,3042575347.7393017,9127726043.217905,52737407.49999999
London,ssp126,2088,United Kingdom,52737407.49999999,11.778960023788699,275425749.29122806,60367.287515876895,69072.0249269651,51662.55010478869,1059.5230731936354,855.8173795381961,1263.2287668490742,6003439251.164088,3001719625.582044,9005158876.746132,52737407.49999999
London,ssp126,2089,United Kingdom,52737407.49999999,11.788744003651068,279723285.01504755,61309.21315397431,70367.17267934905,52251.253628599574,1076.055072358486,864.0833791206214,1288.026765596351,6097112390.709153,3048556195.3545766,9145668586.06373,52737407.49999999
London,ssp126,2090,United Kingdom,52737407.49999999,11.737817049500515,278005689.61058104,60932.753887241925,69849.54118759203,52015.96658689183,1069.447730938423,860.7797084105899,1278.1157534662561,6059674062.24738,3029837031.12369,9089511093.37107,52737407.49999999
London,ssp126,2091,United Kingdom,52737407.49999999,11.677096763394445,261328741.51185533,57277.53238615137,64823.6116235925,49731.453148710236,1005.2939205320812,828.702803207419,1181.8850378567433,5696167581.596339,2848083790.7981696,8544251372.394508,52737407.49999999
London,ssp126,2092,United Kingdom,52737407.49999999,11.726634696227435,267643767.8454979,58661.64774694974,66726.77024469027,50596.52524920921,1029.5869146531409,840.8493002679489,1218.3245290383334,5833815848.183946,2916907924.091973,8750723772.275919,52737407.49999999
London,ssp126,2093,United Kingdom,52737407.49999999,11.844730458979726,289669131.6565683,63489.12474663639,73364.55111925941,53613.69837401337,1114.3153077440857,883.2134968134212,1345.4171186747506,6313901439.182024,3156950719.591012,9470852158.773037,52737407.49999999
London,ssp126,2094,United Kingdom,52737407.49999999,11.752934739381226,273622500.73012495,59972.05495453923,68528.5801551258,51415.529753952644,1052.5862364523036,852.3489611675302,1252.8235117370775,5964133945.762572,2982066972.881286,8946200918.643858,52737407.49999999
London,ssp126,2095,United Kingdom,52737407.49999999,11.635134966873304,260398735.45409173,57073.695441984004,64543.335825362374,49604.05505860563,1001.7163215641333,826.914003723445,1176.518639404822,5675896292.926464,2837948146.463232,8513844439.389696,52737407.49999999
London,ssp126,2096,United Kingdom,52737407.49999999,11.798757290383838,282990259.77665454,62025.26241679229,71351.74041572376,52698.78441786081,1088.6226523627947,870.3671691227757,1306.8781356028142,6168322452.102717,3084161226.0513587,9252483678.154076,52737407.49999999
London,ssp126,2097,United Kingdom,52737407.49999999,11.748647713852497,271517268.9850855,59510.63429809222,67894.12675251118,51127.141843673264,1044.4877140228314,848.2996999527941,1240.6757280928687,5918246330.2310095,2959123165.1155047,8877369495.346514,52737407.49999999
London,ssp126,2098,United Kingdom,52737407.49999999,11.67216039347053,267445596.183697,58618.21286217145,66667.04727812012,50569.378446222785,1028.8245768954273,840.4681313890922,1217.181022401763,5829496311.844348,2914748155.922174,8744244467.766521,52737407.49999999
Luxembourg,ssp126,2024,Luxembourg,525391.0,11.570833452672112,3525346.9318841705,772.6787795910691,829.5494714036905,715.8080877784477,20.13489064527745,18.15893342421945,22.110847866335448,203371615.43525442,101685807.71762721,305057423.1528816,525391.0
Luxembourg,ssp126,2025,Luxembourg,525391.0,11.815564850585789,3759258.4316207943,823.9470535059456,900.0433480366457,747.8507589752455,21.470867659418474,18.82692193128996,24.114813387546974,216865595.03200698,108432797.51600349,325298392.54801047,525391.0
Luxembourg,ssp126,2026,Luxembourg,525391.0,11.580625063863454,3476814.484082504,762.0415307578271,814.9232542579829,709.1598072576714,19.857699336701216,18.02033776993133,21.69506090347109,200571856.29064828,100285928.14532414,300857784.43597245,525391.0
Luxembourg,ssp126,2027,Luxembourg,525391.0,11.515032282803038,3479622.5898480415,762.6570059941093,815.7695327078709,709.5444792803478,19.87373773053931,18.028356966850378,21.71911849422824,200733851.41251427,100366925.70625713,301100777.11877143,525391.0
Luxembourg,ssp126,2028,Luxembourg,525391.0,11.572499777170615,3572155.8149169823,782.9382608037403,843.6562580711134,722.2202635363672,20.40223787643054,18.292607039795993,22.511868713065084,206071944.8902096,103035972.4451048,309107917.3353144,525391.0
Luxembourg,ssp126,2029,Luxembourg,525391.0,11.536443309999056,3474064.04987577,761.4386958632006,814.0943562778713,708.7830354485299,19.841990331871436,18.012483267516444,21.671497396226428,200413188.14859602,100206594.07429801,300619782.222894,525391.0
Luxembourg,ssp126,2030,Luxembourg,525391.0,11.645711044331621,3563386.878156011,781.0163020616095,841.0135648006836,721.0190393225355,20.352154413393006,18.267565308277227,22.436743518508774,205566078.97993585,102783039.48996793,308349118.46990377,525391.0
Luxembourg,ssp126,2031,Luxembourg,525391.0,11.549162512101388,3560617.3356637782,780.4092790496132,840.1789081591887,720.6396499400378,20.336336272286317,18.25965623772388,22.413016306848753,205406308.5115125,102703154.25575624,308109462.7672687,525391.0
Luxembourg,ssp126,2032,Luxembourg,525391.0,11.332464654167156,3107968.9284044476,681.198669239349,703.7643196700753,658.6330188086226,17.751051374934505,16.967013789047975,18.53508896082103,179293747.22684982,89646873.61342491,268940620.84027475,525391.0
Luxembourg,ssp126,2033,Luxembourg,525391.0,11.71406015509405,3892409.6447902154,853.1308810499283,940.1711109096219,766.0906511902347,22.231355965464264,19.207166084312856,25.25554584661567,224546875.15638772,112273437.57819386,336820312.7345816,525391.0
Luxembourg,ssp126,2034,Luxembourg,525391.0,11.559423312986912,3643261.2149337195,798.523006012888,865.0852827336915,731.9607292920845,20.808353779712867,18.495664991437156,23.121042567988567,210173901.4768893,105086950.73844466,315260852.21533394,525391.0
Luxembourg,ssp126,2035,Luxembourg,525391.0,11.659544019475588,3699216.9808406155,810.7872834719337,881.9486642398795,739.625902703988,21.12794309936769,18.65545965126457,23.600426547470814,213401899.94775754,106700949.97387877,320102849.92163634,525391.0
Luxembourg,ssp126,2036,Luxembourg,525391.0,11.616153353058253,3627068.367724114,794.9738888162623,860.2052465883311,729.7425310441934,20.715868922448955,18.4494225628052,22.9823152820927,209239762.06901166,104619881.03450583,313859643.1035175,525391.0
Luxembourg,ssp126,2037,Luxembourg,525391.0,11.792469597522393,3938606.69931431,863.2562628634284,954.0935109031847,772.4190148236723,22.495208760366193,19.33909248176382,25.651325038968565,227211909.2050775,113605954.60253875,340817863.80761623,525391.0
Luxembourg,ssp126,2038,Luxembourg,525391.0,11.931668035273805,4124357.360911835,903.9687366382285,1010.0731623435347,797.8643109329223,23.5561169009886,19.869546552075022,27.24268724990216,237927567.22318497,118963783.61159249,356891350.8347775,525391.0
Luxembourg,ssp126,2039,Luxembourg,525391.0,11.668459585479988,3693053.9894238324,809.4364908326388,880.091324360849,738.7816573044288,21.09274339828228,18.637859800721863,23.54762699584269,213046366.84858683,106523183.42429341,319569550.27288026,525391.0
Luxembourg,ssp126,2040,Luxembourg,525391.0,11.621580894088982,3686928.4311895613,808.0939027264972,878.2452657149041,737.9425397380902,21.057757495455853,18.620366849308652,23.49514814160306,212692993.20973176,106346496.60486588,319039489.8145976,525391.0
Luxembourg,ssp126,2041,Luxembourg,525391.0,11.562997637031271,3502310.9179029865,767.6297902253301,822.6071110257994,712.6524694248608,20.00332129015406,18.093148746657754,21.913493833650364,202042704.70191038,101021352.35095519,303064057.05286556,525391.0
Luxembourg,ssp126,2042,Luxembourg,525391.0,11.648073266074544,3639539.265125354,797.7072361918764,863.9635992298006,731.4508731539522,20.78709599889678,18.485036101029113,23.08915589676444,209959188.15654904,104979594.07827452,314938782.2348236,525391.0
Luxembourg,ssp126,2043,Luxembourg,525391.0,11.762446397300605,3860965.2107833764,846.2389503087032,930.6947061404375,761.783194476969,22.051762225510856,19.117369214336154,24.986155236685555,222732896.14553326,111366448.07276663,334099344.21829987,525391.0
Luxembourg,ssp126,2044,Luxembourg,525391.0,11.615370271664185,3674758.0244738758,805.4264163230592,874.577471910177,736.2753607359415,20.988246660617847,18.585611431889646,23.390881889346044,211990901.9483335,105995450.97416675,317986352.92250025,525391.0
Luxembourg,ssp126,2045,Luxembourg,525391.0,11.81840017939372,3906439.3177807042,856.2058778697614,944.3992315368924,768.0125242026304,22.311485931935827,19.247231067548636,25.375740796323015,225356224.5098651,112678112.25493255,338034336.7647977,525391.0
Luxembourg,ssp126,2046,Luxembourg,525391.0,11.921424065986692,4088344.635797899,896.0755366132563,999.220012309198,792.9310609173147,23.350431532706285,19.766703867933863,26.934159197478696,235850050.81865558,117925025.40932779,353775076.22798336,525391.0
Luxembourg,ssp126,2047,Luxembourg,525391.0,11.80340329677477,3973731.0605147067,870.9547529895428,964.6789348265918,777.2305711524937,22.695820270501237,19.43939823683134,25.952242304171122,229238177.3189616,114619088.6594808,343857265.9784424,525391.0
Luxembourg,ssp126,2048,Luxembourg,525391.0,11.789900228855947,3908333.3940003896,856.6210178631171,944.9700490277565,768.2719866984777,22.32230387930216,19.252640041231803,25.39196771737251,225465490.73188457,112732745.36594228,338198236.09782684,525391.0
Luxembourg,ssp126,2049,Luxembourg,525391.0,11.869460998879367,4096923.994319747,897.9559439605106,1001.8055724116726,794.1063155093486,23.399432226533513,19.79120421484748,27.00766023821954,236344980.26409706,118172490.13204853,354517470.3961456,525391.0
Luxembourg,ssp126,2050,Luxembourg,525391.0,11.90320426739872,4045433.138256304,886.6702768781121,986.2877801733747,787.0527735828496,23.10534407688435,19.644160140022898,26.566528013745796,233374555.28746375,116687277.64373188,350061832.9311956,525391.0
Luxembourg,ssp126,2051,Luxembourg,525391.0,11.942305905989391,4088569.3327436657,896.1247852589037,999.287729196963,792.9618413208443,23.351714881130913,19.76734554214618,26.936084220115642,235863013.2253993,117931506.61269964,353794519.83809894,525391.0
Luxembourg,ssp126,2052,Luxembourg,525391.0,11.85289632516204,3953586.292245135,866.5394613140202,958.6079087727484,774.4710138552921,22.580764159990856,19.38187018157615,25.779658138405555,228076057.9177479,114038028.95887396,342114086.87662184,525391.0
Luxembourg,ssp126,2053,Luxembourg,525391.0,12.028024890940912,4211813.24265298,923.1371490746437,1036.4297294436055,809.8445687056818,24.055617985326737,20.11929709424409,27.991938876409375,242972756.90030554,121486378.45015277,364459135.3504583,525391.0
Luxembourg,ssp126,2054,Luxembourg,525391.0,11.573135717305226,3509303.282774772,769.1623633479132,824.7143990693512,713.6103276264753,20.04325792753064,18.113117065346042,21.97339878971523,202446083.02670056,101223041.51335028,303669124.54005086,525391.0
Luxembourg,ssp126,2055,Luxembourg,525391.0,11.695794467236636,3736233.5431616977,818.9005026108011,893.1043405558221,744.6966646657802,21.339361847309405,18.761169025235425,23.917554669383378,215537326.11220446,107768663.05610223,323305989.1683067,525391.0
Luxembourg,ssp126,2056,Luxembourg,525391.0,11.664292560014061,3683803.4220892815,807.408969225066,877.3034821504364,737.5144562996958,21.039909119759677,18.61144266146056,23.46837557805879,212512716.44229487,106256358.22114743,318769074.6634423,525391.0
Luxembourg,ssp126,2057,Luxembourg,525391.0,11.947138778153628,4090549.587462373,896.5588136904013,999.8845182902722,793.2331090905302,23.363025033856694,19.77300061850907,26.953049449204315,235977250.94693375,117988625.47346687,353965876.4204006,525391.0
Luxembourg,ssp126,2058,Luxembourg,525391.0,11.855910160858732,4053841.7174234944,888.5132531339345,988.8218725251306,788.2046337427386,23.153369370645457,19.66817278690345,26.638565954387452,233859632.7455943,116929816.37279715,350789449.11839145,525391.0
Luxembourg,ssp126,2059,Luxembourg,525391.0,11.97914480066276,4182086.4731633966,916.6216927481597,1027.47097699469,805.7724085016293,23.8858346237243,20.03440541344287,27.737263834005713,241257867.203042,120628933.601521,361886800.804563,525391.0
Luxembourg,ssp126,2060,Luxembourg,525391.0,11.823128389872299,3963578.7062196466,868.72957944542,961.619321203423,775.839837687417,22.637835468587312,19.41040583587438,25.86526510130024,228652504.2679538,114326252.1339769,342978756.4019307,525391.0
Luxembourg,ssp126,2061,Luxembourg,525391.0,12.232156976710204,4583552.976600276,1004.614351035695,1148.4608821400511,860.7678199313389,26.178795940902578,21.18088607203201,31.17670580977314,264417826.4707848,132208913.2353924,396626739.70617723,525391.0
Luxembourg,ssp126,2062,Luxembourg,525391.0,11.753589476243583,3803171.5231913715,833.5718406994968,913.2774304277784,753.8662509712149,21.721675683069368,18.952325943115408,24.491025423023324,219398870.9177625,109699435.45888124,329098306.3766437,525391.0
Luxembourg,ssp126,2063,Luxembourg,525391.0,11.985618377044442,4291542.792225603,940.612118843986,1060.457812876451,820.7664248115207,24.510990404796388,20.346983303978917,28.674997505613852,247572226.85540673,123786113.42770337,371358340.2831101,525391.0
Luxembourg,ssp126,2064,Luxembourg,525391.0,11.676984815975358,3741211.17736099,819.9914909284541,894.604449492595,745.3785323643133,21.3677914238054,18.775383813483423,23.960199034127374,215824477.85293108,107912238.92646554,323736716.77939665,525391.0
Luxembourg,ssp126,2065,Luxembourg,525391.0,11.952459360967472,4088326.8274293886,896.0716334091992,999.2146454036193,792.928621414779,23.350329820857926,19.766653012009684,26.934006629706154,235849023.4824126,117924511.7412063,353773535.2236189,525391.0
Luxembourg,ssp126,2066,Luxembourg,525391.0,11.953246881174536,4059354.2487555034,889.7214791793065,990.483183337517,788.959775021096,23.18485399263962,19.68391509790053,26.685792887378696,234177641.84478074,117088820.92239037,351266462.76717114,525391.0
Luxembourg,ssp126,2067,Luxembourg,525391.0,12.051909357102657,4357503.156394855,955.0691849632739,1080.336278790472,829.8020911360757,24.88772062316407,20.535348413162758,29.240092833165377,251377374.56852227,125688687.28426114,377066061.85278344,525391.0
Luxembourg,ssp126,2068,Luxembourg,525391.0,11.793230314019995,3957596.3203314785,867.4183715795202,959.8164103878108,775.0203327712296,22.603667289402825,19.393321746282133,25.814012832523503,228307390.0123241,114153695.00616205,342461085.01848614,525391.0
Luxembourg,ssp126,2069,Luxembourg,525391.0,12.074826094159054,4260295.396160035,933.7633745008477,1051.0407894046361,816.4859595970593,24.332522039870497,20.257749121515968,28.40729495822501,245769614.64764783,122884807.32382391,368654421.9714717,525391.0
Luxembourg,ssp126,2070,Luxembourg,525391.0,12.044520034724691,4319314.203676185,946.6990035454833,1068.8272793410101,824.5707277499565,24.66960581015271,20.426291006657078,28.91292061364834,249174315.08069327,124587157.54034664,373761472.6210399,525391.0
Luxembourg,ssp126,2071,Luxembourg,525391.0,11.883112780009334,3923706.386764674,859.9904409347411,949.6030057512395,770.3778761182426,22.410106167752126,19.296541185456785,25.523671150047456,226352334.05055788,113176167.02527894,339528501.07583684,525391.0
Luxembourg,ssp126,2072,Luxembourg,525391.0,11.819528754800311,3920995.7674077693,859.3963325825428,948.7861067669668,770.0065583981187,22.39462456398751,19.28880038357448,25.500448744400533,226195962.76339233,113097981.38169616,339293944.1450885,525391.0
Luxembourg,ssp126,2073,Luxembourg,525391.0,11.908050877061736,4080731.2657351806,894.4068527638932,996.9255720163237,791.8881335114627,23.306948046792186,19.744962124976816,26.86893396860755,235410847.6995078,117705423.8497539,353116271.5492617,525391.0
Luxembourg,ssp126,2074,Luxembourg,525391.0,11.776805986668437,3942874.47466001,864.1916656789243,955.3796897744915,773.0036415833572,22.519584003865518,19.35128010351348,25.687887904217543,227458110.3260281,113729055.16301405,341187165.48904216,525391.0
Luxembourg,ssp126,2075,Luxembourg,525391.0,11.975169787528097,4103631.3263545753,899.4260441325277,1003.8269601481961,795.0251281168593,23.437740909239714,19.81035855620058,27.06512326227884,236731915.5012638,118365957.7506319,355097873.25189567,525391.0
Luxembourg,ssp126,2076,Luxembourg,525391.0,12.020360067683136,4201590.178134424,920.8964773993437,1033.348805890068,808.4441489086192,23.99722932454584,20.090102763853643,27.904355885238033,242383004.68981135,121191502.34490567,363574507.034717,525391.0
Luxembourg,ssp126,2077,Luxembourg,525391.0,12.093051209202498,4344887.235190409,952.3040515486009,1076.5342203452967,828.073882751905,24.815665248544484,20.499320725852964,29.132009771235992,250649582.2901661,125324791.14508305,375974373.43524915,525391.0
Luxembourg,ssp126,2078,Luxembourg,525391.0,11.901430371786581,4059075.2239910113,889.6603230665411,990.3990936824645,788.9215524506176,23.18326035285638,19.683118278008912,26.68340242770384,234161545.35323036,117080772.67661518,351242318.02984554,525391.0
Luxembourg,ssp126,2079,Luxembourg,525391.0,12.029504350718716,4189654.8639196726,918.2805181193983,1029.7518618801432,806.8091743586534,23.92906121196732,20.056018707564384,27.80210371637025,241694475.53807652,120847237.76903826,362541713.3071148,525391.0
Luxembourg,ssp126,2080,Luxembourg,525391.0,12.103405719070128,4359643.941242271,955.5383980805158,1080.9814468266795,830.0953493343518,24.899947637875144,20.541461920518294,29.258433355231986,251500873.01594618,125750436.50797309,377251309.5239193,525391.0
Luxembourg,ssp126,2081,Luxembourg,525391.0,11.788660226593278,3902449.1191923833,855.3313137956088,943.1967059349327,767.465921656285,22.28869605797983,19.23583613057064,25.341555985389018,225126036.34725478,112563018.17362739,337689054.5208822,525391.0
Luxembourg,ssp126,2082,Luxembourg,525391.0,12.041651750502758,4301589.428354668,942.8141212832329,1063.4855662304158,822.14267633605,24.568371401254375,20.37567380220791,28.761069000300836,248151801.1948224,124075900.5974112,372227701.7922336,525391.0
Luxembourg,ssp126,2083,Luxembourg,525391.0,11.78490394161016,3809409.8673259937,834.9391490029756,915.1574793450619,754.7208186608891,21.757305758459164,18.970140980810307,24.544470536108015,219758750.9944791,109879375.49723954,329638126.49171865,525391.0
Luxembourg,ssp126,2084,Luxembourg,525391.0,11.90236802806647,4078807.272564872,893.985155630675,996.3457384581486,791.6245728032013,23.295959229851633,19.73946771650654,26.852450743196716,235299855.61654624,117649927.80827312,352949783.42481935,525391.0
Luxembourg,ssp126,2085,Luxembourg,525391.0,12.101287625656823,4371202.955618512,958.0718806835274,1084.4649854058207,831.6787759612341,24.965966527626918,20.57447136539418,29.35746168985964,252167694.03298548,126083847.01649274,378251541.04947823,525391.0
Luxembourg,ssp126,2086,Luxembourg,525391.0,12.100014343757445,4402505.782950665,964.9327743453692,1093.8987141908533,835.9668344998853,25.144751486213693,20.66386384468757,29.625639127739802,253973503.9816898,126986751.9908449,380960255.9725347,525391.0
Luxembourg,ssp126,2087,Luxembourg,525391.0,11.839988348669426,3902734.712935254,855.3939096844573,943.2827752820992,767.5050440868152,22.29032721624391,19.236651709702677,25.344002722785135,225142511.7926416,112571255.8963208,337713767.6889624,525391.0
Luxembourg,ssp126,2088,Luxembourg,525391.0,11.871397646482572,3993757.1495433063,875.3440327766332,970.714194533841,779.9738710194251,22.81019854884785,19.496587376004648,26.123809721691046,230393450.30493683,115196725.15246841,345590175.4574052,525391.0
Luxembourg,ssp126,2089,Luxembourg,525391.0,11.830688963776055,4010645.037416922,879.045487653042,975.8036949889032,782.2872803171807,22.906653105558167,19.544814654359808,26.268491556756523,231367685.4949783,115683842.74748915,347051528.24246746,525391.0
Luxembourg,ssp126,2090,Luxembourg,525391.0,11.923480315162497,4115636.98687301,902.0574217804038,1007.4451044140259,796.6697391467819,23.506310802170454,19.844643502665953,27.167978101674954,237424502.81853426,118712251.40926713,356136754.2278014,525391.0
Luxembourg,ssp126,2091,Luxembourg,525391.0,11.789627771786375,3891391.708725307,852.9077717754278,939.8643356571839,765.9512078936718,22.225542060692103,19.204259131926776,25.246824989457423,224488152.0559581,112244076.02797905,336732228.08393717,525391.0
Luxembourg,ssp126,2092,Luxembourg,525391.0,11.801197631889307,3903237.8175911224,855.5041791980723,943.4343958633199,767.5739625328247,22.293200680168106,19.238088441664775,25.348312918671432,225171535.09405673,112585767.54702836,337757302.6410851,525391.0
Luxembourg,ssp126,2093,Luxembourg,525391.0,12.09860115493022,4408779.660343831,966.3078707603099,1095.7894717613967,836.8262697592231,25.180584508515913,20.68178035583868,29.679388661193144,254335433.91515285,127167716.95757642,381503150.8727293,525391.0
Luxembourg,ssp126,2094,Luxembourg,525391.0,12.067288104621204,4409029.874065031,966.3627121238604,1095.8648786362787,836.8605456114423,25.182013595074384,20.682494899117913,29.681532291030845,254349868.34378287,127174934.17189144,381524802.5156743,525391.0
Luxembourg,ssp126,2095,Luxembourg,525391.0,11.80323768766538,3871455.40307511,848.5381705370285,933.8561339543847,763.2202071196723,22.111676576842264,19.14732639000185,25.076026763682663,223338058.52921277,111669029.26460639,335007087.7938192,525391.0
Luxembourg,ssp126,2096,Luxembourg,525391.0,11.96613777865688,4280087.460593077,938.1013612258979,1057.00552115158,819.1972013002157,24.445563695260304,20.314269949210875,28.57685744130973,246911387.1297096,123455693.5648548,370367080.6945644,525391.0
Luxembourg,ssp126,2097,Luxembourg,525391.0,11.873894956549007,4010593.0598069145,879.0340953001637,975.7880305036956,782.2801600966318,22.906356237331092,19.54466622024627,26.268046254415907,231364686.98994666,115682343.49497333,347047030.48492,525391.0
Luxembourg,ssp126,2098,Luxembourg,525391.0,11.718511980161418,3786959.2245650636,830.018460178662,908.3915322116309,751.6453881456932,21.629079729747172,18.90602796645431,24.352131493040027,218463609.38882446,109231804.69441223,327695414.0832367,525391.0
Madrid,ssp126,2024,Spain,39035901.0,14.5708594654668,110448001.84007084,24207.781225211445,30327.14223211525,18088.42021830764,454.26168031150235,301.1543694807747,607.3689911422301,1611762348.558189,805881174.2790945,2417643522.837283,39035901.0
Madrid,ssp126,2025,Spain,39035901.0,14.59615839174639,112108737.11250632,24571.777997252095,30827.637793671143,18315.918200833046,461.09211982005587,304.56958923505147,617.6146504050603,1635997378.060225,817998689.0301125,2453996067.0903378,39035901.0
Madrid,ssp126,2026,Spain,39035901.0,14.554850179423559,106159855.10964341,23267.913448679406,29034.824039383697,17501.002857975116,436.6249579920973,292.3360083210722,580.9139076631227,1549185630.7357483,774592815.3678741,2323778446.1036224,39035901.0
Madrid,ssp126,2027,Spain,39035901.0,14.63225770556621,116135465.04096207,25454.348502119108,32041.172237863284,18867.524766374932,477.65365252742356,312.8503555887353,642.4569494661123,1694759223.9501393,847379611.9750696,2542138835.925209,39035901.0
Madrid,ssp126,2028,Spain,39035901.0,14.519115468644832,105411368.86849655,23103.8616697979,28809.252843421622,17398.470496174177,433.5465082969568,290.79678347350193,576.2962331204119,1538263007.2224529,769131503.6112264,2307394510.833679,39035901.0
Madrid,ssp126,2029,Spain,39035901.0,14.826302404021993,125490883.4149446,27504.85115943035,34860.613391666244,20149.08892719446,516.1315606813132,332.0893096656803,700.1738116969468,1831282391.7665608,915641195.8832804,2746923587.6498413,39035901.0
Madrid,ssp126,2030,Spain,39035901.0,14.895548797305503,126096998.46679845,27637.698294083253,35043.27820181398,20232.118386352522,518.6244517914301,333.3357552207387,703.9131483621218,1840127399.4008992,920063699.7004496,2760191099.101349,39035901.0
Madrid,ssp126,2031,Spain,39035901.0,14.412137494955987,103918439.65673552,22776.644308316034,28359.328971384057,17193.95964524801,427.4062384774738,287.7266485637605,567.0858283911873,1516476763.447176,758238381.723588,2274715145.170764,39035901.0
Madrid,ssp126,2032,Spain,39035901.0,14.55127578344819,112967548.44598147,24760.01061828775,31086.45764759516,18433.56358898033,464.6243256808727,306.33569216545993,622.9129591962856,1648529970.309519,824264985.1547595,2472794955.4642787,39035901.0
Madrid,ssp126,2033,Spain,39035901.0,14.659281063301234,117693787.91733994,25795.898721599187,32510.803789648395,19080.993653549984,484.0628800054938,316.05496932777044,652.0707906832176,1717499754.3101234,858749877.1550617,2576249631.465185,39035901.0
Madrid,ssp126,2034,Spain,39035901.0,14.785519688194693,126034944.26105037,27624.09737227545,35024.57693432826,20223.617810222648,518.3692289960521,333.20814382304957,703.5303141690549,1839221845.377936,919610922.688968,2758832768.066904,39035901.0
Madrid,ssp126,2035,Spain,39035901.0,14.67735071985957,116764481.57470286,25592.215139651336,32230.7388644701,18953.691414832574,480.2407351617894,314.1438969059183,646.3375734176611,1703938431.8019245,851969215.9009622,2555907647.7028866,39035901.0
Madrid,ssp126,2036,Spain,39035901.0,14.66990112162051,121832595.77069928,26703.03468945877,33758.115745455325,19647.953633462224,501.0853863309236,324.5662224904853,677.604550171362,1777897177.1229277,888948588.5614638,2666845765.6843915,39035901.0
Madrid,ssp126,2037,Spain,39035901.0,14.699710950011534,120029341.5095706,26307.800878800437,33214.66925580011,19400.93250180076,493.6687803530679,320.8579195015575,666.4796412045786,1751582374.9124367,875791187.4562184,2627373562.368655,39035901.0
Madrid,ssp126,2038,Spain,39035901.0,15.040090326828492,140268911.96791288,30743.87111624532,39314.26583228682,22173.476400203814,576.9121268330132,362.4795927415302,791.3446609244966,2046937447.6370232,1023468723.8185116,3070406171.455535,39035901.0
Madrid,ssp126,2039,Spain,39035901.0,14.972511451447735,135678257.3508073,29737.700241263272,37930.78087918651,21544.619603340034,558.0312195702818,353.03913911016446,763.0233000303995,1979946246.8563852,989973123.4281926,2969919370.284578,39035901.0
Madrid,ssp126,2040,Spain,39035901.0,14.727530032069806,120866984.391982,26491.393839328957,33467.10957652683,19515.67810213109,497.1139224735762,322.58049056181176,671.6473543853413,1763806056.97926,881903028.48963,2645709085.46889,39035901.0
Madrid,ssp126,2041,Spain,39035901.0,14.795057287119416,124623677.04635672,27314.778530698764,34599.26352716031,20030.293534237215,512.5648268734711,330.3059427617591,694.8237109851837,1818627291.1759293,909313645.5879647,2727940936.763894,39035901.0
Madrid,ssp126,2042,Spain,39035901.0,14.868686969289584,130924300.47533865,28695.737090475624,36498.08154685349,20893.392634097756,538.4786663108205,343.2628624804338,733.6944701412075,1910571984.118272,955285992.059136,2865857976.177408,39035901.0
Madrid,ssp126,2043,Spain,39035901.0,14.951829699902428,134557644.1820603,29492.086396058447,37593.06184202987,21391.11095008702,553.422248719443,350.734653684745,756.1098437541413,1963593193.0881424,981796596.5440712,2945389789.6322136,39035901.0
Madrid,ssp126,2044,Spain,39035901.0,14.892198787540279,133989702.95510718,29367.606127137216,37421.901472263184,21313.31078201125,551.0863627660918,349.56671070806954,752.6060148241146,1955305254.2341394,977652627.1170697,2932957881.351209,39035901.0
Madrid,ssp126,2045,Spain,39035901.0,15.021912433223372,135084317.77715456,29607.521704572253,37751.785391236364,21463.25801790815,555.5884049947704,351.81773182240875,759.359078167132,1971278915.3865159,985639457.6932579,2956918373.079774,39035901.0
Madrid,ssp126,2046,Spain,39035901.0,14.88612957105843,129731858.20546831,28434.379880641027,36138.71538333092,20730.044377951133,533.5742694891362,340.81066406959167,726.337874908681,1893170731.7516606,946585365.8758303,2839756097.627491,39035901.0
Madrid,ssp126,2047,Spain,39035901.0,15.00330786288063,141579455.84799138,31031.1136105091,39709.224261899515,22353.002959118676,582.3022638673483,365.1746612586977,799.4298664759991,2066062151.0889094,1033031075.5444547,3099093226.633364,39035901.0
Madrid,ssp126,2048,Spain,39035901.0,15.089890685966152,148919474.70983714,32639.88486789995,41921.28474081194,23358.484994987957,612.4910336608355,380.2690461554414,844.7130211662303,2173174691.308197,1086587345.6540985,3259762036.9622955,39035901.0
Madrid,ssp126,2049,Spain,39035901.0,14.912409090324177,133883056.02023971,29344.231456481335,37389.76130011134,21298.701612851324,550.6477344973512,349.34739657369914,751.9480724210033,1953748960.672057,976874480.3360285,2930623441.0080853,39035901.0
Madrid,ssp126,2050,Spain,39035901.0,15.188841269213915,151106034.47465792,33119.13084375108,42580.247957607244,23658.013729894912,621.4841371694656,384.76559790975654,858.2026764291754,2205083052.1938453,1102541526.0969226,3307624578.2907677,39035901.0
Madrid,ssp126,2051,Spain,39035901.0,15.164472369940405,150747056.16803545,33040.450666957106,42472.06271451554,23608.83861939868,620.0076949881227,384.027376819085,855.9880131571608,2199844499.128835,1099922249.5644176,3299766748.6932526,39035901.0
Madrid,ssp126,2052,Spain,39035901.0,15.033556575997933,143692485.34113503,31494.243362431,40346.02767079213,22642.459054069863,590.9929446593214,369.5200016546844,812.465887663959,2096897488.276582,1048448744.138291,3145346232.414873,39035901.0
Madrid,ssp126,2053,Spain,39035901.0,15.182347123543224,149583054.88754982,32785.3270986315,42121.267808067816,23449.386389195173,615.2202731357668,381.63366589290706,848.8068803786269,2182858284.7446446,1091429142.3723223,3274287427.116967,39035901.0
Madrid,ssp126,2054,Spain,39035901.0,14.86152465505474,128823753.14271303,28235.343154557675,35865.03988496632,20605.64642414904,529.8393234074141,338.94319102873055,720.7354557860979,1879918798.4952853,939959399.2476426,2819878197.742928,39035901.0
Madrid,ssp126,2055,Spain,39035901.0,14.96886676180043,135421324.04430032,29681.38609189188,37853.34892380084,21509.423259982912,556.9744783563405,352.51076850319384,761.4381882094873,1976196831.5422149,988098415.7711074,2964295247.313322,39035901.0
Madrid,ssp126,2056,Spain,39035901.0,15.066176125529722,139272031.74079996,30525.376819891804,39013.83617480074,22036.917464982867,572.8120573026167,360.429557976332,785.1945566289016,2032390022.7011707,1016195011.3505853,3048585034.051756,39035901.0
Madrid,ssp126,2057,Spain,39035901.0,15.26228181513048,158087267.30052996,34649.264065860014,44684.181138007036,24614.346993713,650.1972555717241,399.1221571108857,901.2723540325628,2306959845.1443996,1153479922.5721998,3460439767.7165995,39035901.0
Madrid,ssp126,2058,Spain,39035901.0,15.086195399114626,139015942.8474564,30469.24774737814,38936.65870009446,22001.836794661827,571.7587890762902,359.9029238631688,783.614654289412,2028652929.86745,1014326464.933725,3042979394.801175,39035901.0
Madrid,ssp126,2059,Spain,39035901.0,15.146951949977117,151585612.8154702,33224.24390475103,42724.77841648218,23723.709393019883,623.4565953335696,385.75182699180834,861.1613636753311,2212081515.7244463,1106040757.8622231,3318122273.5866694,39035901.0
Madrid,ssp126,2060,Spain,39035901.0,14.964286990719623,136724140.1176542,29966.934820298207,38245.97842535955,21687.891215236872,562.332831687853,355.1899451689501,769.4757182067561,1995208763.4843569,997604381.7421784,2992813145.2265353,39035901.0
Madrid,ssp126,2061,Spain,39035901.0,15.381422236649467,157638777.19422567,34550.96486447825,44549.01973610711,24552.909992849396,648.3526602336581,398.1998594418528,898.505461025464,2300415050.716257,1150207525.3581285,3450622576.0743856,39035901.0
Madrid,ssp126,2062,Spain,39035901.0,15.101737416449229,143753033.6640281,31507.514227722626,40364.27511056812,22650.753344877132,591.2419739078294,369.6445162789385,812.839431536721,2097781067.0238798,1048890533.5119399,3146671600.5358195,39035901.0
Madrid,ssp126,2063,Spain,39035901.0,15.168668366263105,145241260.63030928,31833.700960058224,40812.78186752957,22854.620052586877,597.3629038578956,372.70498125397137,822.0208264618201,2119498691.1583133,1059749345.5791566,3179248036.7374697,39035901.0
Madrid,ssp126,2064,Spain,39035901.0,15.023442861447345,143135271.07070023,31372.1142072672,40178.10008244192,22566.128332092492,588.7011776145196,368.37411813228346,809.0282370967562,2088766087.3801947,1044383043.6900973,3133149131.070292,39035901.0
Madrid,ssp126,2065,Spain,39035901.0,15.157679671736165,147966377.15654618,32430.98677402796,41634.04986173795,23227.92368631796,608.5710379266825,378.30904828836486,838.8330275650005,2159266184.81369,1079633092.406845,3238899277.2205353,39035901.0
Madrid,ssp126,2066,Spain,39035901.0,15.134159410068236,142368300.41335207,31204.011049492263,39946.95824050137,22461.063858483154,585.5467033483294,366.79688099918826,804.2965256974707,2077573721.6753526,1038786860.8376763,3116360582.513029,39035901.0
Madrid,ssp126,2067,Spain,39035901.0,15.185603548662888,144627677.35894752,31699.216955376192,40627.86636109178,22770.567549660613,594.8392967014397,371.4431776757434,818.2354157271366,2110544700.157929,1055272350.0789645,3165817050.2368937,39035901.0
Madrid,ssp126,2068,Spain,39035901.0,14.973745123176373,142262140.85003933,31180.74319999906,39914.964947448214,22446.521452549903,585.110079590469,366.5785691202581,803.6415900606801,2076024540.302794,1038012270.151397,3114036810.454191,39035901.0
Madrid,ssp126,2069,Spain,39035901.0,15.26520919935994,151597786.04726452,33226.91201034979,42728.44706168047,23725.376959019108,623.5066626289265,385.7768606394869,861.2364646183664,2212259159.1072106,1106129579.5536053,3318388738.660816,39035901.0
Madrid,ssp126,2070,Spain,39035901.0,15.206771703864407,150669219.77126014,33023.39063478718,42448.60517028188,23598.176099292476,619.6875616059023,383.86731012797475,855.5078130838301,2198708636.355586,1099354318.177793,3298062954.533379,39035901.0
Madrid,ssp126,2071,Spain,39035901.0,15.018200571768677,134159437.95523158,29404.808318945303,37473.0544859993,21336.562151891303,551.7844659918601,349.91576232095366,753.6531696627666,1957782188.8809903,978891094.4404951,2936673283.3214855,39035901.0
Madrid,ssp126,2072,Spain,39035901.0,15.101766721677729,145843359.76915723,31965.667894600243,40994.236402524846,22937.099386675643,599.839277916009,373.94316828302817,825.7353875489903,2128285094.7684035,1064142547.3842018,3192427642.152605,39035901.0
Madrid,ssp126,2073,Spain,39035901.0,15.191119908592352,158657701.98331165,34774.29084564779,44856.092960215225,24692.48873108036,652.5433968616644,400.29522775585593,904.7915659674737,2315284170.878703,1157642085.4393516,3472926256.3180547,39035901.0
Madrid,ssp126,2074,Spain,39035901.0,15.005009548328784,137970869.22050095,30240.190514072834,38621.70500429966,21858.676023846012,567.4605048708639,357.7537817604556,777.1672279812724,2013402220.9787765,1006701110.4893882,3020103331.4681644,39035901.0
Madrid,ssp126,2075,Spain,39035901.0,15.139800851810977,141301903.72836137,30970.280269220326,39625.578417627454,22314.98212081319,581.1607195194504,364.6038890847488,797.7175499541522,2062011846.432152,1031005923.216076,3093017769.648228,39035901.0
Madrid,ssp126,2076,Spain,39035901.0,15.3132639603313,157031538.22511435,34417.871391796325,44366.01621116946,24469.72657242319,645.8551465633013,396.9511026066744,894.7591905199288,2291553641.811744,1145776820.905872,3437330462.717616,39035901.0
Madrid,ssp126,2077,Spain,39035901.0,15.1602088139476,147917673.78138256,32420.312061663324,41619.37213223659,23221.251991090066,608.370725773723,378.2088922118852,838.5325593355615,2158555458.8156757,1079277729.4078379,3237833188.2235136,39035901.0
Madrid,ssp126,2078,Spain,39035901.0,15.055218031669737,138976052.81138065,30460.504725772502,38924.6370453867,21996.3724061583,571.5947253131295,359.8208919815883,783.3685586446711,2028070816.5004504,1014035408.2502252,3042106224.7506757,39035901.0
Madrid,ssp126,2079,Spain,39035901.0,15.240707553194694,145742485.0939059,31943.55837673694,40963.8358154628,22923.280938011074,599.4243903787323,373.73572451438986,825.1130562430752,2126813035.511699,1063406517.7558495,3190219553.2675486,39035901.0
Madrid,ssp126,2080,Spain,39035901.0,15.086744278703499,139387074.66977346,30550.591708433938,39048.50664654617,22052.676770321697,573.2852174626267,360.66613805633705,785.904296868917,2034068838.599134,1017034419.299567,3051103257.8987007,39035901.0
Madrid,ssp126,2081,Spain,39035901.0,14.935588702497475,132426723.83020513,29025.0353600354,36950.86666749818,21099.20405257261,544.6579845995228,346.352521624785,742.9634475742611,1932496775.4646616,966248387.7323308,2898745163.1969924,39035901.0
Madrid,ssp126,2082,Spain,39035901.0,15.106913882434947,140188575.5918963,30726.26314341977,39290.054869651685,22162.471417187844,576.581711284054,362.3143849670506,790.8490376010577,2045765102.7876282,1022882551.3938141,3068647654.1814423,39035901.0
Madrid,ssp126,2083,Spain,39035901.0,15.140454160944243,141624636.45367503,31041.016209015106,39722.840334845285,22359.19208318493,582.4880872187302,365.26757293438885,799.7086015030719,2066721469.4822962,1033360734.7411481,3100082204.2234445,39035901.0
Madrid,ssp126,2084,Spain,39035901.0,15.165652708889155,146496023.08384448,32108.717388230318,41190.9294562662,23026.50532019444,602.5236174157569,375.28533803290213,829.7618967986123,2137809378.9507618,1068904689.4753809,3206714068.4261427,39035901.0
Madrid,ssp126,2085,Spain,39035901.0,15.242216105961013,140542390.27692848,30803.811567536402,39396.68395281207,22210.939182260743,578.0369160017849,363.0419873259161,793.0318446776545,2050928303.372531,1025464151.6862655,3076392455.0587964,39035901.0
Madrid,ssp126,2086,Spain,39035901.0,15.224264383823842,139846489.7910537,30651.285433646044,39186.96051871282,22115.610348579266,575.1747463040401,361.61090247704374,788.738590131037,2040773061.2423851,1020386530.6211926,3061159591.863578,39035901.0
Madrid,ssp126,2087,Spain,39035901.0,15.046244230105438,136538712.17190793,29926.29307876478,38190.09603075108,21662.490126778477,561.5701849327456,354.80862179139643,768.3317480740951,1992502822.4411027,996251411.2205514,2988754233.661654,39035901.0
Madrid,ssp126,2088,Spain,39035901.0,15.074752225121966,145351467.1104444,31857.855805019346,40845.99477935112,22869.716830687583,597.8161721833824,372.93161541671486,822.7007289500502,2121106928.992314,1060553464.496157,3181660393.488471,39035901.0
Madrid,ssp126,2089,Spain,39035901.0,15.260106411643442,156725007.1118612,34350.68649026139,44273.63697155892,24427.736008963853,644.5944144879873,396.3207365690172,892.8680924069574,2287080448.102739,1143540224.0513694,3430620672.154108,39035901.0
Madrid,ssp126,2090,Spain,39035901.0,15.217733955262128,147760592.61840403,32385.883313613245,41572.03260366772,23199.73402355877,607.7246665254694,377.8858625877584,837.5634704631809,2156263181.002238,1078131590.501119,3234394771.503357,39035901.0
Madrid,ssp126,2091,Spain,39035901.0,15.206134420523256,148623436.5022719,32574.999781310304,41832.067746751185,23317.93181586943,611.273457866212,379.6602582581296,842.8866574742946,2168854620.06436,1084427310.03218,3253281930.0965405,39035901.0
Madrid,ssp126,2092,Spain,39035901.0,15.11856056363752,146989993.16414255,32216.984803090178,41339.797151698505,23094.17245448185,604.5552673773811,376.30116301371424,832.8093717410484,2145017860.4395611,1072508930.2197806,3217526790.659342,39035901.0
Madrid,ssp126,2093,Spain,39035901.0,15.263252042809384,157342258.50864628,34485.97446763894,44459.65794045305,24512.290994824827,647.1331082806032,397.5900834653253,896.6761330958814,2296087967.880001,1148043983.9400005,3444131951.8200016,39035901.0
Madrid,ssp126,2094,Spain,39035901.0,15.164595054531693,146750947.4490065,32164.59122169049,41267.75597727394,23061.42646610705,603.572096053139,375.80957735159313,831.3346147546854,2141529477.8810563,1070764738.9405282,3212294216.8215847,39035901.0
Madrid,ssp126,2095,Spain,39035901.0,15.088599534308253,141651441.20839044,31046.891223747247,39730.91848010198,22362.86396739252,582.5983325171014,365.3226955835744,799.8739694506288,2067112629.9713304,1033556314.9856652,3100668944.9569955,39035901.0
Madrid,ssp126,2096,Spain,39035901.0,15.129052194347539,152121151.28548247,33341.62219954824,42886.173571828345,23797.07082726814,625.6592119604554,386.8531353052514,864.4652886156598,2219896602.713711,1109948301.3568554,3329844904.070566,39035901.0
Madrid,ssp126,2097,Spain,39035901.0,14.941881247658936,130305517.84174295,28560.113499550534,36311.599109331495,20808.627889769574,535.9336746930292,341.99036667153814,729.8769827145205,1901542119.0762968,950771059.5381484,2852313178.614445,39035901.0
Madrid,ssp126,2098,Spain,39035901.0,14.897572506634692,130084605.77887814,28511.6944172788,36245.02287120786,20778.365963349737,535.0250852825716,341.53607196630946,728.5140985988344,1898318360.0282743,949159180.0141371,2847477540.0424113,39035901.0
Mexico_City,ssp126,2024,Mexico,86251050.0,20.318706762889985,402863457.18757296,88298.83993169937,93918.9122411437,82678.76762225505,8545.47154733164,7820.265069701546,9270.678024961724,2697329770.2153125,1348664885.1076562,4045994655.3229685,86251050.0
Mexico_City,ssp126,2025,Mexico,86251050.0,20.345028031439064,426097208.51779205,93391.16899037753,100920.86469682616,85861.4732839289,9038.301952739157,8066.680272405304,10009.923633073002,2852888900.780663,1426444450.3903315,4279333351.1709948,86251050.0
Mexico_City,ssp126,2026,Mexico,86251050.0,20.38911290792589,422674842.4845701,92641.06136665765,99889.46671421133,85392.65601910398,8965.707303014555,8030.382947543005,9901.031658486096,2829974810.1098228,1414987405.0549114,4244962215.164734,86251050.0
Mexico_City,ssp126,2027,Mexico,86251050.0,20.431938552817176,434213290.0355005,95170.03617234105,103366.80707202599,86973.26527265609,9210.458901819104,8152.758746945278,10268.159056692919,2907229268.229209,1453614634.1146045,4360843902.343813,86251050.0
Mexico_City,ssp126,2028,Mexico,86251050.0,20.47222842266008,446058724.6680466,97766.29581783059,106936.6640845741,88595.92755108706,9461.722258700822,8278.390425386138,10645.054092015496,2986539125.962381,1493269562.9811904,4479808688.943571,86251050.0
Mexico_City,ssp126,2029,Mexico,86251050.0,20.38320341557011,423148861.95777035,92744.95604571524,100032.3218979155,85457.59019351497,8975.762123944161,8035.410358007807,9916.113889880507,2833148557.4773507,1416574278.7386754,4249722836.2160263,86251050.0
Mexico_City,ssp126,2030,Mexico,86251050.0,20.433379166905464,440474306.27185225,96542.3137035962,105253.68867750184,87830.93872969058,9343.266519761151,8219.162555916302,10467.370483605991,2949149241.820199,1474574620.9100995,4423723862.730299,86251050.0
Mexico_City,ssp126,2031,Mexico,86251050.0,20.469300172006978,441910044.30825573,96856.99601294492,105686.37685285631,88027.61517303351,9373.721152268965,8234.389872170208,10513.05243236771,2958762074.3537054,1479381037.1768527,4438143111.530558,86251050.0
Mexico_City,ssp126,2032,Mexico,86251050.0,20.464799405260194,438348170.9601788,96076.3114435034,104612.93556987423,87539.68731713257,9298.167296966234,8196.612944518844,10399.721649413614,2934913927.176109,1467456963.5880544,4402370890.764163,86251050.0
Mexico_City,ssp126,2033,Mexico,86251050.0,20.474681106449733,446439150.27160996,97849.67677203625,107051.31289660689,88648.0406474656,9469.791782290311,8282.425187180883,10657.15837739973,2989086225.451138,1494543112.725569,4483629338.176707,86251050.0
Mexico_City,ssp126,2034,Mexico,86251050.0,20.507765052483542,453453977.6149485,99387.17317605566,109165.37045213359,89608.97589997773,9618.589113997343,8356.823853034397,10880.354374960283,3036053261.771979,1518026630.8859894,4554079892.6579685,86251050.0
Mexico_City,ssp126,2035,Mexico,86251050.0,20.539355067913302,452045910.3197825,99078.5556867042,108741.02140427535,89416.08996913307,9588.721428574747,8341.8900103231,10835.552846826384,3026625695.766801,1513312847.8834004,4539938543.650202,86251050.0
Mexico_City,ssp126,2036,Mexico,86251050.0,20.500842204676985,458504370.5136345,100494.10860590464,110687.40666817593,90300.81054363334,9725.717194364177,8410.387893217812,11041.046495510529,3069867634.5423017,1534933817.2711508,4604801451.813453,86251050.0
Mexico_City,ssp126,2037,Mexico,86251050.0,20.59614659482154,481307869.0868223,105492.13569043894,117559.6939094106,93424.57747146729,10209.421151026432,8652.23987154894,11766.602430503914,3222546053.17027,1611273026.585135,4833819079.755405,86251050.0
Mexico_City,ssp126,2038,Mexico,86251050.0,20.53837841432165,465061585.7331956,101931.30646224681,112663.5537206464,91199.0592038472,9864.807735063794,8479.933163567623,11249.682306559953,3113770777.172485,1556885388.5862424,4670656165.758727,86251050.0
Mexico_City,ssp126,2039,Mexico,86251050.0,20.606209970189344,478606334.0902564,104900.01843091767,116745.53267756884,93054.50418426648,10152.116647390445,8623.587619730948,11680.645675049927,3204458210.648213,1602229105.3241065,4806687315.97232,86251050.0
Mexico_City,ssp126,2040,Mexico,86251050.0,20.48569894996013,445767590.53610533,97702.48559713112,106848.92503111235,88556.0461631499,9455.54677071211,8275.30268139178,10635.790860032428,2984589868.100445,1492294934.0502224,4476884802.150667,86251050.0
Mexico_City,ssp126,2041,Mexico,86251050.0,20.600375486025396,478487830.44568014,104874.04502936671,116709.81925043627,93038.27080829714,10149.602968115465,8622.330780093458,11676.875156137463,3203664781.9996443,1601832390.9998221,4805497172.999466,86251050.0
Mexico_City,ssp126,2042,Mexico,86251050.0,20.52693310534708,472444698.76675296,103549.52301754705,114888.60148418424,92210.44455090984,10021.417080570776,8558.237836321114,11484.596324820428,3163203631.473206,1581601815.736603,4744805447.209809,86251050.0
Mexico_City,ssp126,2043,Mexico,86251050.0,20.57307212191825,473828400.1339544,103852.8000295364,115305.60737566961,92399.9926834032,10050.767920048595,8572.913256060023,11528.622584037157,3172468057.9786224,1586234028.9893112,4758702086.967934,86251050.0
Mexico_City,ssp126,2044,Mexico,86251050.0,20.663026146585707,490614100.90551484,107531.85773289212,120364.31171778371,94699.40374800052,10406.8233670886,8750.940979580024,12062.705754597162,3284854946.3825564,1642427473.1912782,4927282419.573834,86251050.0
Mexico_City,ssp126,2045,Mexico,86251050.0,20.562980908533188,471373944.0089699,103314.83704323843,114565.90826950988,92063.76581696696,9998.704411666382,8546.881501868917,11450.527321463836,3156034505.9711685,1578017252.9855843,4734051758.956753,86251050.0
Mexico_City,ssp126,2046,Mexico,86251050.0,20.587203712441376,485173000.0282545,106339.28767760217,118724.52789176005,93954.04746344431,10291.407655131847,8693.233123601649,11889.582186662032,3248424629.5665154,1624212314.7832577,4872636944.349773,86251050.0
Mexico_City,ssp126,2047,Mexico,86251050.0,20.604047085228316,482289136.4681815,105707.20799320261,117855.41832571065,93558.99766069459,10230.235628830516,8662.647110450982,11797.824147210036,3229116025.3855553,1614558012.6927776,4843674038.078333,86251050.0
Mexico_City,ssp126,2048,Mexico,86251050.0,20.624025011395375,497579587.4749707,109058.53972071805,122463.49945104436,95653.57999039172,10554.574090641396,8824.816341356422,12284.331839926359,3331491626.757966,1665745813.378983,4997237440.13695,86251050.0
Mexico_City,ssp126,2049,Mexico,86251050.0,20.663964476232604,496984789.10015655,108928.17295363551,122284.24514630588,95572.10076096514,10541.957328069175,8818.507960070312,12265.406696068025,3327509216.998444,1663754608.499222,4991263825.497666,86251050.0
Mexico_City,ssp126,2050,Mexico,86251050.0,20.688789030244344,502335028.00184345,110100.8280553751,123896.64591119782,96305.01019955239,10655.445691160841,8875.252141616145,12435.639240705528,3363331177.044165,1681665588.5220826,5044996765.566248,86251050.0
Mexico_City,ssp126,2051,Mexico,86251050.0,20.64263016914559,498059294.1307488,109163.68090554613,122608.068580183,95719.29323090929,10564.74954712639,8829.904069598919,12299.595024653852,3334703452.056371,1667351726.0281856,5002055178.084557,86251050.0
Mexico_City,ssp126,2052,Mexico,86251050.0,20.635651226519496,485121517.6730566,106328.00387372318,118709.01266142643,93946.99508601993,10290.315620116797,8692.687106094123,11887.944134139461,3248079934.889353,1624039967.4446764,4872119902.334029,86251050.0
Mexico_City,ssp126,2053,Mexico,86251050.0,20.622120763494937,483841106.87452567,106047.36589048355,118323.13543447191,93771.59634649516,10263.15576271971,8679.10717739558,11847.204348043828,3239507079.487958,1619753539.743979,4859260619.231937,86251050.0
Mexico_City,ssp126,2054,Mexico,86251050.0,20.56197862488002,461494081.97235733,101149.3878297343,111588.41560094172,90710.36005852689,9789.134448397426,8442.096520234438,11136.172376560402,3089884932.1603274,1544942466.0801637,4634827398.240491,86251050.0
Mexico_City,ssp126,2055,Mexico,86251050.0,20.729908733306743,530580468.48719907,116291.60953161743,132408.970441031,100174.24862220384,11254.583199670127,9174.820895870787,13334.345503469454,3552445543.5486574,1776222771.7743287,5328668315.322987,86251050.0
Mexico_City,ssp126,2056,Mexico,86251050.0,20.72981957885771,516394449.0357515,113182.34499431384,128133.7317022386,98230.95828638911,10953.671753300181,9024.365172685815,12882.978333914536,3457464547.1229916,1728732273.5614958,5186196820.684487,86251050.0
Mexico_City,ssp126,2057,Mexico,86251050.0,20.690928187590423,497549505.7657577,109051.94646938369,122454.43373045963,95649.45920830776,10553.936002511064,8824.497297291258,12283.37470773086,3331290217.8479457,1665645108.9239728,4996935326.771918,86251050.0
Mexico_City,ssp126,2058,Mexico,86251050.0,20.725354860974214,523321019.6342256,114700.49745425337,130221.19133465544,99179.8035738513,11100.596997855497,9097.827794963472,13103.366200747512,3503840669.7208395,1751920334.8604198,5255761004.581259,86251050.0
Mexico_City,ssp126,2059,Mexico,86251050.0,20.70348588991637,507612300.42199826,111257.49050362821,125487.05677754583,97027.92422971058,10767.386301581684,8931.222446826567,12603.55015633679,3398664597.7117114,1699332298.8558557,5097996896.567567,86251050.0
Mexico_City,ssp126,2060,Mexico,86251050.0,20.71762559295357,513717794.0451916,112595.68088679387,127327.06855439862,97864.29321918912,10896.895000145474,8995.976796108462,12797.813204182476,3439543286.0559793,1719771643.0279896,5159314929.083969,86251050.0
Mexico_City,ssp126,2061,Mexico,86251050.0,20.754629692826303,522208246.0544446,114456.6018751233,129885.83491335159,99027.36883689501,11076.993032802426,9086.025812436937,13067.960253167903,3496390211.6296544,1748195105.8148272,5244585317.444482,86251050.0
Mexico_City,ssp126,2062,Mexico,86251050.0,20.657184962622544,496289321.3410735,108775.74166397347,122074.65212302058,95476.83120492636,10527.205183536622,8811.131887804037,12243.278479269196,3322852785.9984927,1661426392.9992464,4984279178.997739,86251050.0
Mexico_City,ssp126,2063,Mexico,86251050.0,20.686505378754784,510632929.194555,111919.5461250105,126397.38325694649,97441.70899307451,10831.45936844922,8963.258980260334,12699.659756638093,3418888898.9423285,1709444449.4711642,5128333348.413492,86251050.0
Mexico_City,ssp126,2064,Mexico,86251050.0,20.653116281118738,498545189.0775295,109270.1784281282,122754.50267373334,95785.85418252308,10575.05626859396,8835.057430332705,12315.055106855203,3337956710.404238,1668978355.202119,5006935065.606358,86251050.0
Mexico_City,ssp126,2065,Mexico,86251050.0,20.74498072267354,514777273.0811847,112827.89547002522,127646.36360634174,98009.42733370872,10919.368490345489,9007.213541208468,12831.523439482495,3446636916.1525073,1723318458.0762537,5169955374.228761,86251050.0
Mexico_City,ssp126,2066,Mexico,86251050.0,20.639546181788667,494942739.41401935,108480.60041968763,121668.83291212755,95292.36792724772,10498.641715347936,8796.850153709693,12200.433276986168,3313836888.7879934,1656918444.3939967,4970755333.18199,86251050.0
Mexico_City,ssp126,2067,Mexico,86251050.0,20.729271609118083,516059132.67400664,113108.8509972191,128032.6774562333,98185.02453820487,10946.559079322155,9020.8088356968,12872.309322947494,3455219471.8032126,1727609735.9016063,5182829207.704819,86251050.0
Mexico_City,ssp126,2068,Mexico,86251050.0,20.690966212342584,509228438.23368466,111611.71248975125,125974.11200846502,97249.31297103748,10801.667543625103,8948.363067848277,12654.972019401921,3409485277.9060774,1704742638.9530387,5114227916.859116,86251050.0
Mexico_City,ssp126,2069,Mexico,86251050.0,20.719177111577867,511843538.97077405,112184.88525404481,126762.22455936868,97607.54594872096,10857.138618361321,8976.098605216384,12738.178631506245,3426994408.9637604,1713497204.4818802,5140491613.445641,86251050.0
Mexico_City,ssp126,2070,Mexico,86251050.0,20.74807238849065,518240987.78175074,113587.06581535478,128690.22283116987,98483.90879953968,10992.840221011542,9043.949406541497,12941.731035481578,3469827852.462723,1734913926.2313614,5204741778.694084,86251050.0
Mexico_City,ssp126,2071,Mexico,86251050.0,20.72449230268898,511259039.73485273,112056.77583247301,126586.07410470746,97527.47756023859,10844.740319382161,8969.899455726805,12719.581183037506,3423080956.002001,1711540478.0010004,5134621434.003001,86251050.0
Mexico_City,ssp126,2072,Mexico,86251050.0,20.790335018311417,529486366.5468292,116051.80636660487,132079.24108913873,100024.37164407098,11231.375294275691,9163.216943173571,13299.533645377802,3545120099.449046,1772560049.724523,5317680149.173569,86251050.0
Mexico_City,ssp126,2073,Mexico,86251050.0,20.72504175735308,525242167.2653121,115121.57090764219,130800.16733306508,99442.97448221932,11141.348056624238,9118.203324347844,13164.492788900623,3516703510.978454,1758351755.489227,5275055266.467681,86251050.0
Mexico_City,ssp126,2074,Mexico,86251050.0,20.752488174878085,537428298.4691843,117792.50377424432,134472.700024643,101112.30752384565,11399.838211580067,9247.448401825757,13552.228021334367,3598294466.656974,1799147233.328487,5397441699.98546,86251050.0
Mexico_City,ssp126,2075,Mexico,86251050.0,20.691345061483112,509347730.8810743,111637.8588234257,126010.0632172674,97265.65442958401,10804.197959094372,8949.628275582912,12658.76764260582,3410283989.2397323,1705141994.6198661,5115425983.859598,86251050.0
Mexico_City,ssp126,2076,Mexico,86251050.0,20.78792466716135,537373460.2249738,117780.4844330475,134456.17343049735,101104.79543559764,11398.674992014612,9246.866792043033,13550.483191986183,3597927302.9790177,1798963651.4895089,5396890954.468527,86251050.0
Mexico_City,ssp126,2077,Mexico,86251050.0,20.722516706447227,509736861.38268375,111723.14770049078,126127.33542323188,97318.95997774968,10812.452129509602,8953.755360790525,12671.148898228665,3412889371.454876,1706444685.727438,5119334057.182314,86251050.0
Mexico_City,ssp126,2078,Mexico,86251050.0,20.737333878951468,520058007.93975765,113985.31680889054,129237.81794728155,98732.81567049953,11031.38254542471,9063.22056874808,12999.544522101332,3481993519.2111497,1740996759.6055748,5222990278.816725,86251050.0
Mexico_City,ssp126,2079,Mexico,86251050.0,20.683757495452138,511158192.2057035,112034.6722644403,126555.68169866249,97513.66283021815,10842.601158642743,8968.829875357098,12716.372441928379,3422405742.011322,1711202871.005661,5133608613.016983,86251050.0
Mexico_City,ssp126,2080,Mexico,86251050.0,20.70737062815713,511148222.2082873,112032.48705952716,126552.67704190692,97512.29707714744,10842.389676743041,8968.724134407246,12716.05521907883,3422338988.945587,1711169494.4727936,5133508483.418381,86251050.0
Mexico_City,ssp126,2081,Mexico,86251050.0,20.796320666320675,542904081.3874872,118992.67537277644,136122.93597262466,101862.41477292823,11515.989593128199,9305.524092599824,13726.455093656563,3634956993.419403,1817478496.7097015,5452435490.129105,86251050.0
Mexico_City,ssp126,2082,Mexico,86251050.0,20.75683398998727,524198838.62011784,114892.89613609278,130485.73952218462,99300.05275000093,11119.217145783525,9107.137868927486,13131.29642263955,3509718014.119441,1754859007.0597205,5264577021.179161,86251050.0
Mexico_City,ssp126,2083,Mexico,86251050.0,20.683425941165954,494668452.96644175,108420.48284213638,121586.17124299456,95254.79444127818,10492.823597591734,8793.941094831593,12191.706100351865,3312000432.8190627,1656000216.4095314,4968000649.228594,86251050.0
Mexico_City,ssp126,2084,Mexico,86251050.0,20.679454441134624,502982428.57909226,110242.72407230633,124091.75293447827,96393.6952101344,10669.178242758378,8882.118417414913,12456.238068101833,3367665779.2998643,1683832889.6499321,5051498668.949797,86251050.0
Mexico_City,ssp126,2085,Mexico,86251050.0,20.66766790485371,501183195.9936639,109848.3717248152,123549.51845667794,96147.22499295244,10631.013225327648,8863.035908699549,12398.990541955736,3355619207.3668146,1677809603.6834073,5033428811.050222,86251050.0
Mexico_City,ssp126,2086,Mexico,86251050.0,20.76212242074115,528419537.85485995,115817.98089987187,131757.73107238088,99878.23072736287,11208.745904415613,9151.902248243532,13265.589560587687,3537977260.506414,1768988630.253207,5306965890.759621,86251050.0
Mexico_City,ssp126,2087,Mexico,86251050.0,20.712962307692287,512085245.7243589,112237.86207674834,126835.06769058603,97640.65646291067,10862.265661156343,8978.662126613895,12745.869195698779,3428612731.0291486,1714306365.5145743,5142919096.543723,86251050.0
Mexico_City,ssp126,2088,Mexico,86251050.0,20.671845017985568,503977137.7006466,110460.74250990729,124391.52828617959,96529.956733635,10690.277844483071,8892.66821827726,12487.887470688871,3374325749.268346,1687162874.634173,5061488623.902519,86251050.0
Mexico_City,ssp126,2089,Mexico,86251050.0,20.783265935924703,536959347.695382,117689.72004299998,134331.37239418202,101048.06769181794,11389.890907045197,9242.474749558321,13537.30706453206,3595154656.2314506,1797577328.1157253,5392731984.347176,86251050.0
Mexico_City,ssp126,2090,Mexico,86251050.0,20.800820446725584,543867239.6645777,119203.77855679631,136413.202850652,101994.35426294064,11536.419943673995,9315.739267872721,13757.100619475255,3641405718.0378065,1820702859.0189033,5462108577.056709,86251050.0
Mexico_City,ssp126,2091,Mexico,86251050.0,20.677678899832486,499221695.14204633,109418.45372994011,122958.38121372472,95878.52624615552,10589.406200866966,8842.232396469208,12336.580005264714,3342486185.3789296,1671243092.6894648,5013729278.068395,86251050.0
Mexico_City,ssp126,2092,Mexico,86251050.0,20.626498486990872,496488588.7616229,108819.41671505278,122134.70531825462,95504.12811185094,10531.43201037393,8813.245301222689,12249.618719525162,3324186959.987449,1662093479.9937246,4986280439.9811735,86251050.0
Mexico_City,ssp126,2093,Mexico,86251050.0,20.723178846308812,514485817.127511,112764.01471305566,127558.52756550859,97969.50186060274,10913.186175928593,9004.12238400002,12822.249967857157,3444685503.5671196,1722342751.7835598,5167028255.350679,86251050.0
Mexico_City,ssp126,2094,Mexico,86251050.0,20.665395275272882,510133085.90003127,111809.99143032037,126246.74555174756,97373.23730889318,10820.856776987373,8957.957684529412,12683.755869445326,3415542250.903882,1707771125.451941,5123313376.3558235,86251050.0
Mexico_City,ssp126,2095,Mexico,86251050.0,20.640926481145282,494008548.0054467,108275.84613835663,121387.29577529742,95164.39650141583,10478.825805120116,8786.942198595783,12170.709411644439,3307582108.781367,1653791054.3906834,4961373163.17205,86251050.0
Mexico_City,ssp126,2096,Mexico,86251050.0,20.653742305890493,493393822.27314454,108141.1117312767,121202.03596556252,95080.18749699088,10465.786346809702,8780.422469440577,12151.150224178818,3303466277.502382,1651733138.751191,4955199416.253572,86251050.0
Mexico_City,ssp126,2097,Mexico,86251050.0,20.739611033714493,524491732.78923696,114957.09211836546,130574.00899780955,99340.17523892135,11125.42996738331,9110.24427972738,13140.61565503923,3511679056.1245937,1755839528.0622969,5267518584.186891,86251050.0
Mexico_City,ssp126,2098,Mexico,86251050.0,20.75713662085446,526744074.99520534,115450.75616350921,131252.79705988223,99648.7152671362,11173.206269483962,9134.132430777703,13212.280108190207,3526759375.712949,1763379687.8564744,5290139063.569424,86251050.0
Moscow,ssp126,2024,Russia,112244500.5,6.322684252699473,49240957.508617386,10792.538632022912,3924.1601504252067,17660.917113620613,920.1714730980456,1700.9684243611882,139.37452183490598,323670106.27170014,161835053.13585007,485505159.4075502,112244500.5
Moscow,ssp126,2025,Russia,112244500.5,6.9316477807648305,88220495.37037882,19335.998985285696,15671.418136161536,23000.57983440985,1648.5866093930742,2065.1759925087026,1231.9972262774495,579889964.7083107,289944982.35415536,869834947.0624661,112244500.5
Moscow,ssp126,2026,Russia,112244500.5,6.267603771839571,61243367.668176204,13423.203872474158,7541.324856045674,19305.082888902645,1144.4619011490272,1813.113638386679,475.8101639113787,402564213.30002105,201282106.65001053,603846319.9500315,112244500.5
Moscow,ssp126,2027,Russia,112244500.5,6.269968861216022,54494220.577367276,11943.938756680422,5507.335321829287,18380.542191531556,1018.3398081816403,1750.0525919029856,286.6270244602989,358200795.79857045,179100397.89928523,537301193.6978557,112244500.5
Moscow,ssp126,2028,Russia,112244500.5,6.525552534853329,75729798.62374711,16598.31202711984,11907.098568683487,21289.525485556194,1415.1715133653952,1948.468444494863,881.8745822359305,497786257.795558,248893128.897779,746679386.693337,112244500.5
Moscow,ssp126,2029,Russia,112244500.5,6.564998808730512,55879181.982996166,12247.491941475793,5924.7209509229215,18570.262932028665,1044.2207422917954,1762.993058958063,325.44842562553106,367304408.48245794,183652204.24122897,550956612.7236869,112244500.5
Moscow,ssp126,2030,Russia,112244500.5,6.61233099489766,95775676.31001186,20991.929054246357,17948.321980982448,24035.536127510266,1789.7711501999343,2135.7682629121327,1443.7740374877399,629551594.8097475,314775797.4048737,944327392.2146212,112244500.5
Moscow,ssp126,2031,Russia,112244500.5,6.1863707281513305,91018951.5828699,19949.35925103716,16514.788501569805,23383.93000050452,1700.8816845852564,2091.3235301047935,1310.4398390657211,598284745.5071077,299142372.75355387,897427118.2606616,112244500.5
Moscow,ssp126,2032,Russia,112244500.5,6.333832720672481,140312658.58713144,30753.459416354755,31370.426228881497,30136.492603828017,2622.0388936146683,2551.9021346194995,2692.1756526098393,922301584.1684397,461150792.0842199,1383452376.2526596,112244500.5
Moscow,ssp126,2033,Russia,112244500.5,6.627834855964195,117798612.41195126,25818.87395330157,24585.37121718336,27052.376689419776,2201.3163065125173,2341.540841068424,2061.0917719566123,774312509.8931683,387156254.94658417,1161468764.8397524,112244500.5
Moscow,ssp126,2034,Russia,112244500.5,6.2835770366276495,70905495.26760569,15540.930469609388,10453.198927106616,20628.66201211216,1325.0191980877025,1903.3922868560167,746.6461093193908,466075201.4113208,233037600.7056604,699112802.1169813,112244500.5
Moscow,ssp126,2035,Russia,112244500.5,6.6049153622985,66216275.10737605,14513.15618791522,9040.009289777132,19986.303086053304,1237.391198129245,1859.5782868767878,615.2041093817039,435252072.3662028,217626036.1831014,652878108.5493041,112244500.5
Moscow,ssp126,2036,Russia,112244500.5,6.708915143459308,127463825.22095676,27937.27676075483,27498.175077431595,28376.378444078062,2381.931257119684,2431.8483163720075,2332.014197867362,837843777.6692402,418921888.8346201,1256765666.5038605,112244500.5
Moscow,ssp126,2037,Russia,112244500.5,6.800595071259688,104519427.90997237,22908.367761087018,20583.425202888357,25233.31031928568,1953.166648525305,2217.466012074818,1688.8672849757913,687025924.1640856,343512962.0820428,1030538886.2461284,112244500.5
Moscow,ssp126,2038,Russia,112244500.5,6.721501680558937,100822128.2230013,22098.000706408428,19469.170502705292,24726.83091011156,1884.0747812753693,2182.9200784498503,1585.2294841008907,662722875.5811838,331361437.7905919,994084313.3717756,112244500.5
Moscow,ssp126,2039,Russia,112244500.5,6.695317623726856,134462694.19084898,29471.275439087367,29607.423260138836,29335.1276180359,2512.7199317493105,2497.2426536868206,2528.1972098118003,883848664.2084757,441924332.10423785,1325772996.3127136,112244500.5
Moscow,ssp126,2040,Russia,112244500.5,6.741060890447614,121325674.08181523,26591.928565874492,25648.321309471135,27535.535822277852,2267.226916230015,2374.496145927173,2159.957686532858,797496551.8629491,398748275.93147457,1196244827.7944236,112244500.5
Moscow,ssp126,2041,Russia,112244500.5,7.048837681805449,114268298.25032383,25045.106465821584,23521.440921898386,26568.772009744782,2135.3449171049306,2308.5551463646307,1962.1346878452314,751107088.6812282,375553544.3406141,1126660633.0218422,112244500.5
Moscow,ssp126,2042,Russia,112244500.5,6.914924082782252,122245735.16013418,26793.585788519747,25925.599990608356,27661.571586431135,2284.420204106856,2383.092789865593,2185.7476183481176,803544286.9611937,401772143.48059684,1205316430.4417906,112244500.5
Moscow,ssp126,2043,Russia,112244500.5,7.01086275843966,89404503.84331441,19595.50769168253,16028.242607457187,23162.772775907877,1670.7123127876735,2076.2388442060023,1265.185781369344,587672675.842526,293836337.921263,881509013.7637889,112244500.5
Moscow,ssp126,2044,Russia,112244500.5,6.686866038066618,127810144.099672,28013.182268418444,27602.545150469068,28423.819386367824,2388.4029580961187,2435.0841668602247,2341.7217493320136,840120197.0150272,420060098.5075136,1260180295.5225408,112244500.5
Moscow,ssp126,2045,Russia,112244500.5,6.679320729300286,107244238.84860447,23505.586596951587,21404.60110220214,25606.572091701037,2004.0855059597052,2242.925440792018,1765.2455711273942,704936620.6797496,352468310.3398748,1057404931.0196245,112244500.5
Moscow,ssp126,2046,Russia,112244500.5,6.81691739101982,118119134.68555427,25889.125410529625,24681.96697087194,27096.283850187312,2207.305943343005,2344.535659483668,2070.076227202344,776419363.2853146,388209681.6426573,1164629044.9279718,112244500.5
Moscow,ssp126,2047,Russia,112244500.5,6.681059747735281,91940284.5758537,20151.295249499366,16792.450499455335,23510.139999543397,1718.0987408786768,2099.932058251504,1336.2654235058512,604340841.140475,302170420.5702375,906511261.7107126,112244500.5
Moscow,ssp126,2048,Russia,112244500.5,6.9738038198043455,95180565.28115515,20861.493760250367,17768.973451737962,23954.01406876277,1778.650241513621,2130.207808568976,1427.092674458269,625639817.7099653,312819908.8549827,938459726.5649481,112244500.5
Moscow,ssp126,2049,Russia,112244500.5,6.85214352810468,112227806.13214603,24597.87531663193,22906.49809176261,26289.25254150125,2097.214004685121,2289.489690154726,1904.9383192155178,737694548.914475,368847274.4572375,1106541823.3717124,112244500.5
Moscow,ssp126,2050,Russia,112244500.5,6.597615145617393,135581871.9936279,29716.574683532068,29944.7097212503,29488.439645813836,2533.63413690589,2507.6997562651104,2559.5685175466724,891205231.1131521,445602615.5565761,1336807846.6697283,112244500.5
Moscow,ssp126,2051,Russia,112244500.5,6.631726936315763,86551828.03132488,18970.263678095784,15168.532088775411,22771.99526741616,1617.4040296631997,2049.5847026437655,1185.2233566826358,568921499.3841074,284460749.6920537,853382249.076161,112244500.5
Moscow,ssp126,2052,Russia,112244500.5,7.023377988702573,94813303.610611,20780.99805163795,17658.291852395887,23903.704250880015,1771.7871801619422,2126.7762778931365,1416.7980824307492,623225737.4412425,311612868.7206212,934838606.1618637,112244500.5
Moscow,ssp126,2053,Russia,112244500.5,7.019302096247468,103941319.92496224,22781.659161632742,20409.200878638723,25154.117444626758,1942.3634776876256,2212.0644266559784,1672.6625287192753,683225911.2802572,341612955.6401286,1024838866.9203858,112244500.5
Moscow,ssp126,2054,Russia,112244500.5,6.9491503597653805,145912315.55094418,31980.781490615085,33057.99408098945,30903.568900240723,2726.680331513868,2604.2228535690997,2849.1378094586375,959109186.1377068,479554593.0688534,1438663779.2065601,112244500.5
Moscow,ssp126,2055,Russia,112244500.5,7.032871813468523,115271929.79618396,25265.08050327038,23823.905223390477,26706.255783150278,2154.099895982832,2317.9326358035814,1990.2671561620828,757704148.2337239,378852074.11686194,1136556222.350586,112244500.5
Moscow,ssp126,2056,Russia,112244500.5,6.857127103784405,102710362.83702436,22511.86034783814,20038.22750967115,24985.49318600513,1919.3604400897066,2200.5629078570187,1638.157972322394,675134598.0396664,337567299.0198332,1012701897.0594996,112244500.5
Moscow,ssp126,2057,Russia,112244500.5,7.048605924098865,136493494.40650284,29916.382335669045,30219.44524293864,29613.319428399445,2550.6697304647196,2516.217553044525,2585.121907884913,897197497.27092,448598748.63546,1345796245.9063802,112244500.5
Moscow,ssp126,2058,Russia,112244500.5,7.070541705137339,129382475.77340165,28357.8029092359,28076.39853159307,28639.20728687873,2417.785302096259,2449.7753388602946,2385.795265332223,850455429.8309506,425227714.9154753,1275683144.7464259,112244500.5
Moscow,ssp126,2059,Russia,112244500.5,7.290157171136902,158389430.9293372,34715.491710536844,36818.22063338186,32612.762787691823,2959.8416309410923,2720.8035032827115,3198.879758599472,1041123620.154002,520561810.077001,1561685430.2310028,112244500.5
Moscow,ssp126,2060,Russia,112244500.5,6.807244296234101,125505721.41647847,27508.103324156848,26908.061602109374,28108.145046204325,2345.3399446552526,2413.552660139792,2277.127229170712,824972791.8364457,412486395.91822284,1237459187.7546685,112244500.5
Moscow,ssp126,2061,Russia,112244500.5,7.124395184913257,150049376.20548654,32887.534510788755,34304.77948372824,31470.289537849265,2803.9900628715477,2642.8777192479392,2965.102406495158,986302866.5504847,493151433.2752423,1479454299.825727,112244500.5
Moscow,ssp126,2062,Russia,112244500.5,6.779516227575401,92967451.89693974,20376.42781302507,17102.00777430318,23650.847851746963,1737.293535512727,2109.529455568529,1365.0576154569253,611092605.7851132,305546302.8925566,916638908.6776698,112244500.5
Moscow,ssp126,2063,Russia,112244500.5,7.1583309478109305,154127824.84868634,33781.44106272295,35533.90099263778,32028.98113280814,2880.204504788341,2680.984940206336,3079.4240693703455,1013111279.1516702,506555639.5758351,1519666918.7275052,112244500.5
Moscow,ssp126,2064,Russia,112244500.5,7.141150813703387,156907459.76045665,34390.67611187809,36371.599185226085,32409.753038530103,2932.1478641552008,2706.956619889766,3157.339108420637,1031382343.988945,515691171.9944725,1547073515.9834175,112244500.5
Moscow,ssp126,2065,Russia,112244500.5,6.77914772241764,79478492.7039948,17419.943606352208,13036.841990127992,21803.045222576424,1485.2237935919047,1983.4945846081177,986.9530025756945,522427131.42442286,261213565.71221143,783640697.1366343,112244500.5
Moscow,ssp126,2066,Russia,112244500.5,7.13666873863108,149562873.45009387,32780.90376988077,34158.16221497977,31403.645324781777,2794.898729563954,2638.332052594142,2951.4654065337677,983104992.128325,491552496.0641625,1474657488.1924875,112244500.5
Moscow,ssp126,2067,Russia,112244500.5,7.0334995514907845,130037151.38071805,28501.29345330525,28273.698029688425,28728.888876922076,2430.019300955445,2455.892338289888,2404.146263621003,854758736.1457509,427379368.07287544,1282138104.2186263,112244500.5
Moscow,ssp126,2068,Russia,112244500.5,7.056341897841575,183292051.07095844,40173.6002347278,44323.11985414443,36024.08061531117,3425.1997762555093,2953.48257593992,3896.9169765710967,1204813241.8733537,602406620.9366769,1807219862.8100305,112244500.5
Moscow,ssp126,2069,Russia,112244500.5,7.174075925066837,132891424.24050558,29126.88750476553,29133.88985044631,29119.88515908475,2483.3574282969953,2482.5614019606633,2484.1534546333255,873520410.3007346,436760205.1503673,1310280615.451102,112244500.5
Moscow,ssp126,2070,Russia,112244500.5,7.223622269376523,129756248.08562008,28439.725607804325,28189.04224212465,28690.408973483998,2424.7700285625756,2453.2677020934534,2396.272355031699,852912305.7760623,426456152.8880311,1279368458.6640935,112244500.5
Moscow,ssp126,2071,Russia,112244500.5,7.2841052289534245,158792023.20490587,34803.73111340121,36939.54981232037,32667.91241448205,2967.3649193987358,2724.5651475115333,3210.1646912859387,1043769935.1570096,521884967.5785048,1565654902.7355144,112244500.5
Moscow,ssp126,2072,Russia,112244500.5,7.047920411964837,93456005.17007819,20483.50798248007,17249.243007303805,23717.77295765634,1746.4231870828044,2114.0942813535676,1378.752092812043,614303958.6473818,307151979.3236909,921455937.9710727,112244500.5
Moscow,ssp126,2073,Russia,112244500.5,7.246747436685404,103325528.95082411,22646.69127689014,20223.620037117646,25069.76251666263,1930.8561204699267,2206.310748047129,1655.4014928927245,679178200.997499,339589100.4987495,1018767301.4962485,112244500.5
Moscow,ssp126,2074,Russia,112244500.5,7.097865764189809,170629193.0450104,37398.1792975337,40506.91606550255,34289.442529564854,3188.567482471851,2835.166429048091,3541.96853589561,1121577886.3820279,560788943.1910139,1682366829.573042,112244500.5
Moscow,ssp126,2075,Russia,112244500.5,7.458465402422693,190382793.69455916,41727.73560428411,46460.05598728437,36995.41522128387,3557.705304487281,3019.735340055806,4095.675268918756,1251422031.276464,625711015.638232,1877133046.914696,112244500.5
Moscow,ssp126,2076,Russia,112244500.5,7.208473219613695,137650073.17250645,30169.87905150545,30568.0032272137,29771.7548757972,2572.2828517506146,2527.024113687473,2617.541589813757,904799907.7650408,452399953.8825204,1357199861.647561,112244500.5
Moscow,ssp126,2077,Russia,112244500.5,7.2058946284847964,164377825.46114692,36028.016539426644,38622.94227310534,33433.09080574795,3071.747452773722,2776.7564141990265,3366.7384913484198,1080486467.5187993,540243233.7593997,1620729701.278199,112244500.5
Moscow,ssp126,2078,Russia,112244500.5,7.239591612875461,137421106.0166149,30119.69446939223,30498.999426808023,29740.38951197644,2568.0041160032256,2524.884745813778,2611.123486192673,903294863.4395481,451647431.71977407,1354942295.1593223,112244500.5
Moscow,ssp126,2079,Russia,112244500.5,7.175110628514721,145300899.76389086,31846.77255098696,32873.731789000776,30819.813312973143,2715.254733923696,2598.5100547740135,2831.999413073379,955090234.7853258,477545117.3926629,1432635352.1779885,112244500.5
Moscow,ssp126,2080,Russia,112244500.5,7.082167583610518,175456590.46298587,38456.23900558312,41961.7481640705,34950.72984709575,3278.7776168412047,2880.2714962327677,3677.283737449642,1153309280.6185997,576654640.3092998,1729963920.9278994,112244500.5
Moscow,ssp126,2081,Russia,112244500.5,7.076262199013076,144106541.78222883,31584.99545911583,32513.788287677973,30656.20263055369,2692.935628061467,2587.350501842899,2798.5207542800363,947239494.3771312,473619747.1885656,1420859241.5656967,112244500.5
Moscow,ssp126,2082,Russia,112244500.5,6.801476042835143,160022783.17179596,35073.4867225826,37310.46377494479,32836.50967022042,2990.3642733728166,2736.0648244985737,3244.663722247061,1051859952.6837535,525929976.34187675,1577789929.0256302,112244500.5
Moscow,ssp126,2083,Russia,112244500.5,7.149255681879895,146357174.8949321,32078.284908475445,33192.061280547445,30964.50853640345,2734.9934695718994,2608.379422598115,2861.607516545684,962033330.5579154,481016665.2789577,1443049995.836873,112244500.5
Moscow,ssp126,2084,Russia,112244500.5,7.3561738748741785,140738483.13701463,30846.790824548338,31498.75691514767,30194.824733949004,2629.9963262717947,2555.8808509480627,2704.1118015955267,925100609.294824,462550304.647412,1387650913.942236,112244500.5
Moscow,ssp126,2085,Russia,112244500.5,7.117869520651106,137395203.15771204,30114.017130454617,30491.193085768806,29736.84117514043,2567.5200662803927,2524.6427209523617,2610.3974116084246,903124599.0596898,451562299.5298449,1354686898.5895348,112244500.5
Moscow,ssp126,2086,Russia,112244500.5,6.838937877620218,191478076.5615434,41967.797602527244,46790.14123486867,37145.453970185816,3578.172982212588,3029.9691789184594,4126.376785506716,1258621532.2588,629310766.1294,1887932298.3882,112244500.5
Moscow,ssp126,2087,Russia,112244500.5,6.877310508263314,106477294.73405607,23337.489256776593,21173.467259461526,25501.511254091667,1989.7535325096692,2235.7594540669998,1743.747610952339,699895352.2800245,349947676.14001226,1049843028.4200368,112244500.5
Moscow,ssp126,2088,Russia,112244500.5,7.232501047471416,152939808.7610736,33521.05397502701,35175.86874705585,31866.23920299818,2858.0039106343493,2669.88464312934,3046.123178139359,1005302225.2098798,502651112.6049399,1507953337.8148196,112244500.5
Moscow,ssp126,2089,Russia,112244500.5,6.848091621775534,141087437.92692506,30923.274066172544,31603.92137238095,30242.626759964132,2636.517284825867,2559.141330225099,2713.893239426636,927394354.9823362,463697177.4911681,1391091532.4735043,112244500.5
Moscow,ssp126,2090,Russia,112244500.5,6.923274856014889,128156673.4577839,28089.133908552558,27706.978655653475,28471.289161451645,2394.8785923254018,2438.3219839748663,2351.43520067594,842397999.881609,421198999.9408045,1263596999.8224134,112244500.5
Moscow,ssp126,2091,Russia,112244500.5,6.689396168972261,106488097.48631579,23339.856983299273,21176.722883430204,25502.991083168337,1989.9554047916722,2235.8603902080017,1744.0504193753454,699966360.8092823,349983180.40464115,1049949541.2139235,112244500.5
Moscow,ssp126,2092,Russia,112244500.5,6.929354619120382,128521787.81756279,28169.15897370958,27817.013120244374,28521.30482717478,2401.7015266322383,2441.7334511282847,2361.669602136193,844797965.4714396,422398982.7357198,1267196948.2071595,112244500.5
Moscow,ssp126,2093,Russia,112244500.5,6.940418505464716,115041103.99859688,25214.488547634854,23754.34128439163,26674.635810878077,2149.7864275829215,2315.775901603626,1983.7969535622174,756186886.7056108,378093443.3528054,1134280330.0584161,112244500.5
Moscow,ssp126,2094,Russia,112244500.5,7.352103535580553,161415381.02254918,35378.71364877508,37730.15079845945,33027.27649909072,3016.3879106170025,2749.0766431206666,3283.6991781133383,1061013761.162564,530506880.581282,1591520641.743846,112244500.5
Moscow,ssp126,2095,Russia,112244500.5,7.427145171091535,149480706.56074572,32762.894588653773,34133.399590792644,31392.389586514902,2793.3632673910624,2637.5643215076966,2949.1622132744296,982564893.6584142,491282446.8292071,1473847340.4876213,112244500.5
Moscow,ssp126,2096,Russia,112244500.5,7.095858693601529,120976059.19582415,26515.30064565727,25542.957919172448,27487.643372142087,2260.693622384071,2371.229499004201,2150.1577457639414,795198467.2393281,397599233.6196641,1192797700.858992,112244500.5
Moscow,ssp126,2097,Russia,112244500.5,6.959990632928023,158397899.83375442,34717.347908765274,36820.77290594595,32613.922911584592,2959.999890338297,2720.8826329813137,3199.1171476952804,1041179287.860956,520589643.930478,1561768931.7914338,112244500.5
Moscow,ssp126,2098,Russia,112244500.5,6.883545474657016,127092091.0868295,27855.80078615159,27386.145612352146,28325.45595995104,2374.984618323295,2428.374996973813,2321.5942396727764,835400299.053359,417700149.5266795,1253100448.5800385,112244500.5
New_York,ssp126,2024,United States,260434004.00000003,13.03290717640465,273742839.5584782,59998.430588154544,85432.49879822819,34564.3623780809,3928.956564538426,1708.2462720126473,6149.666857064216,10445119704.671135,5222559852.335567,15667679557.006702,260434004.00000003
New_York,ssp126,2025,United States,260434004.00000003,12.970759799147634,247290789.7355392,54200.72103792135,77460.64816665754,30940.79390918515,3549.297483902878,1518.4167316948729,5580.178236110889,9435797132.87279,4717898566.436395,14153695699.309185,260434004.00000003
New_York,ssp126,2026,United States,260434004.00000003,13.12444047574546,276881008.5271395,60686.24844429949,86378.2483504275,34994.248538171494,3973.9978506956845,1730.7669150912761,6217.2287863001,10564861834.12381,5282430917.061905,15847292751.185715,260434004.00000003
New_York,ssp126,2027,United States,260434004.00000003,13.215758036311927,294601175.3085105,64570.12061555889,91718.57258590916,37421.66864520862,4228.330587627466,1857.9332835571659,6598.727891697772,11241004682.341152,5620502341.170576,16861507023.511728,260434004.00000003
New_York,ssp126,2028,United States,260434004.00000003,13.140602059627826,299725878.0768377,65693.34314012376,93263.00355718586,38123.68272306166,4301.884053410913,1894.7100164488897,6709.058090372941,11436546359.165934,5718273179.582967,17154819538.748901,260434004.00000003
New_York,ssp126,2029,United States,260434004.00000003,13.21922963371243,292197522.17851716,64043.292532272695,90994.18397139064,37092.40109315474,4193.831607638831,1840.6837935628496,6546.979421714819,11149289243.45777,5574644621.728885,16723933865.186653,260434004.00000003
New_York,ssp126,2030,United States,260434004.00000003,13.281756131957847,304471822.569439,66733.55015220075,94693.28819879174,38773.81210560979,4370.001304620904,1928.7686420538853,6811.233967187931,11617635875.212833,5808817937.606417,17426453812.819252,260434004.00000003
New_York,ssp126,2031,United States,260434004.00000003,13.410777519150777,321487192.52506334,70462.94630685814,99821.20791144563,41104.68470227065,4614.218284297998,2050.877131892433,7177.55943670357,12266886011.919361,6133443005.959681,18400329017.879044,260434004.00000003
New_York,ssp126,2032,United States,260434004.00000003,13.15894060931678,291063518.0367441,63794.743679281324,90652.42929852752,36937.05806003514,4177.55555444884,1832.545766967853,6522.565341929832,11106019402.955208,5553009701.477604,16659029104.432812,260434004.00000003
New_York,ssp126,2033,United States,260434004.00000003,13.433481055885462,347823950.58185494,76235.38642889466,107758.31307924585,44712.459778543474,4992.222613553848,2239.879296520358,7744.565930587345,13271809431.94331,6635904715.971655,19907714147.914963,260434004.00000003
New_York,ssp126,2034,United States,260434004.00000003,13.380745056084635,328647530.5399478,72032.33546080544,101979.11799812315,42085.5529234877,4716.988669427599,2102.262324457233,7331.715014397971,12540100784.630905,6270050392.315453,18810151176.946358,260434004.00000003
New_York,ssp126,2035,United States,260434004.00000003,13.40848436774183,320233581.17095846,70188.18217445159,99443.40722938663,40932.957119516555,4596.225541302289,2041.8807603945797,7150.570322210009,12219052356.51533,6109526178.257665,18328578534.772995,260434004.00000003
New_York,ssp126,2036,United States,260434004.00000003,13.290780735792701,297996225.8571103,65314.241283745156,92741.73850466528,37886.74406282503,4277.05882527334,1882.297402380103,6671.820248166583,11370548561.701555,5685274280.850778,17055822842.552334,260434004.00000003
New_York,ssp126,2037,United States,260434004.00000003,13.450310352736357,319004468.31345445,69918.78757554661,99072.98965589228,40764.58549520095,4578.584418568862,2033.0601990278647,7124.10863810987,12172153482.565285,6086076741.282642,18258230223.847927,260434004.00000003
New_York,ssp126,2038,United States,260434004.00000003,13.446001775922783,326233099.14670974,71503.14501845188,101251.48113988702,41754.80889701674,4682.334991956466,2084.9354857216663,7279.734498191272,12447974082.93611,6223987041.468055,18671961124.404163,260434004.00000003
New_York,ssp126,2039,United States,260434004.00000003,13.27595265098299,297571556.64058405,65221.16309930103,92613.75600105461,37828.57019754746,4270.963663446571,1879.2498214667185,6662.677505426431,11354344591.549639,5677172295.774819,17031516887.32446,260434004.00000003
New_York,ssp126,2040,United States,260434004.00000003,13.520507703731784,349303704.95874,76559.71615533522,108204.2664531016,44915.16585756882,5013.461125882952,2250.498552684909,7776.423699081004,13328271955.766785,6664135977.883392,19992407933.650177,260434004.00000003
New_York,ssp126,2041,United States,260434004.00000003,13.482264589243247,343612774.8387477,75312.38900574787,106489.191622419,44135.58638907673,4931.780752838902,2209.6583661628847,7653.90313951493,13111124919.409164,6555562459.704582,19666687379.113747,260434004.00000003
New_York,ssp126,2042,United States,260434004.00000003,13.294616348822517,298311998.1002878,65383.45163841419,92836.9027423352,37930.00053449318,4281.5910184431505,1884.5634989650084,6678.618537921298,11382597384.182981,5691298692.091491,17073896076.274471,260434004.00000003
New_York,ssp126,2043,United States,260434004.00000003,13.46930378178339,347786254.7762143,76227.12433450768,107746.95269946374,44707.295969551604,4991.681575902359,2239.6087776946124,7743.754374110107,13270371084.90594,6635185542.45297,19905556627.35891,260434004.00000003
New_York,ssp126,2044,United States,260434004.00000003,13.40718267996572,327290764.44045573,71734.96206913593,101570.2295845776,41899.69455369427,4697.515374411954,2092.5256769494104,7302.505071874504,12488331085.9484,6244165542.9742,18732496628.9226,260434004.00000003
New_York,ssp126,2045,United States,260434004.00000003,13.304224350612621,299702902.85240793,65688.30747449532,93256.07951694676,38120.535432043886,4301.554296260041,1894.5451378734547,6708.563454646637,11435669700.730602,5717834850.365301,17153504551.095903,260434004.00000003
New_York,ssp126,2046,United States,260434004.00000003,13.547310824706269,329586672.14871126,72238.1747175207,102262.14697610665,42214.20245893475,4730.467913650877,2109.001946568872,7351.933880732891,12575935316.555079,6287967658.277539,18863902974.83262,260434004.00000003
New_York,ssp126,2047,United States,260434004.00000003,13.460988186207246,323368751.8634364,70875.34287417278,100388.25319150327,41362.4325568423,4641.2237940165105,2064.379886751689,7218.067701281339,12338680081.6837,6169340040.84185,18508020122.52555,260434004.00000003
New_York,ssp126,2048,United States,260434004.00000003,13.700254682825175,368713678.8746399,80813.95701361465,114053.84763323584,47574.06639399347,5292.047205275567,2389.7915923812175,8194.302818169928,14068892245.02489,7034446122.512445,21103338367.53734,260434004.00000003
New_York,ssp126,2049,United States,260434004.00000003,13.522767657389426,327275568.0202194,71731.63134689235,101565.64984149266,41897.612852292026,4697.2972643231515,2092.416621905009,7302.177906741303,12487751240.90585,6243875620.452925,18731626861.358772,260434004.00000003
New_York,ssp126,2050,United States,260434004.00000003,13.78202419312613,364864088.2910663,79970.21113228344,112893.69704640543,47046.72521816147,5236.795078065548,2362.165528776206,8111.424627354891,13922004624.058226,6961002312.029113,20883006936.087337,260434004.00000003
New_York,ssp126,2051,United States,260434004.00000003,13.740686422502126,356191954.6574042,78069.46951394655,110280.1773211922,45858.761706700905,5112.326301371737,2299.931140429301,7924.7214623141845,13591104739.901941,6795552369.950971,20386657109.852913,260434004.00000003
New_York,ssp126,2052,United States,260434004.00000003,13.69831350848278,365753133.67905146,80165.07039540348,113161.62853319549,47168.51225761149,5249.555304849673,2368.5456421682707,8130.564967531089,13955927650.192421,6977963825.0962105,20933891475.28863,260434004.00000003
New_York,ssp126,2053,United States,260434004.00000003,13.773151375437644,389752797.47970194,85425.27068047755,120394.40392517233,50456.13743578279,5594.015955540557,2540.7759675137113,8647.255943567403,14871675297.4149,7435837648.70745,22307512946.12235,260434004.00000003
New_York,ssp126,2054,United States,260434004.00000003,13.529811557543836,337362653.3482182,73942.49936398797,104605.59336499915,43279.405362976795,4842.074458058787,2164.8052187728267,7519.343697344753,12872640993.24467,6436320496.622335,19308961489.867004,260434004.00000003
New_York,ssp126,2055,United States,260434004.00000003,13.652623776315652,348096934.15591514,76295.21844512703,107840.58210156536,44749.8547886887,4996.14067258708,2241.8383260369737,7750.443019137201,13282225580.592407,6641112790.296204,19923338370.88861,260434004.00000003
New_York,ssp126,2056,United States,260434004.00000003,13.771291010037775,386610774.4634672,84736.60810157678,119447.49287918377,50025.7233239698,5548.919353286126,2518.2276663864964,8579.611040185766,14751786110.277292,7375893055.138646,22127679165.41594,260434004.00000003
New_York,ssp126,2057,United States,260434004.00000003,13.847348081092898,375873892.9779812,82383.31900886755,116211.72037670856,48554.91764102653,5394.8158119364725,2441.1758957116695,8348.455728161283,14342102289.68253,7171051144.841265,21513153434.523796,260434004.00000003
New_York,ssp126,2058,United States,260434004.00000003,13.799482434384764,371274743.993391,81375.28635471078,114825.67547724301,47924.89723217855,5328.8054767494705,2408.170728118168,8249.440225380778,14166614003.81121,7083307001.905605,21249921005.716816,260434004.00000003
New_York,ssp126,2059,United States,260434004.00000003,13.873056623517984,381958418.06927615,83716.91354942534,118045.41286997554,49388.414228875154,5482.14534661252,2484.840663049693,8479.45003017536,14574267605.959522,7287133802.979761,21861401408.939285,260434004.00000003
New_York,ssp126,2060,United States,260434004.00000003,13.549322733106933,333435892.0994418,73081.83936425617,103422.18586536792,42741.49286314442,4785.714721268452,2136.62535037766,7434.8040921592565,12722808795.400553,6361404397.700276,19084213193.10083,260434004.00000003
New_York,ssp126,2061,United States,260434004.00000003,13.73743971082085,375056091.5924431,82204.07486957152,115965.25968517653,48442.89005396651,5383.078130953176,2435.307055220022,8330.849206686347,14310897698.613153,7155448849.306577,21466346547.91973,260434004.00000003
New_York,ssp126,2062,United States,260434004.00000003,13.516086605940586,324509913.5118486,71125.4604957426,100732.16492116176,41518.756070323434,4657.602576953666,2072.5692782202655,7242.635875687074,12382223028.923061,6191111514.461531,18573334543.38459,260434004.00000003
New_York,ssp126,2063,United States,260434004.00000003,13.927131602732514,406400302.8902143,89074.03898963096,125411.46035025826,52736.61762900367,5832.953075398447,2660.244527442657,9005.66162335425,15506888942.007166,7753444471.003583,23260333413.01075,260434004.00000003
New_York,ssp126,2064,United States,260434004.00000003,13.852658682765867,390342891.75836724,85554.60641278776,120572.24055709886,50536.97226847666,5602.485418316637,2545.0106989017527,8659.960137731538,14894191339.798485,7447095669.899242,22341287009.697727,260434004.00000003
New_York,ssp126,2065,United States,260434004.00000003,13.888677869863772,407205966.8558092,89250.62287250107,125654.26318920466,52846.982555797484,5844.516551292616,2666.026265389741,9023.006837195502,15537630409.349115,7768815204.674558,23306445614.023674,260434004.00000003
New_York,ssp126,2066,United States,260434004.00000003,13.579560787241899,339200185.6390854,74345.24616746572,105159.37021978106,43531.122115150385,4868.44805953234,2177.9920195096024,7558.904099555082,12942755136.760773,6471377568.380386,19414132705.14116,260434004.00000003
New_York,ssp126,2067,United States,260434004.00000003,13.727194201211804,364628850.62115747,79918.65219093357,112822.80350204936,47014.500879817795,5233.4187757341115,2360.477377610489,8106.360173857745,13913028734.039665,6956514367.019833,20869543101.059498,260434004.00000003
New_York,ssp126,2068,United States,260434004.00000003,13.540750052747178,340243301.4347589,74573.87428706538,105473.73388423059,43674.01468990018,4883.419616996989,2185.477798241928,7581.361435752062,12982556979.136692,6491278489.568346,19473835468.70504,260434004.00000003
New_York,ssp126,2069,United States,260434004.00000003,13.78871203913689,370009973.9938745,81098.07649180305,114444.51191574488,47751.641067861216,5310.652576749433,2399.0942781181498,8222.210875380726,14118354571.472683,7059177285.736341,21177531857.209023,260434004.00000003
New_York,ssp126,2070,United States,260434004.00000003,13.698294117296092,356015927.9083342,78030.88830867094,110227.12816393824,45834.64845340365,5109.799837291772,2298.66790838932,7920.931766194239,13584388142.42591,6792194071.212955,20376582213.638866,260434004.00000003
New_York,ssp126,2071,United States,260434004.00000003,13.55000278910092,330019671.18881875,72333.07861672236,102392.63983750892,42273.51739593578,4736.68263117121,2112.1093053290383,7361.255957013396,12592457125.173803,6296228562.586902,18888685687.760704,260434004.00000003
New_York,ssp126,2072,United States,260434004.00000003,13.705711557908689,382980487.96750283,83940.9288695846,118353.43393519452,49528.42380397469,5496.814838032029,2492.1754087594472,8501.45426730462,14613266406.624914,7306633203.312457,21919899609.93737,260434004.00000003
New_York,ssp126,2073,United States,260434004.00000003,13.93584674570218,394016242.46521497,86359.72437593248,121679.27775642285,51040.17099544211,5655.208022483381,2571.372000985124,8739.044043981648,15034354231.043974,7517177115.521987,22551531346.56596,260434004.00000003
New_York,ssp126,2074,United States,260434004.00000003,13.716179738250549,352253251.59375644,77206.19213013334,109093.17091844903,45319.213341817645,5055.7951669587055,2271.665573222786,7839.924760694637,13440816881.971796,6720408440.985898,20161225322.957695,260434004.00000003
New_York,ssp126,2075,United States,260434004.00000003,13.697841355306933,366105757.0597474,80242.35771172041,113267.89859313125,47216.816830309566,5254.61641237902,2371.0761959329434,8138.156628825107,13969382589.974504,6984691294.987252,20954073884.961758,260434004.00000003
New_York,ssp126,2076,United States,260434004.00000003,13.962584433590546,416495512.4450937,91286.68765919356,128453.85227090683,54119.52304748029,5977.8468739540895,2732.6914267204784,9223.002321187712,15892088687.923943,7946044343.961971,23838133031.885914,260434004.00000003
New_York,ssp126,2077,United States,260434004.00000003,13.782564966283312,378718894.77893525,83006.8810474328,117069.1181797358,48944.64391512982,5435.649349427393,2461.592664457131,8409.70603439767,14450658131.43131,7225329065.715655,21675987197.146965,260434004.00000003
New_York,ssp126,2078,United States,260434004.00000003,13.75326469349233,374827934.15329427,82154.06775962109,115896.49990899468,48411.63561024749,5379.803449249219,2433.6697143680426,8325.937184130404,14302191966.739893,7151095983.3699465,21453287950.10984,260434004.00000003
New_York,ssp126,2079,United States,260434004.00000003,13.781633326860483,380992750.0470785,83505.26028428612,117754.3896304091,49256.130938163136,5468.285375987913,2477.9106777373886,8458.660074238447,14537420913.994547,7268710456.997273,21806131370.99182,260434004.00000003
New_York,ssp126,2080,United States,260434004.00000003,13.748027393579465,375692764.0023171,82343.61950735212,116157.13356212486,48530.10545257938,5392.216116985139,2439.8760482360026,8344.556185734282,14335191008.146004,7167595504.073002,21502786512.219006,260434004.00000003
New_York,ssp126,2081,United States,260434004.00000003,13.61686932465258,346485118.47871464,75941.94377615159,107354.82943172412,44529.05812057905,4973.006720312835,2230.271349899851,7715.742090725831,13220724035.1369,6610362017.56845,19831086052.70535,260434004.00000003
New_York,ssp126,2082,United States,260434004.00000003,13.831934720424774,403830534.14782435,88510.80200499755,124637.00949638731,52384.59451360778,5796.069883180366,2641.802931333616,8950.336835027125,15408835081.782436,7704417540.891218,23113252622.673653,260434004.00000003
New_York,ssp126,2083,United States,260434004.00000003,13.618246051527365,343628119.2924305,75315.75217367835,106493.81597832342,44137.688369033276,4932.000987611524,2209.7684835491937,7654.233491673858,13111710412.91752,6555855206.45876,19667565619.37628,260434004.00000003
New_York,ssp126,2084,United States,260434004.00000003,13.474756402069326,328700745.3416588,72043.99897898866,101995.15533562508,42092.84262235222,4717.752447011151,2102.64421324901,7332.860680773307,12542131285.135788,6271065642.567894,18813196927.703682,260434004.00000003
New_York,ssp126,2085,United States,260434004.00000003,13.79984821883367,393443544.0101269,86234.20142687208,121506.68370146479,50961.71915227936,5646.988237234389,2567.262108360628,8726.714366108159,15012501955.646656,7506250977.823328,22518752933.469986,260434004.00000003
New_York,ssp126,2086,United States,260434004.00000003,13.749831132095494,352620215.3772753,77286.62254843884,109203.7627436191,45369.48235325859,5061.062098391612,2274.29903893924,7847.825157843998,13454819004.008362,6727409502.004181,20182228506.012543,260434004.00000003
New_York,ssp126,2087,United States,260434004.00000003,13.709911492082092,365598681.87631094,80131.21794548775,113115.08141456135,47147.354476414155,5247.338500109643,2367.4372397982543,8127.23976042104,13950034281.179266,6975017140.589633,20925051421.768898,260434004.00000003
New_York,ssp126,2088,United States,260434004.00000003,13.667564337285505,362731420.00408757,79502.77698719222,112250.975096905,46754.57887747945,5206.185469866759,2346.860724676812,8065.510215056711,13840629068.87008,6920314534.43504,20760943603.305122,260434004.00000003
New_York,ssp126,2089,United States,260434004.00000003,13.727761660650541,373429633.4009012,81847.59088238426,115475.09420279405,48220.08756197447,5359.734018650868,2423.634999068867,8295.833038232877,14248837443.328669,7124418721.664334,21373256164.993004,260434004.00000003
New_York,ssp126,2090,United States,260434004.00000003,13.758850832067683,342601261.82906246,75090.68752417303,106184.3520852536,43997.02296309245,4917.262781570951,2202.3993805289088,7632.126182613001,13072528934.630037,6536264467.315019,19608793401.945057,260434004.00000003
New_York,ssp126,2091,United States,260434004.00000003,13.553389901598937,311843601.08869,68349.28243039275,96914.92008130573,39783.64477947978,4475.806437833711,1981.6712086602884,6969.941667007144,11898918516.958271,5949459258.4791355,17848377775.43741,260434004.00000003
New_York,ssp126,2092,United States,260434004.00000003,13.77237409804771,376888313.5463742,82605.65776358382,116517.43616444344,48693.8793627242,5409.3755146041985,2448.455747045532,8370.295282162877,14380809217.26769,7190404608.633845,21571213825.901535,260434004.00000003
New_York,ssp126,2093,United States,260434004.00000003,13.737227840396622,366844681.8210672,80404.31382379051,113490.58824722764,47318.03940035338,5265.221998615978,2376.378989051423,8154.065008180545,13997577510.423128,6998788755.211564,20996366265.634693,260434004.00000003
New_York,ssp126,2094,United States,260434004.00000003,13.802793276612842,383101470.3726706,83967.44556112823,118389.89438606701,49544.99673618946,5498.5512656067,2493.043622546782,8504.058908666624,14617882694.328274,7308941347.164137,21926824041.49241,260434004.00000003
New_York,ssp126,2095,United States,260434004.00000003,13.729374552323028,371312864.2318171,81383.64147546171,114837.16376827554,47930.11918264788,5329.352606169356,2408.444292828112,8250.260919510612,14168068545.797306,7084034272.898653,21252102818.69596,260434004.00000003
New_York,ssp126,2096,United States,260434004.00000003,13.807064763741282,405092986.67494583,88787.5039287502,125017.47464154723,52557.53321595319,5814.189521129081,2650.862750307974,8977.516291950196,15457006087.053364,7728503043.526682,23185509130.580048,260434004.00000003
New_York,ssp126,2097,United States,260434004.00000003,13.834948735438841,398066945.1912708,87247.54963095841,122900.0374820835,51595.06177983332,5713.346657606036,2600.4413185464523,8826.251996665633,15188915624.978281,7594457812.4891405,22783373437.467422,260434004.00000003
New_York,ssp126,2098,United States,260434004.00000003,13.792546173211813,373591875.6965939,81883.15083760457,115523.98914122196,48242.31253398716,5362.062638218544,2424.799308852705,8299.325967584393,14255028071.738909,7127514035.869454,21382542107.608364,260434004.00000003
Oslo,ssp126,2024,Norway,4278376.5,5.053191638391327,13554368.623420749,2970.8205202026747,3367.9781326184643,2573.662907786885,48.683457664197,40.005717769971056,57.36119755842291,531201892.9042961,265600946.45214805,796802839.3564441,4278376.5
Oslo,ssp126,2025,Norway,4278376.5,5.379225108675351,15904203.74012563,3485.85287454895,4076.1476198445926,2895.558129253307,57.123400652338916,44.22568926404202,70.0211120406358,623293003.6513815,311646501.82569075,934939505.4770722,4278376.5
Oslo,ssp126,2026,Norway,4278376.5,5.027056572527,14386115.84452033,3153.121280991624,3618.64167870327,2687.6008832799785,51.6708583872187,41.49941813148191,61.842298642955484,563798446.1293887,281899223.06469434,845697669.194083,4278376.5
Oslo,ssp126,2027,Norway,4278376.5,5.063857415088085,14785825.204460848,3240.7288119374907,3739.1020337538366,2742.3555901211453,53.10650133328858,42.21723960451685,63.99576306206028,579463238.3827899,289731619.1913949,869194857.5741848,4278376.5
Oslo,ssp126,2028,Norway,4278376.5,5.0167877502866,14660675.166475782,3213.2986666256957,3701.385583950118,2725.211749301273,52.65699780087097,41.992487838308044,63.321507763433885,574558551.2725528,287279275.6362764,861837826.9088292,4278376.5
Oslo,ssp126,2029,Norway,4278376.5,5.082147785195649,14457795.958140576,3168.8319908261983,3640.2439047258094,2697.420076926587,51.928313077565974,41.62814547665555,62.22848067847637,566607622.4987597,283303811.2493799,849911433.7481396,4278376.5
Oslo,ssp126,2030,Norway,4278376.5,4.943754449687643,12846563.426142247,2815.6851344977977,3154.666977274258,2476.703291721337,46.14122162845416,38.73459975209964,53.54784350480867,503462684.1629862,251731342.0814931,755194026.2444793,4278376.5
Oslo,ssp126,2031,Norway,4278376.5,4.77279032308741,13395457.014164653,2935.9905784479142,3320.086962705668,2551.89419419016,48.11269211867394,39.720334997209534,56.50504924013832,524974074.4063234,262487037.2031617,787461111.609485,4278376.5
Oslo,ssp126,2032,Norway,4278376.5,4.935668047499173,14762885.694727467,3235.700974187709,3732.188756847886,2739.2131915275313,53.02410910374478,42.17604348974495,63.87217471774458,578564228.5261737,289282114.26308686,867846342.7892606,4278376.5
Oslo,ssp126,2033,Norway,4278376.5,5.239827729159739,16395945.63056887,3593.63191902966,4224.343806005569,2962.920032053751,58.889598412648965,45.10878814419704,72.67040868110087,642564592.7811294,321282296.3905647,963846889.171694,4278376.5
Oslo,ssp126,2034,Norway,4278376.5,4.8728678664802265,14097111.935182132,3089.77795839695,3531.544610135593,2648.011306658307,50.63283810195503,40.980407988850075,60.28526821505999,552472251.0138241,276236125.50691205,828708376.5207362,4278376.5
Oslo,ssp126,2035,Norway,4278376.5,5.1293006111813675,15276795.382520208,3348.338713977899,3887.0656490593974,2809.6117788964,54.869927321027475,43.0989525983863,66.64090204366863,598704583.7519846,299352291.8759923,898056875.6279769,4278376.5
Oslo,ssp126,2036,Norway,4278376.5,5.031195361916661,14303126.967309667,3134.9319380413417,3593.6313321466314,2676.232543936052,51.372785817220624,41.350381846482875,61.395189787958344,560546074.153307,280273037.0766535,840819111.2299604,4278376.5
Oslo,ssp126,2037,Norway,4278376.5,5.334127389879087,17530169.747108564,3842.228985668497,4566.16477263397,3118.2931987030242,62.96341057560376,47.14569422567444,78.78112692553307,687015353.5965276,343507676.7982638,1030523030.3947914,4278376.5
Oslo,ssp126,2038,Norway,4278376.5,5.320231815453916,16865984.37082026,3696.654108673801,4365.999316766263,3027.308900581339,60.5778445971314,45.95291123643826,75.20277795782454,660985625.5489991,330492812.77449954,991478438.3234986,4278376.5
Oslo,ssp126,2039,Norway,4278376.5,5.233960834347332,15568047.72164201,3412.1748431004853,3974.8403266029536,2849.5093595980165,55.916023330009594,43.62200060287736,68.21004605714182,610118895.857008,305059447.928504,915178343.785512,4278376.5
Oslo,ssp126,2040,Norway,4278376.5,5.3199407500148075,16106705.288647939,3530.2367755949354,4137.175483782823,2923.2980674070477,57.85072892843317,44.589353402089145,71.11210445477721,631229131.7647338,315614565.8823669,946843697.6471007,4278376.5
Oslo,ssp126,2041,Norway,4278376.5,5.246473758390244,15227325.239420284,3337.4959428875036,3872.156838810104,2802.835046964903,54.69224456175198,43.01011121874855,66.37437790475539,596765826.26449,298382913.132245,895148739.396735,4278376.5
Oslo,ssp126,2042,Norway,4278376.5,5.097725563618975,15054843.081787702,3299.6916343652947,3820.175914592067,2779.2073541385225,54.072737445468846,42.70035766060698,65.44511723033071,590006171.7817057,295003085.89085287,885009257.6725585,4278376.5
Oslo,ssp126,2043,Norway,4278376.5,5.3509631279796634,16437684.429946793,3602.780149030301,4236.92262225645,2968.6376758041515,59.03951237241529,45.183745124080204,72.89527962075034,644200355.3793803,322100177.6896902,966300533.0690706,4278376.5
Oslo,ssp126,2044,Norway,4278376.5,4.760107275347827,13200283.817755666,2893.2128915637522,3261.267643239946,2525.1581398875587,47.41168521023381,39.369831542989466,55.453538877478145,517325147.7571349,258662573.87856746,775987721.6357024,4278376.5
Oslo,ssp126,2045,Norway,4278376.5,5.1133761643418865,14561454.102714494,3191.551584157468,3671.4833455563053,2711.619822758631,52.30062380874921,41.814300842247164,62.78694677525124,570670032.4967769,285335016.24838847,856005048.7451653,4278376.5
Oslo,ssp126,2046,Norway,4278376.5,5.326091582246718,17196918.2242787,3769.1875560071576,4465.732806849628,3072.642305164687,61.7664653800023,46.54722162787371,76.98570913213086,673955074.3125093,336977537.15625465,1010932611.468764,4278376.5
Oslo,ssp126,2047,Norway,4278376.5,5.082350341357501,15932265.32503217,3492.0033589120276,4084.6045358438246,2899.4021819802306,57.224189926907336,44.27608390132623,70.17229595248843,624392749.971877,312196374.9859385,936589124.9578154,4278376.5
Oslo,ssp126,2048,Norway,4278376.5,5.14590454506003,15760684.707609951,3454.3966482441438,4032.895308675484,2875.897987812803,56.607920888020736,43.96794938188293,69.2478923941585,617668427.261422,308834213.630711,926502640.892133,4278376.5
Oslo,ssp126,2049,Norway,4278376.5,5.340328211926815,18176225.71397751,3983.830293475389,4760.866570868447,3206.794016082332,65.28386084411835,48.305919359931735,82.26180232830492,712334581.8141965,356167290.90709823,1068501872.7212946,4278376.5
Oslo,ssp126,2050,Norway,4278376.5,5.213367587222756,16232011.700518921,3557.7011946351504,4174.939059963119,2940.463329307183,58.30079411161197,44.81438599367854,71.78720222954537,636139947.2389328,318069973.6194664,954209920.8583993,4278376.5
Oslo,ssp126,2051,Norway,4278376.5,5.040588584643728,14356734.69630052,3146.6815772722134,3609.78708608908,2683.576068455347,51.56532961452375,41.446653745134434,61.684005483913026,562646985.5203645,281323492.76018226,843970478.2805468,4278376.5
Oslo,ssp126,2052,Norway,4278376.5,5.272277828924755,16723717.457386736,3665.4723194280964,4323.124356553419,3007.8202823027736,60.06686209034102,45.69741998304307,74.43630419763895,655410120.2773676,327705060.1386838,983115180.4160514,4278376.5
Oslo,ssp126,2053,Norway,4278376.5,5.2310428402027815,15657455.339452855,3431.771033305602,4001.7850881349896,2861.756978476215,56.237150200429014,43.78256403808707,68.69173636277097,613622821.2068843,306811410.60344213,920434231.8103263,4278376.5
Oslo,ssp126,2054,Norway,4278376.5,5.2425606487541305,15951317.659081277,3496.1792129501873,4090.346335146294,2902.0120907540804,57.29262052104662,44.31029919839587,70.27494184369735,625139419.6392223,312569709.81961113,937709129.4588335,4278376.5
Oslo,ssp126,2055,Norway,4278376.5,5.28548649128365,16546537.318419417,3626.6383163667665,4269.72760234409,2983.549030389442,59.43048115412785,45.37922951493648,73.48173279331918,648466349.7617989,324233174.8808994,972699524.6426983,4278376.5
Oslo,ssp126,2056,Norway,4278376.5,5.235959392076133,17041968.764341176,3735.2260305413984,4419.03570933421,3051.4163517485877,61.20993075396865,46.268954314856884,76.1509071930804,667882534.2547551,333941267.12737757,1001823801.3821328,4278376.5
Oslo,ssp126,2057,Norway,4278376.5,5.235352109243384,15328181.128408317,3359.6013432136488,3902.5517642585532,2816.650922168744,55.054490383608226,43.19123412967667,66.91774663753975,600718414.5870771,300359207.2935386,901077621.8806157,4278376.5
Oslo,ssp126,2058,Norway,4278376.5,5.226608808537604,17665714.538410705,3871.9374330771857,4607.013887820916,3136.8609783334546,63.45024912133709,47.38911349854111,79.51138474413305,692327415.8336858,346163707.9168429,1038491123.7505286,4278376.5
Oslo,ssp126,2059,Norway,4278376.5,5.533833601303711,18774427.912489444,4114.9431041081425,4941.146685488482,3288.739522727802,67.43243391417343,49.380205894959275,85.48466193338757,735778399.0082992,367889199.5041496,1103667598.5124488,4278376.5
Oslo,ssp126,2060,Norway,4278376.5,5.288530535759993,15970351.712806275,3500.351060341968,4096.082625309993,2904.619495373943,57.3609854574331,44.34448166658911,70.37748924827709,625885372.8923224,312942686.4461612,938828059.3384836,4278376.5
Oslo,ssp126,2061,Norway,4278376.5,5.607546414574409,19559921.57053072,4287.1060976514345,5177.87080161051,3396.3413936923607,70.25370492348232,50.79084139961372,89.7165684473509,766562253.9858556,383281126.9929278,1149843380.9787834,4278376.5
Oslo,ssp126,2062,Norway,4278376.5,5.20646180996303,15401318.440829532,3375.6314390867915,3924.593146084125,2826.669732089458,55.31717891981774,43.32257839778143,67.31177944185404,603584699.2425601,301792349.6212801,905377048.8638402,4278376.5
Oslo,ssp126,2063,Norway,4278376.5,5.5270733012057764,19427761.035252027,4258.139404987613,5138.041599197753,3378.237210777471,69.77902166800413,50.55349977187463,89.0045435641336,761382822.2869154,380691411.1434577,1142074233.4303732,4278376.5
Oslo,ssp126,2064,Norway,4278376.5,5.194284284367988,16137068.857235976,3536.8918043265603,4146.3261482888065,2927.4574603643136,57.959786277171304,44.64388207645821,71.27569047788435,632419093.87639,316209546.938195,948628640.814585,4278376.5
Oslo,ssp126,2065,Norway,4278376.5,5.542363489088324,18162158.248211607,3980.7470133075203,4756.627060637627,3204.8669659774137,65.23333448666978,48.28065618120745,82.18601279213209,711783271.4100881,355891635.70504403,1067674907.1151321,4278376.5
Oslo,ssp126,2066,Norway,4278376.5,5.409258575484336,17494819.74158175,3834.481039251661,4555.511346310821,3113.4507321925016,62.83644335600786,47.08221061587649,78.59067609613922,685629970.7453065,342814985.37265325,1028444956.1179597,4278376.5
Oslo,ssp126,2067,Norway,4278376.5,5.414913470345056,17922693.14784949,3928.261511858289,4684.459496144935,3172.063527571644,64.3732435890837,47.85061073241441,80.89587644575296,702398524.8290457,351199262.4145228,1053597787.2435684,4278376.5
Oslo,ssp126,2068,Norway,4278376.5,5.472704135602067,18544432.76851388,4064.533209538156,4871.833080454751,3257.2333386215605,66.60635642094691,48.967167148346014,84.2455456935478,726764784.3403704,363382392.1701852,1090147176.5105557,4278376.5
Oslo,ssp126,2069,Norway,4278376.5,5.612607864452299,18416658.365161363,4036.5278608581516,4833.325726019745,3239.729995696558,66.14742691054309,48.737702393144104,83.55715142794206,721757247.1535572,360878623.5767786,1082635870.7303357,4278376.5
Oslo,ssp126,2070,Norway,4278376.5,5.6142517716329605,18778930.138642322,4115.929893401924,4942.503520767432,3289.356266036416,67.44860463686793,49.38829125630652,85.50891801742932,735954843.3061593,367977421.6530796,1103932264.959239,4278376.5
Oslo,ssp126,2071,Norway,4278376.5,5.536474414836895,18690500.860502996,4096.5481338097425,4915.853601328183,3277.2426662913026,67.1309916857835,49.22948478076431,85.03249859080267,732489259.5345483,366244629.76727414,1098733889.3018224,4278376.5
Oslo,ssp126,2072,Norway,4278376.5,5.461176247070306,17713414.815305483,3882.392288287,4621.389313734411,3143.395262839588,63.62157502188582,47.47477644881547,79.76837359495617,694196811.4567895,347098405.72839475,1041295217.1851842,4278376.5
Oslo,ssp126,2073,Norway,4278376.5,5.356546985171922,16457588.131357342,3607.142604133983,4242.920998024012,2971.3642102439526,59.1110008372713,45.219489356508205,73.00251231803438,644980390.5222061,322490195.26110303,967470585.7833091,4278376.5
Oslo,ssp126,2074,Norway,4278376.5,5.481866721205726,18765692.007912274,4113.028385296708,4938.513947122759,3287.5428234706555,67.40105701625535,49.364517446000235,85.43759658651045,735436034.920635,367718017.4603175,1103154052.3809524,4278376.5
Oslo,ssp126,2075,Norway,4278376.5,5.6146986439694695,18082781.41662985,3963.3493515909713,4732.705275777372,3193.9934274045704,64.94823536274964,48.13810661924738,81.75836410625186,708672457.1508312,354336228.5754156,1063008685.7262468,4278376.5
Oslo,ssp126,2076,Norway,4278376.5,5.4267366560986785,17813301.514162753,3904.2852633790044,4651.492154485918,3157.0783722720917,63.9803397869691,47.65415883135711,80.30652074258109,698111416.7757894,349055708.3878947,1047167125.1636841,4278376.5
Oslo,ssp126,2077,Norway,4278376.5,5.437284724547341,18096598.135317333,3966.377673495076,4736.869218395516,3195.886128594636,64.997861107627,48.16291949168606,81.83280272356792,709213940.6624889,354606970.33124447,1063820910.9937334,4278376.5
Oslo,ssp126,2078,Norway,4278376.5,5.36722438066771,17489511.35205848,3833.3175566164236,4553.91155768737,3112.723555545478,62.817377122544606,47.07267749914486,78.56207674594434,685421932.537008,342710966.268504,1028132898.8055121,4278376.5
Oslo,ssp126,2079,Norway,4278376.5,5.478681750929612,17741140.96891457,3888.469253461594,4629.745140849478,3147.1933660737095,63.72115952212482,47.52456869893497,79.91775034531466,695283412.0716383,347641706.0358192,1042925118.1074575,4278376.5
Oslo,ssp126,2080,Norway,4278376.5,5.369342677565059,17957850.810222827,3935.9673008716236,4695.05495603827,3176.8796457049784,64.49951996648477,47.913748921114944,81.0852910118546,703776369.6642917,351888184.83214587,1055664554.4964375,4278376.5
Oslo,ssp126,2081,Norway,4278376.5,5.239886351340741,16668903.604586955,3653.458324293898,4306.605113243897,3000.3115353439,59.8699862375198,45.59898205663246,74.14099041840711,653261940.367733,326630970.1838665,979892910.5515995,4278376.5
Oslo,ssp126,2082,Norway,4278376.5,5.377849049889574,17773799.305585664,3895.6272450607385,4639.587379298302,3151.667110823175,63.83845902864428,47.5832184521947,80.09369960509386,696563307.1918589,348281653.59592944,1044844960.7877884,4278376.5
Oslo,ssp126,2083,Norway,4278376.5,5.23821199943783,16601024.751722354,3638.5807675016567,4286.148472654565,2991.013062348749,59.62618460045809,45.477081238101604,73.77528796281456,650601737.142366,325300868.571183,975902605.7135491,4278376.5
Oslo,ssp126,2084,Norway,4278376.5,5.390663877615074,17028618.194383346,3732.2998782218738,4415.012249894862,3049.5875065488844,61.16197928345811,46.244978579601614,76.0789799873146,667359319.3245742,333679659.6622871,1001038978.9868613,4278376.5
Oslo,ssp126,2085,Norway,4278376.5,5.420289872653849,17386404.119130604,3810.7187110431914,4522.838145024174,3098.599277062208,62.44704511014512,46.88751149294512,78.00657872734511,681381113.0178491,340690556.50892454,1022071669.5267737,4278376.5
Oslo,ssp126,2086,Norway,4278376.5,5.215796476831348,17862367.430106863,3915.039436736618,4666.279142852636,3163.7997306206,64.1565706766538,47.74227427619946,80.57086707710812,700034332.4165483,350017166.2082741,1050051498.6248224,4278376.5
Oslo,ssp126,2087,Norway,4278376.5,5.368673712769339,17845797.714002866,3911.4077181384814,4661.285529780198,3161.5299064967644,64.09705694385897,47.71251740980205,80.48159647791587,699384957.6796005,349692478.83980024,1049077436.5194007,4278376.5
Oslo,ssp126,2088,Norway,4278376.5,5.101285157609937,15259927.012279734,3344.6415369388906,3881.982030630761,2807.30104324702,54.80934090706151,43.068659391403315,66.55002242271968,598043504.6231151,299021752.31155753,897065256.9346726,4278376.5
Oslo,ssp126,2089,Norway,4278376.5,5.567374761011676,20011596.717202727,4386.103390072698,5313.9920786897455,3458.2147014556494,71.87599427475307,51.601986075249094,92.15000247425704,784263609.1397467,392131804.56987333,1176395413.70962,4278376.5
Oslo,ssp126,2090,Norway,4278376.5,5.390346535709862,18059290.63328073,3958.2006867473283,4725.625861617364,3190.775511877294,64.8638631143293,48.09592049503721,81.63180573362138,707751842.6295991,353875921.31479955,1061627763.9443986,4278376.5
Oslo,ssp126,2091,Norway,4278376.5,5.280020131394854,17182496.939772986,3766.026726526453,4461.38666631366,3070.666786739246,61.714668205733034,46.52132304073908,76.90801337072696,673389897.590496,336694948.795248,1010084846.3857439,4278376.5
Oslo,ssp126,2092,Norway,4278376.5,5.386730828246146,17909412.594430167,3925.3507056293965,4680.457137580207,3170.244273678586,64.32554359817232,47.82676073695872,80.82432645938592,701878053.8789662,350939026.9394831,1052817080.8184493,4278376.5
Oslo,ssp126,2093,Norway,4278376.5,5.269413738803544,16651184.347363703,3649.5746514778425,4301.26506312182,2997.8842398338647,59.806343678221324,45.56716077698322,74.04552657945942,652567514.5896423,326283757.29482114,978851271.8844634,4278376.5
Oslo,ssp126,2094,Norway,4278376.5,5.352425038979674,18717371.032995716,4102.437486684859,4923.951461531468,3280.9235118382503,67.22750174400329,49.277739809874205,85.17726367813233,733542313.8587556,366771156.9293778,1100313470.7881334,4278376.5
Oslo,ssp126,2095,Norway,4278376.5,5.259809554372117,16171323.95392299,3544.399770723714,4156.649602084894,2932.1499393625345,58.082820893956296,44.70539938485071,71.46024240306187,633761566.7504356,316880783.3752178,950642350.1256534,4278376.5
Oslo,ssp126,2096,Norway,4278376.5,5.475303643660926,18901029.004264094,4142.691288606695,4979.300439173992,3306.082138039398,67.88714922131076,49.60756354852794,86.1667348940936,740739953.5788472,370369976.7894236,1111109930.3682709,4278376.5
Oslo,ssp126,2097,Norway,4278376.5,5.306647034737692,17280313.42814297,3787.46595685412,4490.865608014202,3084.0663056940384,62.06599736039329,46.6969876180692,77.43500710271738,677223370.4156032,338611685.2078016,1015835055.6234047,4278376.5
Oslo,ssp126,2098,Norway,4278376.5,5.243078602319766,16877528.176469196,3699.1842578571286,4369.478271893338,3028.890243820919,60.61930668136468,45.9736422785549,75.26497108417443,661438032.5612619,330719016.28063095,992157048.8418928,4278376.5
Paris,ssp126,2024,France,51183133.0,12.562734860632517,303351396.15568584,66487.9772395934,70940.50663768835,62035.44784149844,1847.7840179656891,1682.7955392883196,2012.7724966430576,6076527667.826843,3038263833.9134216,9114791501.740265,51183133.0
Paris,ssp126,2025,France,51183133.0,12.75588992751299,314359708.0649237,68900.7579320291,74258.08008978744,63543.43577427075,1914.8382101284762,1716.3226353697132,2113.353784887239,6297038642.031261,3148519321.0156307,9445557963.046892,51183133.0
Paris,ssp126,2026,France,51183133.0,12.618568494161755,305317183.18046635,66918.83466968228,71532.93560406056,62304.73373530399,1859.7580846525284,1688.7825726317392,2030.7335966733167,6115904968.859619,3057952484.4298096,9173857453.289429,51183133.0
Paris,ssp126,2027,France,51183133.0,12.540846714543804,307367278.17732936,67368.17055940567,72150.77245243023,62585.568666381114,1872.2456908363856,1695.0263757236678,2049.4650059491023,6156971069.520384,3078485534.760192,9235456604.280575,51183133.0
Paris,ssp126,2028,France,51183133.0,12.55460266225991,307841226.4756565,67472.04963849108,72293.60618617266,62650.49309080949,1875.132620325055,1696.4698404680025,2053.7954001821067,6166464877.639951,3083232438.8199754,9249697316.459927,51183133.0
Paris,ssp126,2029,France,51183133.0,12.57873878637572,310430557.10927814,68039.57416092869,73073.95240452439,63005.19591733301,1890.9048363842821,1704.355948497616,2077.4537242709475,6218332577.725566,3109166288.862783,9327498866.588348,51183133.0
Paris,ssp126,2030,France,51183133.0,12.618164715270304,304041515.70088047,66639.23631799222,71148.48787048673,62129.984765497706,1851.9876968748904,1684.8973787429202,2019.0780150068597,6090351670.497105,3045175835.2485523,9135527505.745657,51183133.0
Paris,ssp126,2031,France,51183133.0,12.586292496517837,308242404.73372906,67559.97911971246,72414.50922285207,62705.44901657286,1877.5762905471674,1697.691675579059,2057.460905515275,6174501006.08967,3087250503.044835,9261751509.134506,51183133.0
Paris,ssp126,2032,France,51183133.0,12.410205318061102,285883862.9781738,62659.476817125,65676.31855679431,59642.63507745569,1741.3852044190025,1629.5961325149763,1853.1742763230272,5726629991.445702,2863314995.722851,8589944987.168552,51183133.0
Paris,ssp126,2033,France,51183133.0,12.67073069488218,323639198.1680667,70934.61877655357,77054.6387510086,64814.59880209855,1971.3617459511374,1744.5844032810437,2198.1390886212307,6482919040.37346,3241459520.18673,9724378560.56019,51183133.0
Paris,ssp126,2034,France,51183133.0,12.583753960785765,314655282.76058215,68965.54142696793,74347.15739532834,63583.925458607526,1916.638624452176,1717.222842531563,2116.054406372788,6302959392.154185,3151479696.0770926,9454439088.231277,51183133.0
Paris,ssp126,2035,France,51183133.0,12.677747065159776,322085197.25072944,70594.01583576734,76586.30970742751,64601.72196410715,1961.8959643679652,1739.8515124894577,2183.9404162464725,6451790356.972962,3225895178.486481,9677685535.459444,51183133.0
Paris,ssp126,2036,France,51183133.0,12.610643237581542,315439767.20083106,69137.48322209097,74583.57736362252,63691.38908055943,1921.417101918918,1719.6120812649342,2123.2221225729013,6318673647.85422,3159336823.92711,9478010471.78133,51183133.0
Paris,ssp126,2037,France,51183133.0,12.785999448518465,336318422.7842887,73713.62691161594,80875.77493671935,66551.47888651253,2048.593856641773,1783.2004586263615,2313.987254657184,6736900594.977986,3368450297.488993,10105350892.46698,51183133.0
Paris,ssp126,2038,France,51183133.0,12.87582493436331,339575399.70094275,74427.48486595108,81857.32962393016,66997.640107972,2068.4328617353535,1793.1199611731518,2343.7457622975544,6802142128.718505,3401071064.3592525,10203213193.077757,51183133.0
Paris,ssp126,2039,France,51183133.0,12.689585569886729,325320740.4498854,71303.17598900701,77561.40491813206,65044.947059881946,1981.6044116954022,1749.705736153176,2213.5030872376274,6516602545.14576,3258301272.57288,9774903817.71864,51183133.0
Paris,ssp126,2040,France,51183133.0,12.642848780595061,317319871.37561214,69549.56084944025,75150.18410122779,63948.93759765274,1932.8692544070798,1725.338157509015,2140.4003513051434,6356334608.645026,3178167304.322513,9534501912.967539,51183133.0
Paris,ssp126,2041,France,51183133.0,12.553569910040318,307684655.6176139,67437.73273809819,72246.42044813243,62629.045028063934,1874.1789107564275,1695.9929856836889,2052.3648358291653,6163328557.310036,3081664278.655018,9244992835.965054,51183133.0
Paris,ssp126,2042,France,51183133.0,12.631433938446426,307652743.18873185,67430.73823313773,72236.80300381182,62624.67346246365,1873.984524718288,1695.895792664619,2052.073256771956,6162689309.363571,3081344654.6817856,9244033964.045357,51183133.0
Paris,ssp126,2043,France,51183133.0,12.739072002268808,321192594.7270576,70398.3769264694,76317.30620714284,64479.44764579594,1956.4589144696015,1737.1329875402757,2175.7848413989263,6433910353.781281,3216955176.8906407,9650865530.671923,51183133.0
Paris,ssp126,2044,France,51183133.0,12.629063438533759,321964679.80645627,70567.6010534609,76549.98938175615,64585.21272516563,1961.161864541045,1739.4844625759974,2182.839266506092,6449376233.966238,3224688116.983119,9674064350.949356,51183133.0
Paris,ssp126,2045,France,51183133.0,12.83354931683161,337158997.6259723,73897.86249335481,81129.0988616103,66666.62612509933,2053.7139938095943,1785.7605272102721,2321.6674604089158,6753738415.232319,3376869207.6161594,10130607622.848478,51183133.0
Paris,ssp126,2046,France,51183133.0,12.882017796673994,347696034.40095866,76207.3500056806,84304.64419105825,68110.05582030295,2117.897539348796,1817.852299979873,2417.9427787177183,6964809128.311422,3482404564.155711,10447213692.467133,51183133.0
Paris,ssp126,2047,France,51183133.0,12.82230168232822,343794800.5421947,75352.28505033508,83128.92987745817,67575.64022321199,2094.134215144836,1805.970637877893,2382.297792411778,6886662280.194467,3443331140.0972333,10329993420.2917,51183133.0
Paris,ssp126,2048,France,51183133.0,12.812720900336958,338086666.99030274,74101.18728553683,81408.67045086056,66793.70412021308,2059.3646440030307,1788.5858523069905,2330.143435699071,6772320853.389475,3386160426.6947374,10158481280.084213,51183133.0
Paris,ssp126,2049,France,51183133.0,12.82271850254435,339080634.8822058,74319.04326184434,81708.2224182834,66929.86410540529,2065.4191339717772,1791.6130972913636,2339.22517065219,6792231338.30111,3396115669.150555,10188347007.451666,51183133.0
Paris,ssp126,2050,France,51183133.0,12.884406250942108,345204739.9601372,75661.31286796629,83553.84312670109,67768.78260923151,2102.722484576888,1810.2647725939191,2395.1801965598565,6914905222.180766,3457452611.090383,10372357833.271149,51183133.0
Paris,ssp126,2051,France,51183133.0,12.868712260069717,350840976.57039917,76896.65239898262,85252.43498184855,68540.86981611671,2137.054114699241,1827.4305876550957,2446.6776417433857,7027806458.630337,3513903229.3151684,10541709687.945505,51183133.0
Paris,ssp126,2052,France,51183133.0,12.839924512890311,341823811.5911299,74920.2874720195,82534.93320727424,67305.64173676475,2082.1284623132387,1799.9677614620946,2364.2891631643824,6847180777.732611,3423590388.8663054,10270771166.598915,51183133.0
Paris,ssp126,2053,France,51183133.0,13.034897289324055,365067499.44697773,80014.7943993286,89539.88023232427,70489.70856633295,2223.7111795280334,1870.7591200694917,2576.6632389865745,7312782433.595508,3656391216.797754,10969173650.393261,51183133.0
Paris,ssp126,2054,France,51183133.0,12.607913034357281,313499201.13951856,68712.15367440604,73998.74923555575,63425.558113256346,1909.596661995642,1713.701861303296,2105.491462687987,6279801555.909863,3139900777.9549317,9419702333.864796,51183133.0
Paris,ssp126,2055,France,51183133.0,12.660332350280845,322988956.1108576,70792.09996949405,76858.67539130176,64725.52454768635,1967.4009701104897,1742.60401536072,2192.1979248602593,6469893836.265324,3234946918.132662,9704840754.397985,51183133.0
Paris,ssp126,2056,France,51183133.0,12.712974555520159,322646900.8680047,70717.12895736191,76755.59024962006,64678.66766510376,1965.3174319464506,1741.5622462787005,2189.0726176142,6463042019.614859,3231521009.8074293,9694563029.422287,51183133.0
Paris,ssp126,2057,France,51183133.0,12.89322064166828,343270469.9260426,75237.36327145241,82970.91243149451,67503.81411141033,2090.94039522202,1804.373727916485,2377.507062527554,6876159247.946998,3438079623.973499,10314238871.920496,51183133.0
Paris,ssp126,2058,France,51183133.0,12.868607946423365,353841535.59425926,77554.30917133551,86156.71304383376,68951.90529883727,2155.3312186767234,1836.569139643837,2474.09329770961,7087911604.538674,3543955802.269337,10631867406.808012,51183133.0
Paris,ssp126,2059,France,51183133.0,12.952583588829775,351186560.9986733,76972.3969312071,85356.5837136572,68588.210148757,2139.159149953785,1828.4831052823674,2449.8351946252014,7034728969.509109,3517364484.7545543,10552093454.263662,51183133.0
Paris,ssp126,2060,France,51183133.0,12.774662492666899,327428551.0226307,71765.16186796487,78196.63550169913,65333.68823423061,1994.4435768964727,1756.1253187537113,2232.761835039233,6558824764.743697,3279412382.3718486,9838237147.115545,51183133.0
Paris,ssp126,2061,France,51183133.0,13.159264816039684,373247164.87684476,81807.59778121728,92004.98488242118,71610.21068001336,2273.5354270678713,1895.6712438394106,2651.3996102963315,7476631896.390304,3738315948.195152,11214947844.585455,51183133.0
Paris,ssp126,2062,France,51183133.0,12.745123640150032,330682954.32371247,72478.45574217457,79177.41457873747,65779.49690561168,2014.2669054980925,1766.0369830545214,2262.496827941663,6624014745.577488,3312007372.788744,9936022118.366232,51183133.0
Paris,ssp126,2063,France,51183133.0,12.926334301695064,353651838.8657964,77512.73180619297,86099.54416676276,68925.91944562318,2154.175731714882,1835.9913961629163,2472.360067266848,7084111729.431426,3542055864.715713,10626167594.147139,51183133.0
Paris,ssp126,2064,France,51183133.0,12.661565881884842,324844945.75461185,71198.89222017991,77418.01473599482,64979.76970436502,1978.7062353728236,1748.256647991887,2209.15582275376,6507071751.265543,3253535875.6327715,9760607626.898315,51183133.0
Paris,ssp126,2065,France,51183133.0,12.928261800202899,337786329.4316798,74035.35987542769,81318.1577619605,66752.56198889487,2057.5352179715333,1787.6711392912416,2327.399296651824,6766304696.853562,3383152348.426781,10149457045.280344,51183133.0
Paris,ssp126,2066,France,51183133.0,12.938342651013182,340733693.67274487,74681.35751730498,82206.40451954177,67156.31051506818,2075.4883001355897,1796.6476803732698,2354.3289198979087,6825344281.259519,3412672140.6297593,10238016421.889278,51183133.0
Paris,ssp126,2067,France,51183133.0,12.982169487310827,353493370.44081545,77477.9990007177,86051.78655923426,68904.21144220114,2153.2104636240056,1835.5087621174778,2470.9121651305327,7080937398.338586,3540468699.169293,10621406097.50788,51183133.0
Paris,ssp126,2068,France,51183133.0,12.744453038580355,332858058.3424594,72955.19086957116,79832.92537890779,66077.45636023454,2027.5159707543844,1772.6615156826674,2282.370425826101,6667584941.455326,3333792470.727663,10001377412.18299,51183133.0
Paris,ssp126,2069,France,51183133.0,13.009259137686056,355360898.2448538,77887.32016324665,86614.60315771158,69160.03716878172,2164.586010508379,1841.1965355596644,2487.975485457093,7118346437.873226,3559173218.936613,10677519656.80984,51183133.0
Paris,ssp126,2070,France,51183133.0,12.965712217011868,353388164.9878743,77454.94027130595,86020.08080629312,68889.79973631879,2152.56963270313,1835.18834665704,2469.950918749219,7078829994.668438,3539414997.334219,10618244992.002657,51183133.0
Paris,ssp126,2071,France,51183133.0,12.827749844399849,327623682.47703856,71807.93040591729,78255.44224138369,65360.41857045087,1995.6321680400329,1756.7196143254914,2234.5447217545734,6562733504.563586,3281366752.281793,9844100256.845379,51183133.0
Paris,ssp126,2072,France,51183133.0,12.828974646798653,343836363.0743109,75361.39464641533,83141.4555720685,67581.33372076215,2094.3873822097103,1806.0972214103303,2382.67754300909,6887494832.408002,3443747416.204001,10331242248.612003,51183133.0
Paris,ssp126,2073,France,51183133.0,12.897365160316866,346709588.20617473,75991.14262052247,84007.35903646583,67974.92620457911,2111.8888657893385,1814.8479632001442,2408.929768378532,6945049312.891448,3472524656.445724,10417573969.337172,51183133.0
Paris,ssp126,2074,France,51183133.0,12.81635641620069,341343161.14364636,74814.93942873544,82390.07964775866,67239.79920971222,2079.2007084728307,1798.5038845418903,2359.89753240377,6837552716.745581,3418776358.3727903,10256329075.11837,51183133.0
Paris,ssp126,2075,France,51183133.0,12.870130702168034,333853586.8495071,73173.38889851313,80132.94766870298,66213.83012832327,2033.5799667935134,1775.6935137022317,2291.466419884794,6687526687.542039,3343763343.7710195,10031290031.313059,51183133.0
Paris,ssp126,2076,France,51183133.0,13.00168580206925,348962589.7327411,76484.95117429044,84686.34579789679,68283.5565506841,2125.6124229115403,1821.7097417612451,2429.515104061835,6990179898.362076,3495089949.181038,10485269847.543114,51183133.0
Paris,ssp126,2077,France,51183133.0,13.029157626424693,366012392.9611839,80221.89434764777,89824.64266126312,70619.14603403243,2229.4667460306305,1873.6369033207902,2585.2965887404703,7331709894.141225,3665854947.0706124,10997564841.211838,51183133.0
Paris,ssp126,2078,France,51183133.0,12.83801998910619,334819811.76587206,73385.1642226479,80424.1387393883,66346.18970590751,2039.4654678356878,1778.636264223319,2300.294671448056,6706881444.144586,3353440722.072293,10060322166.216879,51183133.0
Paris,ssp126,2079,France,51183133.0,13.017796187839645,359469294.75772285,78787.79063182068,87852.75005200086,69722.8312116405,2189.6112106958544,1853.7091356534022,2525.5132857383055,7200643026.572764,3600321513.286382,10800964539.859146,51183133.0
Paris,ssp126,2080,France,51183133.0,13.057592386382126,356709950.45330083,78183.00283907066,87021.16683696958,69344.83884117173,2172.8034017640657,1845.3052311875078,2500.3015723406224,7145369728.927291,3572684864.4636455,10718054593.390936,51183133.0
Paris,ssp126,2081,France,51183133.0,12.787255220255334,337680308.2163987,74012.12234879074,81286.2061628347,66738.03853474678,2056.8894180522175,1787.348239331584,2326.4305967728505,6764180952.390223,3382090476.1951113,10146271428.585335,51183133.0
Paris,ssp126,2082,France,51183133.0,12.969494763778329,356393053.2931487,78113.54592725649,86925.6635832251,69301.42827128788,2170.8731073421886,1844.3400839765693,2497.4061307078073,7139021861.78073,3569510930.890365,10708532792.671095,51183133.0
Paris,ssp126,2083,France,51183133.0,12.74401479081463,324596084.7738845,71144.34734769173,77343.01553632355,64945.679159059895,1977.1903651684643,1747.4987128897071,2206.8820174472207,6502086738.326766,3251043369.163383,9753130107.490149,51183133.0
Paris,ssp126,2084,France,51183133.0,12.859653680735601,344699291.1189113,75550.52956030035,83401.51607866041,67699.54304194028,2099.6436779435494,1808.7253692772497,2390.5619866098486,6904780416.733013,3452390208.3665066,10357170625.09952,51183133.0
Paris,ssp126,2085,France,51183133.0,13.049250639902292,355894994.49445057,78004.3823549391,86775.56367128868,69233.2010385895,2167.839315179355,1842.8231878951524,2492.8554424635568,7129045088.609919,3564522544.3049593,10693567632.914879,51183133.0
Paris,ssp126,2086,France,51183133.0,13.055346115263186,360806492.0431794,79080.87496835912,88255.7410147412,69906.00892197702,2197.7563908540687,1857.7817257325096,2537.731055975628,7227428847.91855,3613714423.959275,10841143271.877825,51183133.0
Paris,ssp126,2087,France,51183133.0,12.786276474006133,325593551.3337681,71362.97015533746,77643.62189683644,65082.31841383848,1983.2661663388747,1750.5366134749124,2215.995719202836,6522067306.16221,3261033653.081105,9783100959.243317,51183133.0
Paris,ssp126,2088,France,51183133.0,12.839263672099369,334018977.1070572,73209.63881797616,80182.79130796465,66236.48632798767,2034.5873973789705,1776.1972289949604,2292.9775657629793,6690839672.050199,3345419836.0250993,10036259508.075298,51183133.0
Paris,ssp126,2089,France,51183133.0,12.781479768721518,331553241.1815066,72669.20354662261,79439.69280985351,65898.7142833917,2019.568025477288,1768.6875430441191,2270.448507910456,6641447736.614783,3320723868.3073916,9962171604.922174,51183133.0
Paris,ssp126,2090,France,51183133.0,12.92739385674268,355401856.3393941,77896.29727985822,86626.94669305248,69165.64786666396,2164.8354958031787,1841.3212782070643,2488.349713399293,7119166882.406693,3559583441.2033467,10678750323.61004,51183133.0
Paris,ssp126,2091,France,51183133.0,12.745005772385083,321716533.5599713,70513.21283505323,76475.20558144561,64551.22008866083,1959.6503479494486,1738.7287042801993,2180.571991618697,6444405538.094906,3222202769.047453,9666608307.142359,51183133.0
Paris,ssp126,2092,France,51183133.0,12.791975849684151,331362560.43700445,72627.41050673173,79382.22738000355,65872.5936334599,2018.4065446445309,1768.1068026277405,2268.7062866613205,6637628150.371327,3318814075.1856637,9956442225.556992,51183133.0
Paris,ssp126,2093,France,51183133.0,13.048506339707695,363993340.46952903,79779.36229468232,89216.16108843562,70342.56350092901,2217.168226977172,1867.487643794061,2566.8488101602816,7291265615.710936,3645632807.855468,10936898423.566402,51183133.0
Paris,ssp126,2094,France,51183133.0,13.000360801195818,361629896.0905166,79261.34708832344,88503.89017969216,70018.80399695471,2202.7719367136874,1860.2894986623187,2545.254374765055,7243922714.565791,3621961357.2828956,10865884071.848686,51183133.0
Paris,ssp126,2095,France,51183133.0,12.764206420284626,327047318.6024683,71681.60407724435,78081.74353945842,65281.464615030294,1992.121401419341,1754.9642310151455,2229.2785718235355,6551188177.675541,3275594088.8377705,9826782266.513311,51183133.0
Paris,ssp126,2096,France,51183133.0,12.914501333004674,352345236.68670964,77226.35324639313,85705.773647038,68746.93284574828,2146.216913476522,1832.011987043736,2460.421839909308,7057938768.328621,3528969384.1643105,10586908152.492931,51183133.0
Paris,ssp126,2097,France,51183133.0,12.834424405974739,337481954.6269697,73968.64758946383,81226.4283687602,66710.86681016747,2055.6812001336657,1786.7441303723078,2324.618269895023,6760207668.9656105,3380103834.4828053,10140311503.448416,51183133.0
Paris,ssp126,2098,France,51183133.0,12.760583446530482,338601166.76974905,74213.95436048396,81563.72517891288,66864.18354205505,2062.4985820094344,1790.1528213101922,2334.844342708676,6782626961.04059,3391313480.520295,10173940441.560886,51183133.0
Prague,ssp126,2024,Czech Republic,8550369.0,10.360619046715925,36358171.332995914,7968.914264766869,8066.084288666955,7871.744240866782,242.71159468603173,238.76554621604183,246.65764315602178,499717234.80555224,249858617.40277612,749575852.2083284,8550369.0
Prague,ssp126,2025,Czech Republic,8550369.0,10.811253962666026,40259696.41737122,8824.043050383374,9241.88636888965,8406.199731877097,268.75650674344763,251.7880022447498,285.7250112421456,553340925.3050525,276670462.65252626,830011387.9575788,8550369.0
Prague,ssp126,2026,Czech Republic,8550369.0,10.500640325323756,37425184.30181126,8202.780120945576,8387.649840912678,8017.910400978474,249.83451670650308,242.3270072262775,257.3420261867288,514382570.01712084,257191285.00856042,771573855.0256813,8550369.0
Prague,ssp126,2027,Czech Republic,8550369.0,10.353199887562981,37622012.19647308,8245.920481419396,8446.967836564181,8044.873126274611,251.14845551147013,242.983976628761,259.31293439417936,517087829.5955564,258543914.7977782,775631744.3933346,8550369.0
Prague,ssp126,2028,Czech Republic,8550369.0,10.6087280826678,39532626.73582124,8664.68531196146,9022.76947855952,8306.601145363402,263.9029006519685,249.36119919901023,278.4446021049269,543347869.0688784,271673934.5344392,815021803.6033176,8550369.0
Prague,ssp126,2029,Czech Republic,8550369.0,10.418333691068439,36185573.542256236,7931.084612002009,8014.068516115272,7848.100707888744,241.5594056871396,238.18945171659576,244.92935965768356,497345000.7915798,248672500.3957899,746017501.1873697,8550369.0
Prague,ssp126,2030,Czech Republic,8550369.0,10.50826584864881,37166413.40500205,8146.063212055886,8309.664091189354,7982.462332922418,248.10707292371018,241.46328533488105,254.75086051253942,510825947.88072956,255412973.94036478,766238921.8210943,8550369.0
Prague,ssp126,2031,Czech Republic,8550369.0,10.32941728607581,36639551.32765084,8030.586592362469,8150.8837391109055,7910.289445614032,244.58996713193832,239.70473243899514,249.47520182488162,503584602.9295079,251792301.46475396,755376904.3942618,8550369.0
Prague,ssp126,2032,Czech Republic,8550369.0,10.251459605531409,35386854.14445512,7756.022826182586,7773.358560613567,7738.687091751605,236.22749674784,235.52349724694596,236.93149624873422,486367170.10809666,243183585.05404833,729550755.162145,8550369.0
Prague,ssp126,2033,Czech Republic,8550369.0,10.605622278701178,40472679.64273068,8870.724305256681,9306.073094340449,8435.375516172915,270.17829162352103,252.4988946847865,287.8576885622557,556268228.4265932,278134114.2132966,834402342.6398897,8550369.0
Prague,ssp126,2034,Czech Republic,8550369.0,10.437356179238051,39216926.20043202,8595.490674067933,8927.626851455918,8263.354496679947,261.79541896138034,248.30745835371616,275.2833795690446,539008789.4950895,269504394.74754477,808513184.2426343,8550369.0
Prague,ssp126,2035,Czech Republic,8550369.0,10.659965902978264,41555922.80794333,9108.147464755342,9632.529938651107,8583.764990859578,277.40955949047554,256.11452861826376,298.70459036268755,571156636.1571212,285578318.0785606,856734954.2356818,8550369.0
Prague,ssp126,2036,Czech Republic,8550369.0,10.675534381649054,40810250.71886912,8944.71248632812,9407.806843313676,8481.618129342563,272.4317716860645,253.62563471605822,291.2379086560709,560907903.045353,280453951.5226765,841361854.5680296,8550369.0
Prague,ssp126,2037,Czech Republic,8550369.0,10.645670072454402,42506724.36286411,9316.542326107843,9919.072873010795,8714.011779204891,283.7567038369616,259.2881007915068,308.22530688241653,584224728.0455216,292112364.0227608,876337092.0682824,8550369.0
Prague,ssp126,2038,Czech Republic,8550369.0,10.750990194665913,39298503.329619184,8613.370592793886,8952.211739704106,8274.529445883669,262.339992970166,248.57974535810897,276.10024058222325,540130009.1804092,270065004.5902046,810195013.7706138,8550369.0
Prague,ssp126,2039,Czech Republic,8550369.0,10.62271364559085,39044328.2052121,8557.660976485486,8875.611017280053,8239.710935690917,260.64322859746557,247.73136317175874,273.5550940231725,536636552.6706814,268318276.3353407,804954829.0060221,8550369.0
Prague,ssp126,2040,Czech Republic,8550369.0,10.621127383717516,39869493.82486789,8738.519194492234,9124.29106703933,8352.747321945135,266.15168119791304,250.48558947198248,281.8177729238437,547977867.8851997,273988933.94259983,821966801.8277996,8550369.0
Prague,ssp126,2041,Czech Republic,8550369.0,10.43186417516636,38134805.6785295,8358.31357337697,8601.508338005846,8115.118808748095,254.57164538080147,244.6955715634267,264.44771919817646,524135811.69929266,262067905.84964633,786203717.548939,8550369.0
Prague,ssp126,2042,Czech Republic,8550369.0,10.674506541106181,40568847.914382204,8891.80228260496,9335.05531319433,8448.54925201559,270.820269856061,252.81988380105648,288.8206559110657,557589992.9990076,278794996.4995038,836384989.4985113,8550369.0
Prague,ssp126,2043,Czech Republic,8550369.0,10.745770602641986,40809091.940405816,8944.458507486848,9407.457622406928,8481.459392566769,272.42403617686796,253.62176696145997,291.22630539227606,560891976.4586134,280445988.2293067,841337964.6879201,8550369.0
Prague,ssp126,2044,Czech Republic,8550369.0,10.45676981046561,40080183.82318394,8784.697824260134,9187.786682970196,8381.608965550073,267.5581574754831,251.18882761076753,283.92748734019887,550873652.2302204,275436826.1151102,826310478.3453307,8550369.0
Prague,ssp126,2045,Czech Republic,8550369.0,10.73085299142714,41890920.71189576,9181.571662881903,9733.488211075128,8629.655114688678,279.6458621565282,257.2326799512901,302.0590443617665,575760944.3522594,287880472.1761297,863641416.5283891,8550369.0
Prague,ssp126,2046,Czech Republic,8550369.0,10.946255772900065,45725800.572640814,10022.093276195888,10889.205429381858,9154.981123009919,305.24587921751106,270.0326884817815,340.45906995324066,628468643.6001513,314234321.80007565,942702965.400227,8550369.0
Prague,ssp126,2047,Czech Republic,8550369.0,10.642472898922643,41595199.69243795,9116.756096973342,9644.366807950855,8589.145385995827,277.67175516535366,256.2456264557028,299.09788387500464,571696469.0307733,285848234.51538664,857544703.54616,8550369.0
Prague,ssp126,2048,Czech Republic,8550369.0,10.74148104878288,40474323.86649802,8871.0846830687,9306.568613831974,8435.600752305427,270.18926775785235,252.50438275195216,287.87415276375265,556290827.114159,278145413.5570795,834436240.6712384,8550369.0
Prague,ssp126,2049,Czech Republic,8550369.0,10.946292664845005,45650469.25725113,10005.582302959792,10866.502841182228,9144.66176473736,304.74299958914435,269.78124866759816,339.7047505106907,627433268.1882247,313716634.09411234,941149902.282337,8550369.0
Prague,ssp126,2050,Czech Republic,8550369.0,10.714957250225709,42323241.54165802,9276.326913240755,9863.77668031855,8688.87714616296,282.53185103222194,258.67567438913693,306.38802767530706,581702887.0209095,290851443.5104548,872554330.5313643,8550369.0
Prague,ssp126,2051,Czech Republic,8550369.0,10.8819447062154,46212338.53220858,10128.731733087452,11035.833307607758,9221.630158567146,308.4937984530644,271.6566480995582,345.3309488065708,635155762.2001584,317577881.1000792,952733643.3002375,8550369.0
Prague,ssp126,2052,Czech Republic,8550369.0,10.77093463951042,42249271.853777535,9260.114378910786,9841.484445614842,8678.74431220673,282.03806104648606,258.428779396269,305.6473426967032,580686226.2117473,290343113.10587364,871029339.317621,8550369.0
Prague,ssp126,2053,Czech Republic,8550369.0,10.934425524014646,44027493.28573358,9649.861542079234,10377.386794971459,8922.33628918701,293.90870645112096,264.36410209858644,323.4533108036556,605126616.4808406,302563308.2404203,907689924.7212608,8550369.0
Prague,ssp126,2054,Czech Republic,8550369.0,10.59188234033357,39182113.50612913,8587.860494494696,8917.13535454272,8258.585634446674,261.56302431006014,248.19126102805603,274.9347875920644,538530313.7440997,269265156.87204987,807795470.6161497,8550369.0
Prague,ssp126,2055,Czech Republic,8550369.0,10.688057110370963,41572371.93546055,9111.752752978296,9637.48720995767,8586.018295998925,277.519366827438,256.169432286745,298.86930136813123,571382717.7287874,285691358.8643937,857074076.5931811,8550369.0
Prague,ssp126,2056,Czech Republic,8550369.0,10.643485460772144,39765532.735876046,8715.733202384432,9092.960327891105,8338.506076877758,265.4576814512423,250.13858959864714,280.7767733038376,546548996.5747433,273274498.28737164,819823494.8621149,8550369.0
Prague,ssp126,2057,Czech Republic,8550369.0,10.955264639923918,43642322.35367432,9565.440515874467,10261.307883939902,8869.57314780903,291.3374701177366,263.07848393189425,319.596456303579,599832715.659117,299916357.8295585,899749073.4886755,8550369.0
Prague,ssp126,2058,Czech Republic,8550369.0,10.805052064961798,45197885.20764739,9906.385798937055,10730.107648150963,9082.663949723148,301.7217421281262,268.27061993708907,335.17286431916347,621212821.9585814,310606410.9792907,931819232.9378722,8550369.0
Prague,ssp126,2059,Czech Republic,8550369.0,10.959875988001313,45432404.18634159,9957.787218924826,10800.784600634146,9114.789837215505,303.2872904826265,269.0533941143392,337.52118685091386,624436118.7099262,312218059.3549631,936654178.0648894,8550369.0
Prague,ssp126,2060,Czech Republic,8550369.0,10.875978172783997,42679339.50700372,9354.37578235762,9971.09387535424,8737.657689361002,284.90900867972647,259.8642532128892,309.9537641465638,586597200.5696476,293298600.2848238,879895800.8544713,8550369.0
Prague,ssp126,2061,Czech Republic,8550369.0,11.221202673720382,47686991.440538056,10451.94332943364,11480.249252583766,9423.637406283513,318.33795028652713,276.5787240162896,360.0971765567649,655423818.778118,327711909.389059,983135728.167177,8550369.0
Prague,ssp126,2062,Czech Republic,8550369.0,10.73521525891185,41842411.812421344,9170.939575325867,9718.869090685577,8623.010059966156,279.32203749989,257.07076762297095,301.5733073768091,575094223.9914689,287547111.99573445,862641335.9872034,8550369.0
Prague,ssp126,2063,Czech Republic,8550369.0,11.020192196481734,46615411.58232296,10217.076511194715,11157.307377505243,9276.845644884186,311.18454166652873,273.00201970629035,349.3670636267673,640695714.9162343,320347857.4581171,961043572.3743514,8550369.0
Prague,ssp126,2064,Czech Republic,8550369.0,10.63452306580522,41476993.47275697,9090.847884440524,9608.743015718232,8572.952753162817,276.88266102148674,255.85107938376933,297.9142426592042,570071808.5192534,285035904.2596267,855107712.7788801,8550369.0
Prague,ssp126,2065,Czech Republic,8550369.0,10.756804037148907,40474621.02046859,8871.149812706086,9306.658167083378,8435.641458328791,270.191251430612,252.505374588332,287.87712827289215,556294911.2843754,278147455.6421877,834442366.9265631,8550369.0
Prague,ssp126,2066,Czech Republic,8550369.0,10.935491064686488,42084481.68388974,9223.99598551072,9791.821654689753,8656.170316331689,280.9379923836335,257.8787450648428,303.9972397024245,578421302.3995663,289210651.19978315,867631953.5993495,8550369.0
Prague,ssp126,2067,Czech Republic,8550369.0,10.872827205974826,43131638.53454867,9453.509815792131,10107.40317132669,8799.61646025757,287.92836345543697,261.3739306007444,314.4827963101295,592813729.3735831,296406864.68679154,889220594.0603746,8550369.0
Prague,ssp126,2068,Czech Republic,8550369.0,10.809442878899922,42107183.568331085,9228.971741004714,9798.663318493993,8659.280163515436,281.0895404503576,257.9545190982048,304.22456180251055,578733323.6729686,289366661.8364843,868099985.5094529,8550369.0
Prague,ssp126,2069,Czech Republic,8550369.0,11.174071855972809,45256495.62296161,9919.231917362089,10747.771060985386,9090.692773738796,302.11300018221914,268.46624896413556,335.7597514003028,622018380.4781058,311009190.2390529,933027570.7171587,8550369.0
Prague,ssp126,2070,Czech Republic,8550369.0,11.03767370210881,45742662.4210705,10025.789023796917,10894.28708233327,9157.290965260561,305.35844170268774,270.08896972436986,340.6279136810058,628700397.7275474,314350198.8637737,943050596.5913211,8550369.0
Prague,ssp126,2071,Czech Republic,8550369.0,10.936547956244183,42353543.76947879,9282.96849742065,9872.908858565905,8693.028136275396,282.7341357392706,258.77681674266125,306.69145473588,582119369.614502,291059684.807251,873179054.4217529,8550369.0
Prague,ssp126,2072,Czech Republic,8550369.0,10.702715013687916,41344075.58603665,9061.71519694018,9568.68557040526,8554.744823475103,275.9953580833736,255.40742791471277,296.58328825203455,568244946.5959809,284122473.29799044,852367419.8939713,8550369.0
Prague,ssp126,2073,Czech Republic,8550369.0,10.839148080106085,42432703.75309235,9300.318630815402,9896.765291983687,8703.871969647114,283.26257391846826,259.0410358322601,307.48411200467655,583207367.3511405,291603683.67557025,874811051.0267107,8550369.0
Prague,ssp126,2074,Czech Republic,8550369.0,10.778698737184158,43045123.22363095,9434.54755586496,10081.330063926831,8787.765047803088,287.35082425839437,261.0851610022231,313.6164875145656,591624637.8886406,295812318.9443203,887436956.832961,8550369.0
Prague,ssp126,2075,Czech Republic,8550369.0,11.046433263717354,44772310.80837169,9813.109218273888,10601.852349739107,9024.366086808668,298.88078953566117,266.8501436408565,330.911435430466,615363604.1840595,307681802.09202975,923045406.2760892,8550369.0
Prague,ssp126,2076,Czech Republic,8550369.0,11.027196046420537,43581866.117940225,9552.189834069732,10243.088196458391,8861.29147168107,290.9338901563203,262.8766939511861,318.9910863614545,599001787.6492592,299500893.8246296,898502681.4738889,8550369.0
Prague,ssp126,2077,Czech Republic,8550369.0,11.082265445313764,45710330.80697974,10018.702642626336,10884.543308223725,9152.86197702895,305.1426096812455,269.98105371364875,340.3041656488424,628256022.6614236,314128011.3307118,942384033.9921353,8550369.0
Prague,ssp126,2078,Czech Republic,8550369.0,10.858495927597774,43222116.537519716,9473.340610963867,10134.670514687827,8812.010707239906,288.5323558890493,261.67592681755065,315.38878496054815,594057285.2455579,297028642.62277895,891085927.8683369,8550369.0
Prague,ssp126,2079,Czech Republic,8550369.0,10.968157796215698,43281275.6307738,9486.306987567501,10152.499282517825,8820.114692617177,288.9272766822975,261.8733872141747,315.9811661504204,594870384.953565,297435192.4767825,892305577.4303474,8550369.0
Prague,ssp126,2080,Czech Republic,8550369.0,11.063107070439294,44759086.20075103,9810.210674137852,10597.866851552059,9022.554496723646,298.79250771380293,266.80600272992746,330.7790126976786,615181841.3475554,307590920.6737777,922772762.0213331,8550369.0
Prague,ssp126,2081,Czech Republic,8550369.0,10.770235418236203,44842571.21071709,9828.508758513975,10623.026717569228,9033.990799458723,299.34981791831416,267.08465783218304,331.61497800444545,616329283.4987533,308164641.74937665,924493925.24813,8550369.0
Prague,ssp126,2082,Czech Republic,8550369.0,10.939079227595913,44675653.074997045,9791.92396164383,10572.722621872777,9011.125301414882,298.23554386609123,266.5275208060716,329.943566926111,614035112.3079923,307017556.15399617,921052668.4619884,8550369.0
Prague,ssp126,2083,Czech Republic,8550369.0,10.707916618152545,40080122.877650104,8784.68446633491,9187.768315823012,8381.600616846808,267.55775062917695,251.18862418761444,283.9268770707396,550872814.5771558,275436407.2885779,826309221.8657337,8550369.0
Prague,ssp126,2084,Czech Republic,8550369.0,10.904869139591549,43679665.991339564,9573.625422759998,10272.562130907509,8874.688714612488,291.58676026398996,263.20312900502097,319.97039152295906,600345977.4285481,300172988.71427405,900518966.1428221,8550369.0
Prague,ssp126,2085,Czech Republic,8550369.0,11.038815076279173,42965271.58800588,9417.045827508779,10057.265187437082,8776.826467580475,286.8177689063155,260.8186333261837,312.81690448644736,590527133.8864785,295263566.9432393,885790700.8297179,8550369.0
Prague,ssp126,2086,Czech Republic,8550369.0,10.891429504013255,44046515.25249575,9654.030740273682,10383.119442488824,8924.94203805854,294.03568896200204,264.427593354027,323.64378456997724,605388059.9000899,302694029.95004493,908082089.8501348,8550369.0
Prague,ssp126,2087,Czech Republic,8550369.0,10.82807053591476,41609792.47344389,9119.954514728068,9648.764632363605,8591.144397092532,277.76917032731046,256.2943340366812,299.2440066179399,571897036.4384578,285948518.2192289,857845554.6576867,8550369.0
Prague,ssp126,2088,Czech Republic,8550369.0,10.885699910422792,41858210.644138336,9174.402332962469,9723.630382435906,8625.174283489032,279.4275037403422,257.1235007431971,301.73150673748745,575311367.7093548,287655683.8546774,862967051.5640321,8550369.0
Prague,ssp126,2089,Czech Republic,8550369.0,10.782844031826533,42428853.181878954,9299.474670001508,9895.604845864584,8703.344494138431,283.23686915265114,259.02818344935156,307.44555485595083,583154443.9853982,291577221.9926991,874731665.9780972,8550369.0
Prague,ssp126,2090,Czech Republic,8550369.0,10.988793325056724,44419485.32797764,9735.777606132728,10495.521383045012,8976.033829220443,296.52547759744516,265.67248767174857,327.3784675231419,610514268.6160897,305257134.30804485,915771402.9241345,8550369.0
Prague,ssp126,2091,Czech Republic,8550369.0,10.809389374641098,41690774.20342491,9137.70393499788,9673.170085234598,8602.237784761164,278.3097697057586,256.56463372590525,300.0549056856121,573010072.7846823,286505036.39234114,859515109.1770234,8550369.0
Prague,ssp126,2092,Czech Republic,8550369.0,10.83728641561846,41473768.569618806,9090.14105635545,9607.771127101252,8572.510985609644,276.86113294802556,255.84031534703877,297.8819505490124,570027484.5167079,285013742.25835395,855041226.7750618,8550369.0
Prague,ssp126,2093,Czech Republic,8550369.0,10.993567021846614,46223627.13182671,10131.205946702386,11039.23535132829,9223.17654207648,308.56915631388745,271.6943270299697,345.4439855978053,635310915.9820782,317655457.9910391,952966373.9731174,8550369.0
Prague,ssp126,2094,Czech Republic,8550369.0,11.03700112707824,47505711.17116997,10412.210667654332,11425.616842637217,9398.804492671446,317.12780077541805,275.973649260735,358.28195229010123,652932250.2637464,326466125.1318732,979398375.3956196,8550369.0
Prague,ssp126,2095,Czech Republic,8550369.0,10.912962485764874,42419562.000879616,9297.438246768777,9892.80476391958,8702.071729617974,283.17484520386085,258.9971714749564,307.35251893276546,583026743.3033551,291513371.65167755,874540114.9550326,8550369.0
Prague,ssp126,2096,Czech Republic,8550369.0,10.99545162585652,46793775.94307785,10256.170069716334,11211.06102047247,9301.279118960198,312.37522581941096,273.59736178273147,351.1530898560907,643147206.3382849,321573603.1691424,964720809.5074272,8550369.0
Prague,ssp126,2097,Czech Republic,8550369.0,10.765661650979503,42225979.15262115,9255.009129342263,9834.464727458122,8675.553531226404,281.88256894017434,258.35103334311316,305.41410453723563,580366084.5823344,290183042.2911672,870549126.8735015,8550369.0
Prague,ssp126,2098,Czech Republic,8550369.0,10.690055349759612,41463064.99831281,9087.795068123996,9604.545393283006,8571.044742964987,276.7896804858893,255.8045891159706,297.774771855808,569880371.533313,284940185.7666565,854820557.2999696,8550369.0
Rome,ssp126,2024,Italy,49376353.5,17.06584587133154,213804279.6688485,46861.21198220391,59673.779442884275,34048.64452152354,993.008880970292,631.0039238267373,1355.0138381138486,3672635926.751916,1836317963.375958,5508953890.127874,49376353.5
Rome,ssp126,2025,Italy,49376353.5,17.28786729099309,242197183.65924475,53084.314226674316,68230.54502903108,37938.08342431755,1124.8790468185648,696.9390067508737,1552.8190868862575,4160356749.8405704,2080178374.9202852,6240535124.760856,49376353.5
Rome,ssp126,2026,Italy,49376353.5,17.08288821945226,214764908.942989,47071.7608642073,59963.28415563894,34180.23757277567,997.4705007377685,633.2347337104754,1361.7062677650624,3689137194.125811,1844568597.0629056,5533705791.188717,49376353.5
Rome,ssp126,2027,Italy,49376353.5,16.968325722809784,200879021.5025131,44028.27868547286,55778.49615987908,32278.061211066644,932.9778274858393,600.988397084511,1264.9672578871696,3450611523.9768167,1725305761.9884083,5175917285.965225,49376353.5
Rome,ssp126,2028,Italy,49376353.5,17.20811861551615,235170264.67222413,51544.167599382126,66112.84341650433,36975.49178225994,1092.2426890675497,680.6208278753662,1503.8645502597346,4039651424.5492153,2019825712.2746077,6059477136.823823,49376353.5
Rome,ssp126,2029,Italy,49376353.5,17.084034070966464,215527221.79165113,47238.84313240722,60193.02227441383,34284.663990400615,1001.0110445939143,635.0050056385485,1367.0170835492818,3702231869.1237016,1851115934.5618508,5553347803.685553,49376353.5
Rome,ssp126,2030,Italy,49376353.5,17.264378628544883,237760943.53810787,52111.9876247813,66893.5959514282,37330.379298134416,1104.2750353122049,686.6370009976939,1521.9130696267184,4084152967.2323656,2042076483.6161828,6126229450.848549,49376353.5
Rome,ssp126,2031,Italy,49376353.5,17.050807488974353,211118937.09852993,46272.64374761353,58864.4981203225,33680.78937490456,980.5368714066658,624.7679190449242,1336.305823768409,3626508292.568608,1813254146.284304,5439762438.852912,49376353.5
Rome,ssp126,2032,Italy,49376353.5,17.10781013354851,219855301.3899863,48187.4633183437,61497.37503007649,34877.55160661091,1021.1127071300901,645.0558369066364,1397.1695773535457,3776577717.8191094,1888288858.9095547,5664866576.728664,49376353.5
Rome,ssp126,2033,Italy,49376353.5,17.10247726356974,221754413.4619525,48603.707060144516,62069.710175052605,35137.703945236426,1029.9330878836527,649.4660272834177,1410.40014848389,3809199830.132463,1904599915.0662315,5713799745.198694,49376353.5
Rome,ssp126,2034,Italy,49376353.5,17.200735637766705,230592038.34500465,50540.72073314224,64733.10397542448,36348.33749086,1070.9792260112326,669.9890963472076,1471.9693556752586,3961008665.3107486,1980504332.6553743,5941512997.966123,49376353.5
Rome,ssp126,2035,Italy,49376353.5,17.27251391117454,239819141.9749538,52563.099610939316,67513.87493239545,37612.32428948318,1113.834288895683,691.4166277894327,1536.2519500019348,4119507795.186485,2059753897.5932424,6179261692.779727,49376353.5
Rome,ssp126,2036,Italy,49376353.5,17.177404698318167,229043521.46837935,50201.3197738819,64266.42765644151,36136.211891322295,1063.7871762861143,666.3930714846485,1461.1812810875822,3934408923.1396127,1967204461.5698063,5901613384.709419,49376353.5
Rome,ssp126,2037,Italy,49376353.5,17.10683888796457,217570335.48131225,47686.648872606915,60808.75516718841,34564.54257802543,1010.5002374286319,639.7496020559072,1381.2508728013581,3737327577.9220076,1868663788.9610038,5605991366.883011,49376353.5
Rome,ssp126,2038,Italy,49376353.5,17.301800025397235,244205387.58773932,53524.46851237176,68835.75717186506,38213.17985287846,1134.2061020996061,701.6025343913943,1566.8096698078198,4194852794.1080585,2097426397.0540292,6292279191.162087,49376353.5
Rome,ssp126,2039,Italy,49376353.5,17.193131876166486,228858174.90799972,50160.69587023705,64210.56978892984,36110.82195154426,1062.9263386041025,665.9626526436427,1459.8900245645646,3931225121.404659,1965612560.7023294,5896837682.106988,49376353.5
Rome,ssp126,2040,Italy,49376353.5,17.234572851892466,236074116.88719952,51742.27219444523,66385.23723471609,37099.30715417437,1096.4406091369956,682.7197879100892,1510.1614303639035,4055177400.5602436,2027588700.2801218,6082766100.840365,49376353.5
Rome,ssp126,2041,Italy,49376353.5,17.214071590352333,231284219.01818383,50692.43156561987,64941.706370081214,36443.15676115852,1074.194042649924,671.5965046665534,1476.7915806332967,3972898640.6286383,1986449320.3143191,5959347960.942957,49376353.5
Rome,ssp126,2042,Italy,49376353.5,17.329152259960864,246596761.99432662,54048.60536861007,69556.44534919274,38540.7653880274,1145.3127835334128,707.1558751082976,1583.4696919585294,4235930772.4046226,2117965386.2023113,6353896158.606934,49376353.5
Rome,ssp126,2043,Italy,49376353.5,17.28942652017807,242440021.26147354,53137.53890661487,68303.72896394934,37971.3488492804,1126.0069002741652,697.5029334786739,1554.5108670696582,4164528107.4190683,2082264053.7095342,6246792161.128603,49376353.5
Rome,ssp126,2044,Italy,49376353.5,17.23163054935738,237831770.93204343,52127.511437150744,66914.94119343616,37340.08168086532,1104.603991455192,686.8014790691875,1522.406503841199,4085369609.0693254,2042684804.5346627,6128054413.603989,49376353.5
Rome,ssp126,2045,Italy,49376353.5,17.327141485663148,243384449.57751897,53344.53689369332,68588.35119618222,38100.72259120443,1130.3932750779136,699.6961208805482,1561.0904292752807,4180751081.8568263,2090375540.9284132,6271126622.785239,49376353.5
Rome,ssp126,2046,Italy,49376353.5,17.45574620577687,262514848.11823612,57537.50095741216,74353.67678379561,40721.3251310287,1219.2439551337907,744.1214609084867,1694.366449359096,4509364658.173237,2254682329.0866184,6764046987.259855,49376353.5
Rome,ssp126,2047,Italy,49376353.5,17.4539222348735,263487977.3120045,57750.78954782714,74646.94859561621,40854.63050003807,1223.7636304800471,746.3812985816148,1701.1459623784813,4526080643.6714735,2263040321.8357368,6789120965.50721,49376353.5
Rome,ssp126,2048,Italy,49376353.5,17.41752450730351,260586925.9692463,57114.942678181505,73772.65914985347,40457.22620650954,1210.2897666641702,739.6443666736764,1680.9351666546654,4476247659.021821,2238123829.5109105,6714371488.532732,49376353.5
Rome,ssp126,2049,Italy,49376353.5,17.42724003641312,257381754.16497394,56412.43926902592,72806.71696226453,40018.16157578731,1195.4034226133972,732.2011946482899,1658.6056505785054,4421190626.777109,2210595313.3885546,6631785940.165664,49376353.5
Rome,ssp126,2050,Italy,49376353.5,17.418112136632335,256016368.5234628,56113.17666266731,72395.23087852146,39831.12244681318,1189.0619215448967,729.0304441140397,1649.0933989757555,4397736632.457384,2198868316.228692,6596604948.686076,49376353.5
Rome,ssp126,2051,Italy,49376353.5,17.43075287839545,256102895.9242911,56132.141572437904,72421.30762945602,39842.97551541979,1189.4637959956933,729.231381339438,1649.69621065195,4399222962.110948,2199611481.055474,6598834443.166422,49376353.5
Rome,ssp126,2052,Italy,49376353.5,17.439025055712435,260518374.31825456,57099.91765878606,73751.99974818472,40447.83556938739,1209.9713801550438,739.4851734191134,1680.4575868909765,4475070108.896724,2237535054.448362,6712605163.345085,49376353.5
Rome,ssp126,2053,Italy,49376353.5,17.601476682180767,278365490.6082611,61011.61437988339,79130.58273969355,42892.646020073225,1292.8618863840877,780.9304265336352,1804.7933462345413,4781640026.847531,2390820013.4237657,7172460040.271297,49376353.5
Rome,ssp126,2054,Italy,49376353.5,17.295672040647695,241021885.74515608,52826.714683860366,67876.3456576619,37777.08371005883,1119.4204036694023,694.2096851762924,1544.6311221625137,4140167998.939022,2070083999.469511,6210251998.408533,49376353.5
Rome,ssp126,2055,Italy,49376353.5,17.259630194953708,236087707.02589345,51745.250854980884,66389.3328929526,37101.16881700915,1096.5037282122435,682.751347447713,1510.256108976775,4055410845.9884367,2027705422.9942183,6083116268.982655,49376353.5
Rome,ssp126,2056,Italy,49376353.5,17.31745987681618,244730407.01046845,53639.54126255897,68993.98220337246,38285.100321745456,1136.644542294814,702.8217544889983,1570.4673301006314,4203871346.9506145,2101935673.4753072,6305807020.425921,49376353.5
Rome,ssp126,2057,Italy,49376353.5,17.526300595973044,269402906.8700621,59047.21246466168,76429.5301062637,41664.89482305966,1251.2353798321296,760.1171732576561,1742.3535864066048,4627684703.388051,2313842351.6940255,6941527055.082077,49376353.5
Rome,ssp126,2058,Italy,49376353.5,17.360101803304108,246344854.37868083,53993.39274052332,69480.52798557346,38506.257495473175,1144.1428046166773,706.57088564993,1581.7147235834263,4231603614.1228685,2115801807.0614343,6347405421.184303,49376353.5
Rome,ssp126,2059,Italy,49376353.5,17.49470139835297,268583641.03345853,58867.647349789666,76182.6280733147,41552.66662626465,1247.4303191809445,758.2146429320635,1736.6459954298266,4613611715.000113,2306805857.5000563,6920417572.500169,49376353.5
Rome,ssp126,2060,Italy,49376353.5,17.439359498655868,265931118.7276864,58286.27259783961,75383.23778938336,41189.30740629586,1235.1107425537448,752.0548546184637,1718.1666304890273,4568047852.893235,2284023926.4466176,6852071779.339853,49376353.5
Rome,ssp126,2061,Italy,49376353.5,17.7072205099372,295772259.37888455,64826.79657618441,84376.45825960746,45277.13489276136,1373.7072090548882,821.3530878690353,1926.0613302407423,5080645848.689282,2540322924.344641,7620968773.033924,49376353.5
Rome,ssp126,2062,Italy,49376353.5,17.504280651550474,268214394.64076445,58786.71663358274,76071.34833853017,41502.08492863532,1245.7153631109381,757.3571648970604,1734.073561324817,4607268962.788919,2303634481.3944597,6910903444.183379,49376353.5
Rome,ssp126,2063,Italy,49376353.5,17.621577059621657,283177805.14781564,62066.36825156657,80580.86931325792,43551.86718987521,1315.2125665631834,792.1057666231828,1838.3193665031845,4864303850.491176,2432151925.245588,7296455775.736763,49376353.5
Rome,ssp126,2064,Italy,49376353.5,17.412283452988433,260251072.81134355,57041.33102713433,73671.4431296636,40411.218924605055,1208.7299046772355,738.864435680209,1678.5953736742636,4470478521.118046,2235239260.559023,6705717781.677069,49376353.5
Rome,ssp126,2065,Italy,49376353.5,17.36817642080173,252846386.91604686,55418.38617337067,71439.89395573857,39396.87839100277,1174.3390175246768,721.6689921039299,1627.0090429454258,4343284081.94449,2171642040.972245,6514926122.916736,49376353.5
Rome,ssp126,2066,Italy,49376353.5,17.48221254844853,264939736.8519646,58068.983419599215,75084.46516930283,41053.50166989562,1230.5062930612016,749.7526298721921,1711.2599562502128,4551018330.848371,2275509165.4241853,6826527496.272556,49376353.5
Rome,ssp126,2067,Italy,49376353.5,17.660593969710863,289772454.836231,63511.77092300008,82568.29798647901,44455.24385952116,1345.841259859816,807.4201132714994,1884.2624064481347,4977583843.798771,2488791921.8993855,7466375765.698156,49376353.5
Rome,ssp126,2068,Italy,49376353.5,17.48458098984907,270600118.72000647,59309.61506190977,76790.33367747982,41828.896446339706,1256.795801734063,762.8973842086227,1750.6942192595047,4648249882.246258,2324124941.123129,6972374823.369387,49376353.5
Rome,ssp126,2069,Italy,49376353.5,17.599027289507163,281028817.5466779,61595.35727049528,79933.22921428492,43257.48532670565,1305.2316448700803,787.1153057766317,1823.3479839635315,4827389486.184209,2413694743.0921044,7241084229.276314,49376353.5
Rome,ssp126,2070,Italy,49376353.5,17.521873834401195,269944528.2624516,59165.92400271965,76592.75847109342,41739.08953434588,1253.7509274797226,761.3749470814528,1746.1269078779942,4636988437.567125,2318494218.7835627,6955482656.350688,49376353.5
Rome,ssp126,2071,Italy,49376353.5,17.47299272749243,262538191.3461039,57542.617281328385,74360.71172918042,40724.52283347634,1219.3523721992442,744.1756694412135,1694.5290749572769,4509765637.879753,2254882818.9398766,6764648456.81963,49376353.5
Rome,ssp126,2072,Italy,49376353.5,17.285469265592994,243099982.92799106,53282.18803900228,68502.62152098202,38061.75455702253,1129.0720765043461,699.0355215937643,1559.1086314149293,4175864638.8041553,2087932319.4020777,6263796958.206233,49376353.5
Rome,ssp126,2073,Italy,49376353.5,17.478167968578724,267004533.45817947,58521.541579865494,75706.73263966895,41336.350520062035,1240.0961916850476,754.5475791841152,1725.6448041859821,4586486499.2553215,2293243249.6276608,6879729748.882982,49376353.5
Rome,ssp126,2074,Italy,49376353.5,17.357588142212673,251008396.04302707,55015.538858736196,70885.97889811617,39145.09881935622,1165.8025127228186,717.4007397030007,1614.2042857426377,4311711882.717463,2155855941.3587313,6467567824.076194,49376353.5
Rome,ssp126,2075,Italy,49376353.5,17.54395738106538,271756791.32151735,59563.1323444327,77138.91994094886,41987.34474791654,1262.1679400628857,765.5834533730341,1758.7524267527388,4668118695.716123,2334059347.8580613,7002178043.574184,49376353.5
Rome,ssp126,2076,Italy,49376353.5,17.569051340930542,278398888.25401986,61018.9344118305,79140.64778362084,42897.22104004017,1293.0170009537928,781.0079838184877,1805.0260180890991,4782213716.924607,2391106858.4623036,7173320575.386911,49376353.5
Rome,ssp126,2077,Italy,49376353.5,17.58409646920533,279963002.32528937,61361.75393430053,79612.02462701712,43111.483241583934,1300.2814914776818,784.6402290804323,1815.9227538749328,4809081380.84874,2404540690.42437,7213622071.273109,49376353.5
Rome,ssp126,2078,Italy,49376353.5,17.437302838403987,257688130.09578636,56479.59015797111,72899.04943456418,40060.13088137805,1196.8263783216903,732.9126725024364,1660.7400841409453,4426453417.832259,2213226708.9161296,6639680126.748388,49376353.5
Rome,ssp126,2079,Italy,49376353.5,17.491625010181874,267373232.7717596,58602.35238832141,75817.84750129584,41386.857275346985,1241.8086068591492,755.4037867711659,1728.213426947134,4592819853.981994,2296409926.990997,6889229780.97299,49376353.5
Rome,ssp126,2080,Italy,49376353.5,17.644202698967085,288544675.6890856,63242.66864417368,82198.28235309271,44287.05493525465,1340.1388688745933,804.568917778888,1875.7088199703003,4956493593.346778,2478246796.673389,7434740390.020166,49376353.5
Rome,ssp126,2081,Italy,49376353.5,17.475296046765912,263284121.98228458,57706.10892761455,74585.5127428239,40826.7051124052,1222.8168292599853,745.9078979715839,1699.7257605483878,4522578906.433337,2261289453.2166686,6783868359.650005,49376353.5
Rome,ssp126,2082,Italy,49376353.5,17.516310330970484,269180780.28585184,58998.52718593066,76362.58784800855,41634.46652385277,1250.2037182060758,759.6013424446293,1740.8060939675242,4623869110.572411,2311934555.2862053,6935803665.858616,49376353.5
Rome,ssp126,2083,Italy,49376353.5,17.363481482255867,250986813.74557045,55010.80849217036,70879.47464408814,39142.14234025258,1165.7022742566878,717.3506204699353,1614.0539280434423,4311341151.499435,2155670575.7497177,6467011727.249153,49376353.5
Rome,ssp126,2084,Italy,49376353.5,17.546057953276367,276869438.80819285,60683.71261548485,78679.71781364558,42687.70741732414,1285.9135094565518,777.4562380698671,1794.3707808432378,4755941506.697589,2377970753.3487945,7133912260.046383,49376353.5
Rome,ssp126,2085,Italy,49376353.5,17.627016842870685,286548584.08708626,62805.169114968354,81596.72050043539,44013.61772950132,1330.868069005266,799.9335178442244,1861.8026201663092,4922205609.299188,2461102804.649594,7383308413.948782,49376353.5
Rome,ssp126,2086,Italy,49376353.5,17.62658385347396,283884862.440078,62221.33971288434,80793.95507256986,43648.72435319882,1318.4964773046277,793.7477219939051,1843.2452326153516,4876449369.831841,2438224684.9159207,7314674054.747763,49376353.5
Rome,ssp126,2087,Italy,49376353.5,17.48658111404833,269247058.0156679,59013.05381164378,76382.5619583641,41643.54566492347,1250.5115435425,759.7552551128414,1741.2678319721604,4625007600.2791815,2312503800.1395907,6937511400.418772,49376353.5
Rome,ssp126,2088,Italy,49376353.5,17.404192612297418,258128358.13554853,56576.07849545323,73031.72089860209,40120.43609230437,1198.8710069596812,733.934986821432,1663.807027097932,4434015461.57291,2217007730.786455,6651023192.359365,49376353.5
Rome,ssp126,2089,Italy,49376353.5,17.37832632608209,255468705.2871584,55993.14088484718,72230.18168401875,39756.100085675585,1186.518312697246,727.7586396902144,1645.2779857042797,4388329114.139564,2194164557.069782,6582493671.209345,49376353.5
Rome,ssp126,2090,Italy,49376353.5,17.656275786864192,287032092.49744076,62911.14356107345,81742.43536382989,44079.851758317,1333.1137122929003,801.0563394880415,1865.171085097761,4930511104.219614,2465255552.109807,7395766656.329421,49376353.5
Rome,ssp126,2091,Italy,49376353.5,17.43217344191297,260665664.02616307,57132.20033449203,73796.38842728044,40468.01224170362,1210.6554636928252,739.827215188004,1681.4837121976484,4477600186.749906,2238800093.374953,6716400280.124859,49376353.5
Rome,ssp126,2092,Italy,49376353.5,17.43763279126159,263341881.72844654,57718.768598006216,74602.91978961244,40834.61740639999,1223.085093024351,746.0420298537667,1700.1281561949359,4523571077.961443,2261785538.9807215,6785356616.942164,49376353.5
Rome,ssp126,2093,Italy,49376353.5,17.68215504358201,292206055.74942726,64045.16290397459,83301.71196031896,44788.61384763023,1357.1440612971132,813.0715139901481,1901.2166086040806,5019387170.462885,2509693585.2314425,7529080755.694327,49376353.5
Rome,ssp126,2094,Italy,49376353.5,17.70761504940273,291789520.01729167,63953.86740104078,83176.18064378496,44731.55415829659,1355.2094710171964,812.1042188501895,1898.3147231842045,5012232102.76739,2506116051.383695,7518348154.151085,49376353.5
Rome,ssp126,2095,Italy,49376353.5,17.612986787360487,282425312.34758085,61901.438322747985,80354.09066113239,43448.785984363596,1311.7176316879,790.3582991855413,1833.0769641902602,4851377859.968228,2425688929.984114,7277066789.952343,49376353.5
Rome,ssp126,2096,Italy,49376353.5,17.58410723083936,283686161.01911014,62177.78871650783,80734.07245255215,43621.50498046349,1317.5736132909224,793.2862899870527,1841.860936594794,4873036164.1725645,2436518082.0862823,7309554246.258846,49376353.5
Rome,ssp126,2097,Italy,49376353.5,17.37687474040353,254260364.25444305,55728.29901466299,71866.0241125155,39590.57391681047,1180.9062015711938,724.9525841271882,1636.8598190152006,4367572763.072161,2183786381.5360804,6551359144.608241,49376353.5
Rome,ssp126,2098,Italy,49376353.5,17.39030205763128,253387395.24950972,55536.963342348834,71602.93756308354,39470.989121614126,1176.8517178346976,722.9253422589402,1630.7780934104558,4352577285.266827,2176288642.6334133,6528865927.90024,49376353.5
Sao_Paulo,ssp126,2024,Brazil,153980283.0,21.21070758391712,144249796.89404532,31616.393839794815,87939.65401377095,-24706.866334181315,3817.9185132993616,-5250.6939640229275,12886.530990621668,711777814.2765763,355888907.13828814,1067666721.4148644,153980283.0
Sao_Paulo,ssp126,2025,Brazil,153980283.0,21.162236810489883,104319814.19546899,22864.616809969877,75905.96059776167,-30176.726977821898,2761.0752908954337,-5779.115575224893,11301.26615701578,514749628.3016118,257374814.1508059,772124442.4524176,153980283.0
Sao_Paulo,ssp126,2026,Brazil,153980283.0,21.201941536059824,154705442.5897921,33908.042211465356,91090.67052481795,-23274.58610188723,4094.652374488861,-5112.3270334281815,13301.631782405919,763369544.7358886,381684772.3679443,1145054317.103833,153980283.0
Sao_Paulo,ssp126,2027,Brazil,153980283.0,21.142296976973334,107815460.43634233,23630.785849065396,76959.44302651801,-29697.8713283872,2853.5959930824783,-5732.855224131371,11440.047210296347,531998341.9524201,265999170.97621006,797997512.9286301,153980283.0
Sao_Paulo,ssp126,2028,Brazil,153980283.0,21.23753539392603,168428362.3596203,36915.80544868798,95226.34497599903,-21394.734078623085,4457.862518099892,-4930.721961622666,13846.446997822466,831083122.4987369,415541561.2493684,1246624683.7481053,153980283.0
Sao_Paulo,ssp126,2029,Brazil,153980283.0,21.192947204397267,137088196.21290037,30046.727937078125,85781.36339753549,-25687.907523379246,3628.369491989589,-5345.468474677814,12602.207458657009,676440028.09383,338220014.046915,1014660042.1407449,153980283.0
Sao_Paulo,ssp126,2030,Brazil,153980283.0,21.172210961645106,112692677.63904199,24699.764961985864,78429.28930678364,-29029.759382811906,2982.6833003266283,-5668.311570509294,11633.678171162574,556064199.0630484,278032099.5315242,834096298.5945725,153980283.0
Sao_Paulo,ssp126,2031,Brazil,153980283.0,21.25584311232959,157494625.83250663,34519.37004548497,91931.24629659491,-22892.50620562498,4168.474830871003,-5075.4158052371085,13412.365466979136,777132328.4268366,388566164.2134183,1165698492.640255,153980283.0
Sao_Paulo,ssp126,2032,Brazil,153980283.0,21.184330897963502,130745242.92220494,28656.49159939144,83869.78843321631,-26556.80523443342,3460.4879467883393,-5429.4092472784405,12350.385140855135,645141728.0163239,322570864.00816196,967712592.0244858,153980283.0
Sao_Paulo,ssp126,2033,Brazil,153980283.0,21.321894016064235,190581544.05491313,41771.297327108325,101902.64630882701,-18360.051654610368,5044.199860294327,-4637.553290525449,14725.953011114121,940394494.75618,470197247.37809,1410591742.1342702,153980283.0
Sao_Paulo,ssp126,2034,Brazil,153980283.0,21.219436999579404,128042858.9952409,28064.188272933556,83055.37135933674,-26926.994813469595,3388.9628434817596,-5465.171798931732,12243.097485895272,631807241.8244071,315903620.91220355,947710862.7366107,153980283.0
Sao_Paulo,ssp126,2035,Brazil,153980283.0,21.301013739450898,195624834.4287468,42876.67603918144,103422.54203792757,-17669.189959564676,5177.6826942448415,-4570.811873550191,14926.177262039888,965279813.6706021,482639906.83530104,1447919720.5059032,153980283.0
Sao_Paulo,ssp126,2036,Brazil,153980283.0,21.304148843892317,182550865.0792558,40011.14851052587,99482.44168602617,-19460.144664974396,4831.648587462742,-4743.828926941237,14407.126101866746,900768379.14613,450384189.573065,1351152568.719195,153980283.0
Sao_Paulo,ssp126,2037,Brazil,153980283.0,21.289677773571313,174696066.6523151,38289.54885530599,97115.24216009883,-20536.144449486826,4623.752417220791,-4847.777012062213,14095.281846503818,862010118.2938329,431005059.14691645,1293015177.4407494,153980283.0
Sao_Paulo,ssp126,2038,Brazil,153980283.0,21.259419081095498,178154083.51420555,39047.47035928198,98157.38422806581,-20062.443509501834,4715.277167207168,-4802.014637069023,14232.56897148339,879073155.7239344,439536577.8619672,1318609733.5859017,153980283.0
Sao_Paulo,ssp126,2039,Brazil,153980283.0,21.35325246290116,214721597.51532862,47062.26794856926,109177.7309133358,-15053.195016197285,5683.124552065313,-4318.090944639954,15684.340048770599,1059509771.578324,529754885.789162,1589264657.367486,153980283.0
Sao_Paulo,ssp126,2040,Brazil,153980283.0,21.30053064601198,179702728.74169633,39386.899450238874,98624.09922813153,-19850.30032765377,4756.265795350012,-4781.520322997602,14294.051913697647,886714700.7302184,443357350.3651092,1330072051.0953276,153980283.0
Sao_Paulo,ssp126,2041,Brazil,153980283.0,21.37951129597232,195141216.87536237,42770.67767131636,103276.79428211309,-17735.438939480337,5164.882590187989,-4577.211925578614,14906.977105954618,962893479.3220931,481446739.66104656,1444340218.9831398,153980283.0
Sao_Paulo,ssp126,2042,Brazil,153980283.0,21.33206588369465,174321642.63901207,38207.48331814369,97002.40204650068,-20587.435410213257,4613.842383355971,-4852.7320289946265,14080.416795706587,860162582.2033856,430081291.1016928,1290243873.3050785,153980283.0
Sao_Paulo,ssp126,2043,Brazil,153980283.0,21.37545912195989,237172157.05274543,51982.938532112654,115943.652965708,-11977.775901482666,6277.332715524913,-4020.986862910154,16575.652293959996,1170288507.7769217,585144253.8884609,1755432761.6653826,153980283.0
Sao_Paulo,ssp126,2044,Brazil,153980283.0,21.412408596409197,219839560.46185502,48184.01325191749,110720.13070543963,-14352.104201604649,5818.583775611215,-4250.361332867003,15887.528884089457,1084763550.4956164,542381775.2478082,1627145325.7434247,153980283.0
Sao_Paulo,ssp126,2045,Brazil,153980283.0,21.466524917402378,270503955.8834864,59288.53827583667,125988.85261332852,-7411.776061655146,7159.539100404111,-3579.8836704705545,17898.961871278796,1334758998.7480454,667379499.3740227,2002138498.1220682,153980283.0
Sao_Paulo,ssp126,2046,Brazil,153980283.0,21.51157082682687,270842381.14230335,59362.71367502945,126090.84378721859,-7365.4164371596635,7168.496340475343,-3575.405050434937,17912.39773138564,1336428904.6765351,668214452.3382676,2004643357.0148027,153980283.0
Sao_Paulo,ssp126,2047,Brazil,153980283.0,21.40474055508397,228075361.56878635,49989.12034384766,113202.15295684361,-13223.912269148299,6036.564099986305,-4141.371170679454,16214.49937065209,1125401808.8289254,562700904.4144627,1688102713.2433882,153980283.0
Sao_Paulo,ssp126,2048,Brazil,153980283.0,21.497528876577608,242769450.69700107,53209.74261852484,117630.50858452477,-11211.023347475035,6425.478581161543,-3946.9139300918387,16797.871092414945,1197907468.2313225,598953734.1156613,1796861202.346984,153980283.0
Sao_Paulo,ssp126,2049,Brazil,153980283.0,21.491844465246317,252195704.13060305,55275.770768355396,120471.29729054178,-9919.755753830941,6674.967095323084,-3822.16967301107,17172.10386365726,1244419825.3385818,622209912.6692909,1866629738.0078726,153980283.0
Sao_Paulo,ssp126,2050,Brazil,153980283.0,21.492126277975537,253198198.6965035,55495.495604717165,120773.41894053918,-9782.427731104843,6701.500529997137,-3808.9029556740416,17211.90401566834,1249366476.2615283,624683238.1307641,1874049714.3922925,153980283.0
Sao_Paulo,ssp126,2051,Brazil,153980283.0,21.46263436136896,228027291.15613267,49978.58436299205,113187.66598316716,-13230.497257183037,6035.291800666898,-4142.007320339159,16212.590921672981,1125164612.9784856,562582306.4892428,1687746919.4677284,153980283.0
Sao_Paulo,ssp126,2052,Brazil,153980283.0,21.470754386584524,232960638.87927875,51059.86605573637,114674.42831069062,-12554.696199217833,6165.864737407856,-4076.7208519686837,16408.450326784416,1149507437.2670078,574753718.6335039,1724261155.9005117,153980283.0
Sao_Paulo,ssp126,2053,Brazil,153980283.0,21.363446883247423,194611738.19505975,42654.62754960619,103117.2253647616,-17807.970265549207,5150.868660883049,-4584.218890231085,14885.956211997207,960280850.4942782,480140425.2471391,1440421275.7414174,153980283.0
Sao_Paulo,ssp126,2054,Brazil,153980283.0,21.316710094946487,164531793.79966936,36061.76302458913,94052.03664286312,-21928.510593684878,4354.730440525428,-4982.288000409896,13691.748881460771,811856121.0574964,405928060.5287482,1217784181.5862446,153980283.0
Sao_Paulo,ssp126,2055,Brazil,153980283.0,21.474666636399878,224470475.02187857,49199.00822397746,112115.74879202209,-13717.732344067153,5941.152089833583,-4189.077175755819,16071.381355423004,1107614066.1608546,553807033.0804273,1661421099.241282,153980283.0
Sao_Paulo,ssp126,2056,Brazil,153980283.0,21.504458356688588,271327681.80060697,59469.08094260282,126237.09878013199,-7298.936894926308,7181.34099196011,-3568.982724692557,17931.66470861279,1338823544.0401378,669411772.0200689,2008235316.0602067,153980283.0
Sao_Paulo,ssp126,2057,Brazil,153980283.0,21.45972027771504,224803468.48526856,49271.993092665645,112216.10298646835,-13672.11680113704,5949.965564348327,-4184.670438498445,16084.601567195125,1109257169.7536733,554628584.8768367,1663885754.6305099,153980283.0
Sao_Paulo,ssp126,2058,Brazil,153980283.0,21.41548871518646,225444164.83800253,49412.41969052515,112409.18955852519,-13584.350177474851,5966.923137386052,-4176.191651979584,16110.037926751706,1112418584.6005788,556209292.3002894,1668627876.9008682,153980283.0
Sao_Paulo,ssp126,2059,Brazil,153980283.0,21.562054718070904,288506618.76694643,63234.32740097862,131414.3126603987,-4945.657858441431,7636.022959594108,-3341.641740875554,18613.6876600638,1423590292.2004578,711795146.1002289,2135385438.3006868,153980283.0
Sao_Paulo,ssp126,2060,Brazil,153980283.0,21.49466862465154,259841574.11972532,56951.57788925894,122775.53208178413,-8872.376303266232,6877.3334709457295,-3720.986485199747,17475.653427091223,1282147161.8498225,641073580.9249113,1923220742.7747338,153980283.0
Sao_Paulo,ssp126,2061,Brazil,153980283.0,21.534364341977433,257837168.4628484,56512.25610145029,122171.46462354725,-9146.952420646638,6824.282044667644,-3747.512198338788,17396.076287674103,1272256739.068685,636128369.5343425,1908385108.6030276,153980283.0
Sao_Paulo,ssp126,2062,Brazil,153980283.0,21.44164927275835,227706133.04739818,49908.19354463927,113090.8786079321,-13274.491518653515,6026.79157733601,-4146.257432004603,16199.840586676655,1123579909.07183,561789954.535915,1685369863.6077452,153980283.0
Sao_Paulo,ssp126,2063,Brazil,153980283.0,21.450007668748672,239998535.2807791,52602.41869168166,116795.43818511537,-11590.600801752029,6352.139626832536,-3983.5834072563403,16687.862660921437,1184234824.2417283,592117412.1208642,1776352236.3625925,153980283.0
Sao_Paulo,ssp126,2064,Brazil,153980283.0,21.42160479553761,216040327.3871214,47351.30463279777,109575.15635415004,-14872.547088554456,5718.02791622918,-4300.639262558018,15736.695095016403,1066016835.6156833,533008417.80784166,1599025253.4235249,153980283.0
Sao_Paulo,ssp126,2065,Brazil,153980283.0,21.475821037891862,251663343.7838033,55159.0890485089,120310.85992575283,-9992.68182873501,6660.876895769564,-3829.214772787828,17150.968564326973,1241792977.3830812,620896488.6915406,1862689466.0746217,153980283.0
Sao_Paulo,ssp126,2066,Brazil,153980283.0,21.529889182592882,272647189.5012077,59758.288109857785,126634.75863510754,-7118.1824153919515,7216.264943237943,-3551.5207490536386,17984.050635529544,1345334446.1507626,672667223.0753813,2018001669.2261438,153980283.0
Sao_Paulo,ssp126,2067,Brazil,153980283.0,21.50881825808091,245111411.9271042,53723.04918950635,118336.3051196243,-10890.206740611604,6487.464229185763,-3915.921106079729,16890.849564451273,1209463505.6149142,604731752.8074571,1814195258.4223714,153980283.0
Sao_Paulo,ssp126,2068,Brazil,153980283.0,21.456348829136655,233025684.19432196,51074.12256314311,114694.03100837485,-12545.785882088625,6167.586318428103,-4075.8600614585584,16411.03269831479,1149828393.08925,574914196.544625,1724742589.6338751,153980283.0
Sao_Paulo,ssp126,2069,Brazil,153980283.0,21.457804817459646,235864251.81580135,51696.274370590654,115549.48974361524,-12156.941002433909,6242.715851409411,-4038.2952949679047,16523.72699778675,1163834856.188652,581917428.094326,1745752284.282978,153980283.0
Sao_Paulo,ssp126,2070,Brazil,153980283.0,21.51919731373364,245527793.28303012,53814.31085655861,118461.7899118212,-10833.168198703941,6498.48476523927,-3910.4108380529733,16907.380368531543,1211518073.578321,605759036.7891605,1817277110.3674815,153980283.0
Sao_Paulo,ssp126,2071,Brazil,153980283.0,21.53683138816026,257968782.01905045,56541.10290828911,122211.12898295061,-9128.923166372384,6827.765514618003,-3745.770463363612,17401.301492599632,1272906165.3512852,636453082.6756426,1909359248.026928,153980283.0
Sao_Paulo,ssp126,2072,Brazil,153980283.0,21.42908981356532,201386722.7264366,44139.555666072345,105159.00152490256,-16879.890192757848,5330.184954053703,-4494.560743645757,15154.930651753188,993710940.4169872,496855470.2084936,1490566410.6254807,153980283.0
Sao_Paulo,ssp126,2073,Brazil,153980283.0,21.46888295635424,246912913.42137215,54117.89883208562,118879.2233781708,-10643.425713999553,6535.145307806309,-3892.0805667694576,16962.371182382092,1218352729.8884687,609176364.9442344,1827529094.832703,153980283.0
Sao_Paulo,ssp126,2074,Brazil,153980283.0,21.3864323793948,231909330.15886983,50829.442226605686,114357.59554563588,-12698.711092424528,6138.039318493814,-4090.633561425703,16366.712198413356,1144319920.61704,572159960.30852,1716479880.92556,153980283.0
Sao_Paulo,ssp126,2075,Brazil,153980283.0,21.507536253038168,255017681.84542748,55894.286431878565,121321.7563278861,-9533.183464128968,6749.6575364435,-3784.82445245086,17284.139525337883,1258344428.1667583,629172214.0833791,1887516642.2501373,153980283.0
Sao_Paulo,ssp126,2076,Brazil,153980283.0,21.543898451040228,237885045.4551948,52139.18804497827,116158.49604589821,-11880.11995594165,6296.20102513943,-4011.552708102895,16603.95475838178,1173806142.8782814,586903071.4391407,1760709214.317422,153980283.0
Sao_Paulo,ssp126,2077,Brazil,153980283.0,21.431061860452086,193084052.30026612,42319.792284993884,102656.82687591968,-18017.24230593189,5110.434771991534,-4604.435834676843,14825.305378659938,952742726.0011399,476371363.00056994,1429114089.00171,153980283.0
Sao_Paulo,ssp126,2078,Brazil,153980283.0,21.50303131483339,264206448.2727253,57908.26263512196,124090.97360734578,-8274.44833710185,6992.860384645303,-3663.2230283499603,17648.943797640582,1303684943.1923943,651842471.5961971,1955527414.7885914,153980283.0
Sao_Paulo,ssp126,2079,Brazil,153980283.0,21.554936536435804,272741310.3514899,59778.917337316925,126663.12382286382,-7105.2891482299965,7218.756078369613,-3550.275181487802,17987.787338227055,1345798870.604275,672899435.3021375,2018698305.9064126,153980283.0
Sao_Paulo,ssp126,2080,Brazil,153980283.0,21.55436356247159,302483392.14585984,66297.729785398,135626.4909389753,-3031.031368179327,8005.951950750597,-3156.6772452973137,19168.58114679852,1492556470.4584982,746278235.2292491,2238834705.6877475,153980283.0
Sao_Paulo,ssp126,2081,Brazil,153980283.0,21.588457255579538,301320761.7975725,66042.90669536241,135276.10919017642,-3190.2957994515673,7975.180136672344,-3172.06315233644,19122.423425681147,1486819654.8377225,743409827.4188613,2230229482.2565837,153980283.0
Sao_Paulo,ssp126,2082,Brazil,153980283.0,21.549102124272945,277447072.2345834,60810.31720210451,128081.2986369468,-6460.664232737741,7343.305407377257,-3488.0005169839833,18174.611331738517,1369018708.5504878,684509354.2752439,2053528062.8257318,153980283.0
Sao_Paulo,ssp126,2083,Brazil,153980283.0,21.504709900886034,263529687.5313947,57759.93151373439,123887.01831543789,-8367.155287969064,6974.9482806490805,-3672.17908034807,17622.075641646254,1300345574.322389,650172787.1611944,1950518361.4835835,153980283.0
Sao_Paulo,ssp126,2084,Brazil,153980283.0,21.545913593665095,254043258.95204112,55680.7142908624,121028.09463398889,-9666.666052264067,6723.867086234585,-3797.7196775553193,17245.45385002451,1253536292.4731956,626768146.2365978,1880304438.7097933,153980283.0
Sao_Paulo,ssp126,2085,Brazil,153980283.0,21.511088359483097,259687745.70292756,56917.86207187859,122729.17283288614,-8893.448689128949,6873.262031172434,-3723.022205086393,17469.546267431288,1281388119.8501835,640694059.9250917,1922082179.7752752,153980283.0
Sao_Paulo,ssp126,2086,Brazil,153980283.0,21.558372331499744,284691677.5677862,62398.17590527227,130264.60435380245,-5468.252543257906,7535.05134684293,-3392.1275472511434,18462.23024093703,1404766068.0642803,702383034.0321401,2107149102.0964203,153980283.0
Sao_Paulo,ssp126,2087,Brazil,153980283.0,21.374240600441453,180004342.40340337,39453.006554174666,98714.99649604326,-19808.9833876939,4764.24872778866,-4777.52885677828,14306.026312355621,888202965.6533464,444101482.8266732,1332304448.4800196,153980283.0
Sao_Paulo,ssp126,2088,Brazil,153980283.0,21.53274835006047,270973414.8945472,59391.433401548646,126130.33341118248,-7347.4666080851675,7171.964464516629,-3573.6709884142956,17917.599917447576,1337075470.0081804,668537735.0040902,2005613205.0122705,153980283.0
Sao_Paulo,ssp126,2089,Brazil,153980283.0,21.55349091798676,275011255.01216686,60276.43945472556,127347.21673430072,-6794.337824849608,7278.835634325801,-3520.2354035097114,18077.906672161327,1356999553.6131527,678499776.8065764,2035499330.4197292,153980283.0
Sao_Paulo,ssp126,2090,Brazil,153980283.0,21.51637458069797,276344380.1617954,60568.631268342775,127748.9804780244,-6611.717941338844,7314.120004209867,-3502.5932185676784,18130.83322698743,1363577648.8728404,681788824.4364202,2045366473.3092606,153980283.0
Sao_Paulo,ssp126,2091,Brazil,153980283.0,21.42938822710289,219147709.05900678,48032.37458827951,110511.62754293744,-14446.878366378376,5800.27226088981,-4259.517090227705,15860.061612007346,1081349719.1424594,540674859.5712297,1622024578.713689,153980283.0
Sao_Paulo,ssp126,2092,Brazil,153980283.0,21.465667718423774,241609493.11145827,52955.50533950177,117280.93232586802,-11369.921646864466,6394.777508190614,-3962.2644665773014,16751.81948295855,1192183840.9356978,596091920.4678489,1788275761.4035468,153980283.0
Sao_Paulo,ssp126,2093,Brazil,153980283.0,21.535495920205225,266522247.93390676,58415.835163600066,124788.88583400316,-7957.215506803033,7054.153603699268,-3632.576418822974,17740.883626221537,1315111890.4507577,657555945.2253789,1972667835.6761365,153980283.0
Sao_Paulo,ssp126,2094,Brazil,153980283.0,21.46398705637811,268147473.65883872,58772.04902111942,125278.67988809227,-7734.581845853441,7097.169119264024,-3611.0686610405965,17805.406899568665,1323131309.812906,661565654.906453,1984696964.719359,153980283.0
Sao_Paulo,ssp126,2095,Brazil,153980283.0,21.484139016426756,256800701.78822145,56285.08532344986,121859.10480379665,-9288.934156896903,6796.849456264196,-3761.228492540514,17354.927405068924,1267142458.146832,633571229.073416,1900713687.220248,153980283.0
Sao_Paulo,ssp126,2096,Brazil,153980283.0,21.43075881101209,240978496.13440773,52817.20463220303,117090.76885333224,-11456.359588926185,6378.076652505612,-3970.6148944198003,16726.768199431055,1189070286.124456,594535143.062228,1783605429.186684,153980283.0
Sao_Paulo,ssp126,2097,Brazil,153980283.0,21.383590823710676,217043995.77283463,47571.286744734934,109877.63175806362,-14735.058268593748,5744.59241887346,-4287.357011235882,15776.541848982819,1070969278.5668937,535484639.28344685,1606453917.8503406,153980283.0
Sao_Paulo,ssp126,2098,Brazil,153980283.0,21.5350600207836,241397129.74948177,52908.95994509596,117216.93240856001,-11399.012518368101,6389.156800025371,-3965.0748206599246,16743.388420710693,1191135967.504506,595567983.752253,1786703951.2567592,153980283.0
Seoul,ssp126,2024,"Korea, South",43759611.00000001,12.682780570430646,28251540.48953251,6192.118463457767,7761.779062893908,4622.457864021626,212.7914449106649,140.869834895292,284.7130549260372,424278798.3081414,212139399.1540707,636418197.4622121,43759611.00000001
Seoul,ssp126,2025,"Korea, South",43759611.00000001,12.732538364706897,27830299.29251789,6099.791625755932,7634.829661053885,4564.753590457979,209.61864366105286,139.28343427048594,279.9538530516191,417952640.3085978,208976320.1542989,626928960.4628967,43759611.00000001
Seoul,ssp126,2026,"Korea, South",43759611.00000001,12.571140516743757,23883155.680078655,5234.664258645963,6445.279531277677,4024.0489860142484,179.88864034062428,124.41843261027167,235.35884807097636,358674833.87336123,179337416.93668061,538012250.8100419,43759611.00000001
Seoul,ssp126,2027,"Korea, South",43759611.00000001,12.661997131550882,26232757.91784077,5749.64557103218,7153.378835808726,4345.912306255634,197.58591441755752,133.2670696487383,261.9047591863764,393960924.35431796,196980462.17715898,590941386.531477,43759611.00000001
Seoul,ssp126,2028,"Korea, South",43759611.00000001,12.585387128320267,26343772.935531132,5773.97762970404,7186.835416482533,4361.119842925546,198.42208283923614,133.68515385957755,263.1590118188939,395628136.7428703,197814068.37143514,593442205.1143054,43759611.00000001
Seoul,ssp126,2029,"Korea, South",43759611.00000001,12.737863589383108,27250784.361520108,5972.774654578336,7460.18132568469,4485.3679834719815,205.25371993025516,137.10097240508713,273.4064674554229,409249543.2645084,204624771.6322542,613874314.8967626,43759611.00000001
Seoul,ssp126,2030,"Korea, South",43759611.00000001,12.870523346993734,29726554.84868944,6515.409281903121,8206.30393825627,4824.514625549972,223.90129702175028,146.4247609508347,301.37783309266547,446430415.846391,223215207.9231955,669645623.7695866,43759611.00000001
Seoul,ssp126,2031,"Korea, South",43759611.00000001,12.832959393532247,28594389.406729203,6267.263431610466,7865.1033941038695,4669.423469117063,215.3737931724663,142.16100902619274,288.5865773187395,429427668.9208214,214713834.4604107,644141503.3812321,43759611.00000001
Seoul,ssp126,2032,"Korea, South",43759611.00000001,12.988907699608628,30995936.49658198,6793.62991705765,8588.857311593747,4998.402522521553,233.46231742339063,151.20527115165487,315.71936369512616,465493861.9746446,232746930.9873223,698240792.9619669,43759611.00000001
Seoul,ssp126,2033,"Korea, South",43759611.00000001,12.914442039920518,28191568.270082235,6178.973867413871,7743.70524333355,4614.242491494191,212.33973236649217,140.64397862320567,284.0354861097785,423378141.53830373,211689070.76915187,635067212.3074555,43759611.00000001
Seoul,ssp126,2034,"Korea, South",43759611.00000001,12.468532323243641,23188182.97207755,5082.341473330651,6235.835701469125,3928.847245192179,174.65408519260114,121.80115503626016,227.507015348942,348237803.52745914,174118901.76372957,522356705.2911887,43759611.00000001
Seoul,ssp126,2035,"Korea, South",43759611.00000001,12.8734015647893,28615518.63917764,6271.894496256699,7871.471107992439,4672.317884520959,215.5329391809546,142.24058203043694,288.82529633147215,429744985.6121261,214872492.80606306,644617478.4181892,43759611.00000001
Seoul,ssp126,2036,"Korea, South",43759611.00000001,12.979081859283191,32086986.05104672,7032.764065981429,8917.666766363942,5147.861365598915,241.68013518273568,155.31418003132742,328.0460903341436,481879134.6302915,240939567.31514576,722818701.9454373,43759611.00000001
Seoul,ssp126,2037,"Korea, South",43759611.00000001,12.854532411179443,28196778.10442624,6180.115748913926,7745.275330396127,4614.956167431726,212.37897299403292,140.66359893697603,284.0943470510896,423456382.3073576,211728191.1536788,635184573.4610364,43759611.00000001
Seoul,ssp126,2038,"Korea, South",43759611.00000001,12.903824706305933,29443160.39959914,6453.295430047712,8120.897391955083,4785.693468140342,221.7667615855696,145.3574932327444,298.17602993839466,442174426.46585417,221087213.23292708,663261639.6987813,43759611.00000001
Seoul,ssp126,2039,"Korea, South",43759611.00000001,13.009457509439319,30943616.389192495,6782.162496259955,8573.089607996917,4991.235384522994,233.0682408153056,151.00823284761233,315.1282487829983,464708123.8553802,232354061.9276901,697062185.7830703,43759611.00000001
Seoul,ssp126,2040,"Korea, South",43759611.00000001,12.979551392700541,30216012.68871205,6622.687712593008,8353.811780454864,4891.563644731152,227.58790805946964,148.26806646969436,306.90774964924424,453781044.5409318,226890522.2704659,680671566.8113978,43759611.00000001
Seoul,ssp126,2041,"Korea, South",43759611.00000001,13.006095536030749,29655090.947506085,6499.74596109581,8184.766872146218,4814.725050045403,223.36302878829233,146.1556268341057,300.57043074247883,445357178.1541765,222678589.07708824,668035767.2312647,43759611.00000001
Seoul,ssp126,2042,"Korea, South",43759611.00000001,13.057505941040642,32588040.585658237,7142.584237951076,9068.66950282221,5216.498973079944,245.45409286969985,157.20115887480944,333.7070268645896,489403921.31973356,244701960.65986678,734105881.9796003,43759611.00000001
Seoul,ssp126,2043,"Korea, South",43759611.00000001,13.142296084872656,33568689.288494885,7357.520939942671,9364.207468060651,5350.834411824691,252.8403681244506,160.8942965021849,344.78643974671627,504131205.0710825,252065602.53554124,756196807.6066236,43759611.00000001
Seoul,ssp126,2044,"Korea, South",43759611.00000001,12.949880199654203,30412227.36728514,6665.693669540534,8412.944971257713,4918.442367823356,229.0658028660104,149.00701387296476,309.1245918590556,456727776.88164335,228363888.44082168,685091665.3224651,43759611.00000001
Seoul,ssp126,2045,"Korea, South",43759611.00000001,13.087701620078372,33142444.944069594,7264.097521986443,9235.750268370837,5292.444775602048,249.62988301943898,159.28905394967907,339.9707120891985,497729910.3060961,248864955.15304804,746594865.4591441,43759611.00000001
Seoul,ssp126,2046,"Korea, South",43759611.00000001,13.010417815764994,30420468.5920093,6667.499965370487,8415.4286280239,4919.571302717076,229.12787601623506,149.0380504480771,309.2177015843929,456851542.76704174,228425771.38352087,685277314.1505626,43759611.00000001
Seoul,ssp126,2047,"Korea, South",43759611.00000001,13.019172312569198,31248664.82062009,6849.022426435866,8665.022011988793,5033.022840882938,235.36587469177604,152.15704978584765,318.57469959770424,469289310.56836194,234644655.28418097,703933965.8525429,43759611.00000001
Seoul,ssp126,2048,"Korea, South",43759611.00000001,13.177155278150382,34311029.71613936,7520.225691207213,9587.926501049395,5452.524881365029,258.4316983484654,163.68996161419219,353.1734350827378,515279599.07435155,257639799.53717577,772919398.6115273,43759611.00000001
Seoul,ssp126,2049,"Korea, South",43759611.00000001,13.08667848797893,31346551.966437783,6870.4771433274145,8694.522247714674,5046.432038940156,236.10316359127685,152.52569423559805,319.6806329469555,470759369.8953123,235379684.94765615,706139054.8429685,43759611.00000001
Seoul,ssp126,2050,"Korea, South",43759611.00000001,13.285937025126444,35225163.75785671,7720.583837337043,9863.418951977914,5577.748722696174,265.31698319341626,167.13260403666774,363.50136235016475,529007972.3238101,264503986.16190505,793511958.4857152,43759611.00000001
Seoul,ssp126,2051,"Korea, South",43759611.00000001,12.902350112294217,27792575.919413254,6091.523489185052,7623.460973268925,4559.586005101179,209.33451009060843,139.14136748526374,279.52765269595267,417386114.4791514,208693057.2395757,626079171.7187271,43759611.00000001
Seoul,ssp126,2052,"Korea, South",43759611.00000001,13.1203755837585,32581103.998204466,7141.063890016003,9066.579024411483,5215.548755620524,245.40184628627588,157.17503558309758,333.62865698945416,489299748.34586203,244649874.17293102,733949622.5187931,43759611.00000001
Seoul,ssp126,2053,"Korea, South",43759611.00000001,13.091830485434196,30482894.976023637,6681.182460496917,8434.24205882274,4928.122862171095,229.59807340104265,149.27314914048094,309.9229976616042,457789055.9338775,228894527.96693876,686683583.9008163,43759611.00000001
Seoul,ssp126,2054,"Korea, South",43759611.00000001,13.179181515813328,33142328.80001908,7264.072065756193,9235.715266054243,5292.428865458142,249.62900821898913,159.28861654945416,339.96939988852387,497728166.06640756,248864083.03320378,746592249.0996113,43759611.00000001
Seoul,ssp126,2055,"Korea, South",43759611.00000001,13.267606817661171,33720819.956249796,7390.864647943747,9410.05506656213,5371.674229325363,253.98622084773086,161.46722286382504,346.50521883163685,506415888.1638432,253207944.0819216,759623832.2457649,43759611.00000001
Seoul,ssp126,2056,"Korea, South",43759611.00000001,13.273512321087843,35092549.464377895,7691.517690821138,9823.453000518544,5559.582381123733,264.3181283828044,166.63317663136178,362.0030801342467,527016384.1802702,263508192.0901351,790524576.2704053,43759611.00000001
Seoul,ssp126,2057,"Korea, South",43759611.00000001,13.460168173943199,38497539.9393397,8437.816973004547,10849.61451352073,6026.019432488363,289.964618114675,179.45642149729707,400.4728147320527,578152189.2349734,289076094.6174867,867228283.8524601,43759611.00000001
Seoul,ssp126,2058,"Korea, South",43759611.00000001,13.215376930976886,32351459.252998315,7090.730795176299,8997.371019006889,5184.090571345709,243.67215522158259,156.31019005075086,331.034120392414,485850966.62119937,242925483.31059968,728776449.931799,43759611.00000001
Seoul,ssp126,2059,"Korea, South",43759611.00000001,13.493023172852874,38026677.45143247,8334.61423592899,10707.710750041839,5961.517721816141,286.41806782326154,177.68314635159032,395.1529892949321,571080823.6713248,285540411.8356624,856621235.5069873,43759611.00000001
Seoul,ssp126,2060,"Korea, South",43759611.00000001,13.460559310218631,37511277.859479316,8221.649941802272,10552.384845617602,5890.915037986942,282.5360627368934,175.74214380840627,389.32998166538016,563340604.3511267,281670302.17556334,845010906.52669,43759611.00000001
Seoul,ssp126,2061,"Korea, South",43759611.00000001,13.344940709049261,36217264.004741706,7938.030466791289,10162.408067477501,5713.652866105078,272.7895118192148,170.86886834956695,374.7101552888621,543907234.2138168,271953617.1069084,815860851.3207252,43759611.00000001
Seoul,ssp126,2062,"Korea, South",43759611.00000001,13.258017301928557,34579797.87253597,7579.133780280442,9668.925123525085,5489.342437035798,260.45606811218886,164.702146496054,356.20998972832365,519315932.25985426,259657966.12992713,778973898.3897814,43759611.00000001
Seoul,ssp126,2063,"Korea, South",43759611.00000001,13.391000816747304,36956136.805138886,8099.975190166014,10385.082062117748,5814.86831821428,278.35472377146164,173.6514743256904,383.05797321723253,555003551.7392738,277501775.8696369,832505327.6089107,43759611.00000001
Seoul,ssp126,2064,"Korea, South",43759611.00000001,13.315292758488257,34930596.09443807,7656.021061793232,9774.645135605171,5537.396987981291,263.0982907739341,166.02325782692662,360.1733237209412,524584184.7324031,262292092.36620155,786876277.0986047,43759611.00000001
Seoul,ssp126,2065,"Korea, South",43759611.00000001,13.229364443676,32834222.14200995,7196.541839343233,9142.861204736422,5250.222473950042,247.30833968876638,158.12828228434273,336.48839709318963,493101051.21370363,246550525.60685182,739651576.8205554,43759611.00000001
Seoul,ssp126,2066,"Korea, South",43759611.00000001,13.474522929939102,37833598.21196251,8292.295498510917,10649.522486091992,5935.068510929845,284.96378923748676,176.956007058703,392.9715714162701,568181179.0402317,284090589.52011585,852271768.5603476,43759611.00000001
Seoul,ssp126,2067,"Korea, South",43759611.00000001,13.406488567351936,36075718.70199818,7907.006838792709,10119.750578979452,5694.263098605965,271.7233883806616,170.33580663029034,373.1109701310327,541781521.0699105,270890760.53495526,812672281.6048658,43759611.00000001
Seoul,ssp126,2068,"Korea, South",43759611.00000001,13.287371250823666,33793479.57192158,7406.790043159481,9431.952484983763,5381.627601335196,254.5334952383499,161.7408600591345,347.32613041756497,507507082.9761823,253753541.48809114,761260624.4642735,43759611.00000001
Seoul,ssp126,2069,"Korea, South",43759611.00000001,13.43884832624248,34995083.38499482,7670.155262463203,9794.079661526383,5546.230863400024,263.58401096823746,166.2661179240783,360.90190401239624,525552648.3867552,262776324.1933776,788328972.5801328,43759611.00000001
Seoul,ssp126,2070,"Korea, South",43759611.00000001,13.433098546106724,36520247.93986958,8004.437904627536,10253.718294502341,5755.157514752731,275.0715958480299,172.0099103639746,378.13328133208495,548457416.5286673,274228708.26433367,822686124.7930009,43759611.00000001
Seoul,ssp126,2071,"Korea, South",43759611.00000001,13.224455927925574,33799884.295732036,7408.193818241223,9433.882675721161,5382.5049607612855,254.5817358089617,161.7649803444405,347.3984912734828,507603268.4752633,253801634.23763165,761404902.7128949,43759611.00000001
Seoul,ssp126,2072,"Korea, South",43759611.00000001,13.469958368906454,36888700.436936654,8085.194616313469,10364.758773070498,5805.63045955644,277.84679103644504,173.39750795818208,382.2960741147075,553990799.1329613,276995399.56648064,830986198.6994419,43759611.00000001
Seoul,ssp126,2073,"Korea, South",43759611.00000001,13.361311975885751,35631093.15951556,7809.554665097888,9985.753840149073,5633.355490046701,268.3744555440916,168.66134021200537,368.08757087617755,535104179.31817245,267552089.65908623,802656268.9772587,43759611.00000001
Seoul,ssp126,2074,"Korea, South",43759611.00000001,13.32119806464041,34433955.30561936,7547.168286161734,9624.972569111862,5469.364003211605,259.3575775518185,164.1529012158688,354.56225388776784,517125683.234089,258562841.6170445,775688524.8511336,43759611.00000001
Seoul,ssp126,2075,"Korea, South",43759611.00000001,13.571032500220337,38161125.70787001,8364.082346928997,10748.22940266685,5979.935291191146,287.4307360975337,178.18948048872642,396.6719917063408,573099954.0864288,286549977.0432144,859649931.1296432,43759611.00000001
Seoul,ssp126,2076,"Korea, South",43759611.00000001,13.450715668840047,38616794.47646208,8463.954953743698,10885.554237037064,6042.3556704503335,290.8628468422669,179.905535861093,401.82015782344047,579943141.8990178,289971570.9495089,869914712.8485267,43759611.00000001
Seoul,ssp126,2077,"Korea, South",43759611.00000001,13.523372409572513,36706521.537208214,8045.264994455181,10309.855543015354,5780.67444589501,276.47461413445194,172.71141950718555,380.23780876171804,551254854.709593,275627427.3547965,826882282.0643896,43759611.00000001
Seoul,ssp126,2078,"Korea, South",43759611.00000001,13.339403301732002,34609847.5086323,7585.720001890599,9677.981178239052,5493.458825542146,260.68240286679634,164.8153138733578,356.5494918602345,519767214.6774371,259883607.33871856,779650822.0161557,43759611.00000001
Seoul,ssp126,2079,"Korea, South",43759611.00000001,13.490414254905765,38159453.55420111,8363.715847494721,10747.72546594472,5979.706229044723,287.4181413862668,178.18318313309294,396.65309963944014,573074841.8505318,286537420.9252659,859612262.7757977,43759611.00000001
Seoul,ssp126,2080,"Korea, South",43759611.00000001,13.209632950127375,34449372.162140526,7550.547323207468,9629.618745049747,5471.475901365189,259.47369777458425,164.21096132725168,354.7364342219165,517357212.0373029,258678606.01865146,776035818.0559543,43759611.00000001
Seoul,ssp126,2081,"Korea, South",43759611.00000001,13.084090824609643,30366340.079400703,6655.636181785042,8399.115925593911,4912.156437976173,228.72017844614615,148.83420166303267,308.60615522925946,456038646.19978034,228019323.09989017,684057969.2996705,43759611.00000001
Seoul,ssp126,2082,"Korea, South",43759611.00000001,13.3678494365111,36674601.066814095,8038.268726971538,10300.235675225344,5776.301778717733,276.23418820015934,172.5912065400393,379.8771698602794,550775476.2903783,275387738.14518917,826163214.4355675,43759611.00000001
Seoul,ssp126,2083,"Korea, South",43759611.00000001,13.443619620214792,38912942.53069745,8528.864116315835,10974.804335573754,6082.923897057919,293.09344281247934,181.02083384619925,405.16605177875897,584390663.6410222,292195331.8205111,876585995.4615333,43759611.00000001
Seoul,ssp126,2084,"Korea, South",43759611.00000001,13.261145145038823,34543130.36597855,7571.097066514431,9657.874642096822,5484.319490932041,260.17988736004486,164.56405611998196,355.7957186001072,518765263.3281935,259382631.66409674,778147894.9922903,43759611.00000001
Seoul,ssp126,2085,"Korea, South",43759611.00000001,13.365644535145872,36651846.05211562,8033.28132648968,10293.377999562788,5773.1846534165725,276.0627967513128,172.50551081561588,379.62008268700924,550433743.7644889,275216871.88224447,825650615.6467334,43759611.00000001
Seoul,ssp126,2086,"Korea, South",43759611.00000001,13.343007816281009,33991246.343346,7450.136184841546,9491.553429796604,5408.718939886488,256.02308045450184,162.4856526672105,349.56050824179306,510477124.4914881,255238562.24574405,765715686.7372322,43759611.00000001
Seoul,ssp126,2087,"Korea, South",43759611.00000001,13.405721838461842,36098329.83631717,7911.962703848923,10126.564893431749,5697.360514266099,271.89369611820223,170.4209604990607,373.3664317373433,542121092.8147079,271060546.40735394,813181639.2220619,43759611.00000001
Seoul,ssp126,2088,"Korea, South",43759611.00000001,13.273159415753186,34311461.533816665,7520.32033617758,9588.056637883652,5452.584034471509,258.4349508120795,163.69158784599932,353.17831377815935,515286084.0688701,257643042.03443506,772929126.1033052,43759611.00000001
Seoul,ssp126,2089,"Korea, South",43759611.00000001,13.208666819262787,33415220.494161937,7323.88394392449,9317.956598535653,5329.8112893133275,251.68443659190592,160.31633073591254,343.05254244789876,501826426.12773514,250913213.06386757,752739639.1916027,43759611.00000001
Seoul,ssp126,2090,"Korea, South",43759611.00000001,13.480810160262914,40345245.4724721,8842.793528211649,11406.457276930498,6279.129779492802,303.88159125496907,186.41490806744417,421.3482744424938,605900845.4017179,302950422.70085895,908851268.1025769,43759611.00000001
Seoul,ssp126,2091,"Korea, South",43759611.00000001,13.219925045191294,33029524.157520406,7239.347760551004,9201.719346397109,5276.9761747049,248.77936028992062,158.86379258491993,338.69492799492116,496034077.272182,248017038.636091,744051115.908273,43759611.00000001
Seoul,ssp126,2092,"Korea, South",43759611.00000001,13.296039265555391,34667570.51139292,7598.371618934021,9695.377151673758,5501.366086194284,261.1171742438321,165.03269956187557,357.2016489257884,520634092.9368754,260317046.4684377,780951139.4053131,43759611.00000001
Seoul,ssp126,2093,"Korea, South",43759611.00000001,13.393368525638365,36471641.99412891,7993.784546656979,10239.069927292825,5748.4991660211335,274.7054944161722,171.82685964804568,377.5841291842986,547727457.3161025,273863728.65805125,821591185.9741538,43759611.00000001
Seoul,ssp126,2094,"Korea, South",43759611.00000001,13.245267329542495,32807300.139965896,7190.641126566454,9134.747724668352,5246.5345284645555,247.10556236704946,158.02689362348434,336.1842311106144,492696739.2902694,246348369.6451347,739045108.9354041,43759611.00000001
Seoul,ssp126,2095,"Korea, South",43759611.00000001,13.434913832382538,37345556.16715206,8185.327379100408,10502.441321902541,5868.213436298276,281.2878420114986,175.11803344570896,387.45765057728806,560851812.6160258,280425906.3080129,841277718.9240386,43759611.00000001
Seoul,ssp126,2096,"Korea, South",43759611.00000001,13.298973482896475,35103447.9521667,7693.906400473478,9826.737476290513,5561.075324656445,264.400216117623,166.67422049877104,362.1262117364746,527180056.57555515,263590028.28777757,790770084.8633327,43759611.00000001
Seoul,ssp126,2097,"Korea, South",43759611.00000001,13.275206007758296,34641993.793677434,7592.765762996381,9687.669099759503,5497.86242623326,260.9245296437697,164.93637726184446,356.91268202569483,520249984.3584064,260124992.1792032,780374976.5376096,43759611.00000001
Seoul,ssp126,2098,"Korea, South",43759611.00000001,13.25302190737081,33317175.777933907,7302.394691052594,9288.408875836794,5316.380506268393,250.94596086737832,159.94709287364876,341.9448288611079,500354000.42418414,250177000.21209207,750531000.6362762,43759611.00000001
Shanghai,ssp126,2024,China,1105100641.5000002,17.97769298343892,1725822549.9191813,378262.4766946377,573875.0080751544,182649.94531412097,29875.28511533441,9275.902386207628,50474.66784446119,10296549239.586163,5148274619.793081,15444823859.379244,1105100641.5000002
Shanghai,ssp126,2025,China,1105100641.5000002,17.82164204416974,1514094283.9944139,331856.2814234558,510066.48957727925,153646.0732696323,26210.10974039592,7443.314698738384,44976.904782053454,9033342593.220045,4516671296.610023,13550013889.830067,1105100641.5000002
Shanghai,ssp126,2026,China,1105100641.5000002,17.759414467387156,1335197520.368639,292646.0318616421,456152.39642978547,129139.66729349876,23113.27233971384,5894.895998397344,40331.648681030325,7966014242.711733,3983007121.3558664,11949021364.0676,1105100641.5000002
Shanghai,ssp126,2027,China,1105100641.5000002,17.89385749098876,1309467921.6758578,287006.6677645942,448398.27079634456,125615.06473284378,22667.873653223207,5672.196655152027,39663.55065129437,7812507104.98926,3906253552.49463,11718760657.48389,1105100641.5000002
Shanghai,ssp126,2028,China,1105100641.5000002,17.75840013572895,1221328685.1959443,267688.47894707887,421835.76117226103,113541.1967218967,21142.117242282555,4909.318449681701,37374.916034883405,7286653512.221333,3643326756.1106663,10929980268.331999,1105100641.5000002
Shanghai,ssp126,2029,China,1105100641.5000002,17.80956996448732,1435012648.357597,314523.3201879891,486233.6678785126,142812.9724974656,24841.147205894697,6758.833431487772,42923.460980301614,8561528179.090633,4280764089.5453167,12842292268.63595,1105100641.5000002
Shanghai,ssp126,2030,China,1105100641.5000002,17.966721071974185,1638292929.29135,359077.90231045545,547496.2182969039,170659.58632400708,28360.08161285625,8518.30063496855,48201.86259074394,9774332718.102587,4887166359.051293,14661499077.153881,1105100641.5000002
Shanghai,ssp126,2031,China,1105100641.5000002,17.91723785066669,1496420538.825756,327982.58385224314,504740.15541686193,151225.0122876244,25904.163931544317,7290.341794312582,44517.98606877605,8927898040.194883,4463949020.097442,13391847060.292324,1105100641.5000002
Shanghai,ssp126,2032,China,1105100641.5000002,18.14396423393608,1759866521.8536472,385724.1691734248,584134.8352334867,187313.50311336288,30464.61185002575,9570.5657535533,51358.657946498206,10499661334.367119,5249830667.183559,15749492001.550678,1105100641.5000002
Shanghai,ssp126,2033,China,1105100641.5000002,18.038980493741203,1495369910.267589,327752.3090997682,504423.52763220883,151081.09056732757,25885.9767617643,7281.248209422574,44490.70531410604,8921629812.512852,4460814906.256426,13382444718.769278,1105100641.5000002
Shanghai,ssp126,2034,China,1105100641.5000002,17.864966060569717,1215553965.8498054,266422.7870355964,420095.4347939726,112750.13927722012,21042.152511299642,4859.336084190247,37224.96893840902,7252200559.862419,3626100279.9312096,10878300839.793629,1105100641.5000002
Shanghai,ssp126,2035,China,1105100641.5000002,18.01323718752983,1507208471.9301114,330347.0623408689,507991.3133387224,152702.81134301552,26090.91115959092,7383.715408335884,44798.10691084596,8992260673.77361,4496130336.886805,13488391010.660414,1105100641.5000002
Shanghai,ssp126,2036,China,1105100641.5000002,18.114266836232073,1766385268.2633595,387152.93550980004,586099.3889460026,188206.48207359744,30577.456248538103,9626.987952809475,51527.92454426674,10538553278.032541,5269276639.016271,15807829917.048813,1105100641.5000002
Shanghai,ssp126,2037,China,1105100641.5000002,18.098824731892673,1503463227.8298225,329526.18692162755,506862.6096372654,152189.76420598966,26026.078170053333,7351.2989135670905,44700.85742653957,8969915913.99822,4484957956.99911,13454873870.99733,1105100641.5000002
Shanghai,ssp126,2038,China,1105100641.5000002,18.17262053846648,1732560411.6392965,379739.26830452593,575905.5965387507,183572.94007030112,29991.922564512235,9334.221110796541,50649.62401822793,10336748462.254757,5168374231.127378,15505122693.382135,1105100641.5000002
Shanghai,ssp126,2039,China,1105100641.5000002,18.062200806631072,1748993722.8835902,383341.0899471109,580858.101297305,185824.07859691675,30276.395530075955,9476.457593578401,51076.33346657351,10434792376.679348,5217396188.339674,15652188565.019022,1105100641.5000002
Shanghai,ssp126,2040,China,1105100641.5000002,18.153353034334963,1760136728.6079316,385783.3925716241,584216.2674060108,187350.51773723745,30469.2893319747,9572.904494527775,51365.67416942163,10501273433.566128,5250636716.783064,15751910150.349192,1105100641.5000002
Shanghai,ssp126,2041,China,1105100641.5000002,18.233297209463153,1839676635.564155,403216.79683600174,608187.19826953,198246.39540247357,31846.184887358104,10261.352272219476,53431.01750249675,10975821971.899433,5487910985.949717,16463732957.84915,1105100641.5000002
Shanghai,ssp126,2042,China,1105100641.5000002,18.274276515352632,1762577580.6927576,386318.37385049,584951.8666644513,187684.88103652868,30511.542315609622,9594.030986345235,51429.053644874024,10515835969.951536,5257917984.975768,15773753954.927303,1105100641.5000002
Shanghai,ssp126,2043,China,1105100641.5000002,18.244311717477892,1911200585.8757515,418893.2790960777,629742.3613771345,208044.196815021,33084.31821006493,10880.418933572888,55288.21748655697,11402545957.066687,5701272978.533343,17103818935.600029,1105100641.5000002
Shanghai,ssp126,2044,China,1105100641.5000002,18.202543228618868,1739311181.3119268,381218.8890546915,577940.0750702284,184497.70303915464,30108.78346004706,9392.651558563954,50824.915361530155,10377024695.951317,5188512347.975658,15565537043.926975,1105100641.5000002
Shanghai,ssp126,2045,China,1105100641.5000002,18.324388049773752,1972691054.1584067,432370.6420073446,648273.7353801264,216467.54863456282,34148.76441973211,11412.64203840648,56884.88680105776,11769408491.379486,5884704245.689743,17654112737.06923,1105100641.5000002
Shanghai,ssp126,2046,China,1105100641.5000002,18.274252033439424,1809549597.4059873,396613.610390376,599107.8169067947,194119.4038739574,31324.66321950301,10000.591438291929,52648.73500071411,10796078966.540644,5398039483.270322,16194118449.810966,1105100641.5000002
Shanghai,ssp126,2047,China,1105100641.5000002,18.21557354001865,1835360080.958952,402270.7026759573,606886.3187994689,197655.08655244578,31771.462083700004,10223.990870390426,53318.93329700959,10950068677.019892,5475034338.509946,16425103015.529839,1105100641.5000002
Shanghai,ssp126,2048,China,1105100641.5000002,18.258532331178753,1784155751.6933842,391047.8359876137,591454.8771029965,190640.79487223097,30885.076669382725,9780.798163231786,51989.35517553367,10644574987.887392,5322287493.943696,15966862481.831089,1105100641.5000002
Shanghai,ssp126,2049,China,1105100641.5000002,18.22396910296854,1713639463.8323288,375592.21125094395,570203.3930900756,180981.02941181243,29664.386740848335,9170.453198964591,50158.320282732086,10223862887.336758,5111931443.668379,15335794331.005136,1105100641.5000002
Shanghai,ssp126,2050,China,1105100641.5000002,18.32837255748462,1996993871.0051746,437697.2867956773,655597.871964084,219796.70162727073,34569.464440390024,11622.992048735436,57515.93683204462,11914403207.281822,5957201603.640911,17871604810.922733,1105100641.5000002
Shanghai,ssp126,2051,China,1105100641.5000002,18.163721639134028,1566925206.937625,343435.6617945705,525988.137587562,160883.186001579,27124.65271348923,7900.586185285039,46348.71924169343,9348540815.356495,4674270407.678247,14022811223.034742,1105100641.5000002
Shanghai,ssp126,2052,China,1105100641.5000002,18.146524687010448,1647191322.2039313,361028.23500362394,550177.9257500104,171878.5442572374,28514.119480390218,8595.319568735533,48432.9193920449,9827422035.299109,4913711017.649554,14741133052.948662,1105100641.5000002
Shanghai,ssp126,2053,China,1105100641.5000002,18.330644446052183,1773092773.8003817,388623.0737096953,588120.8289708586,189125.31844853197,30693.568209377067,9685.043933228957,51702.09248552519,10578571390.578339,5289285695.289169,15867857085.867508,1105100641.5000002
Shanghai,ssp126,2054,China,1105100641.5000002,18.484478841071347,2049612358.5705895,449230.10598809697,671455.498353661,227004.71362253308,35480.329997470595,12078.424827275721,58882.235167665465,12228334004.02288,6114167002.01144,18342501006.03432,1105100641.5000002
Shanghai,ssp126,2055,China,1105100641.5000002,18.44613374481697,1801773961.6508589,394909.36145774514,596764.474624427,193054.24829106312,31190.061121999817,9933.290389540332,52446.831854459306,10749688208.449371,5374844104.224686,16124532312.674057,1105100641.5000002
Shanghai,ssp126,2056,China,1105100641.5000002,18.468484199613414,1909236112.6370502,418462.7096191021,629150.328346293,207775.09089191124,33050.31170220559,10863.415679643218,55237.20772476797,11390825577.452291,5695412788.726146,17086238366.178436,1105100641.5000002
Shanghai,ssp126,2057,China,1105100641.5000002,18.657489818563164,2275893344.7156425,498825.9385678346,739649.7681508001,258002.10898486903,39397.423894278574,14036.97177567971,64757.876012877445,13578364640.679943,6789182320.339972,20367546961.019913,1105100641.5000002
Shanghai,ssp126,2058,China,1105100641.5000002,18.48018161539692,1973497591.8816543,432547.4173987414,648516.801543297,216578.03325418575,34162.72619375077,11419.62292541581,56905.82946208575,11774220431.85471,5887110215.927355,17661330647.782066,1105100641.5000002
Shanghai,ssp126,2059,China,1105100641.5000002,18.643730395020565,2312119180.219859,506765.8477194438,750567.1432342627,262964.5522046248,40024.520326805956,14350.519991943402,65698.5206616685,13794494102.559883,6897247051.279942,20691741153.839825,1105100641.5000002
Shanghai,ssp126,2060,China,1105100641.5000002,18.5049922430368,2023477433.5371327,443501.9032410379,663579.2195764547,223424.58690562117,35027.91480746225,11852.217232271549,58203.61238265295,12072408620.794767,6036204310.397384,18108612931.19215,1105100641.5000002
Shanghai,ssp126,2061,China,1105100641.5000002,18.629438083098865,2208273192.5062046,484005.0832890537,719271.0921424765,248739.074435631,38226.86825001855,13451.6939535497,63002.04254648741,13174931375.281164,6587465687.640582,19762397062.921745,1105100641.5000002
Shanghai,ssp126,2062,China,1105100641.5000002,18.522750628423573,2201101996.9357743,482433.3143969046,717109.9099157713,247756.71887803782,38102.72946628643,13389.624561683639,62815.834370889235,13132146809.567213,6566073404.783607,19698220214.35082,1105100641.5000002
Shanghai,ssp126,2063,China,1105100641.5000002,18.629302936044486,2170489849.614611,475723.8026552798,707884.3312710372,243563.27403952234,37572.8101943108,13124.664925695823,62020.95546292576,12949509560.890306,6474754780.445153,19424264341.33546,1105100641.5000002
Shanghai,ssp126,2064,China,1105100641.5000002,18.56988821725546,2035870224.9580889,446218.131497686,667314.0334293458,225122.22956602613,35242.44333885341,11959.481497967128,58525.40517973968,12146346110.537134,6073173055.268567,18219519165.805702,1105100641.5000002
Shanghai,ssp126,2065,China,1105100641.5000002,18.46317666925967,1770755533.2561173,388110.80180958257,587416.4551082037,188805.1485109615,30653.108819362555,9664.814238221701,51641.403400503405,10564627018.168846,5282313509.084423,15846940527.25327,1105100641.5000002
Shanghai,ssp126,2066,China,1105100641.5000002,18.56685225859901,2261129396.0877514,495590.00462199555,735200.3589752715,255979.65026871965,39141.848849957234,13909.18425351904,64374.51344639543,13490280425.981913,6745140212.990956,20235420638.97287,1105100641.5000002
Shanghai,ssp126,2067,China,1105100641.5000002,18.550017402002926,2198761135.901993,481920.24896484293,716404.4449466867,247436.05298299924,38062.20740287796,13369.363529979404,62755.051275776525,13118180836.704891,6559090418.352446,19677271255.057335,1105100641.5000002
Shanghai,ssp126,2068,China,1105100641.5000002,18.47656074949115,1922017780.9754987,421264.17117273464,633002.3379825377,209526.0043629316,33271.57198523911,10974.04582115998,55569.09814931826,11467083172.659311,5733541586.329656,17200624758.988968,1105100641.5000002
Shanghai,ssp126,2069,China,1105100641.5000002,18.460038807410417,1942898579.1711326,425840.78447588725,639295.1812743726,212386.38767740194,33633.034291754644,11154.776974417746,56111.29160909154,11591661546.486483,5795830773.243241,17387492319.729725,1105100641.5000002
Shanghai,ssp126,2070,China,1105100641.5000002,18.59147562917462,2155844290.055042,472513.816998388,703470.6009928109,241557.03300396487,37319.28455371918,12997.902105400015,61640.66700203836,12862131675.398287,6431065837.699143,19293197513.09743,1105100641.5000002
Shanghai,ssp126,2071,China,1105100641.5000002,18.351698439708702,1956829864.2689571,428894.2168260954,643493.6507559088,214294.7828962821,33874.19530471047,11275.357480895658,56473.03312852529,11674777949.726883,5837388974.863441,17512166924.590324,1105100641.5000002
Shanghai,ssp126,2072,China,1105100641.5000002,18.61771314147699,2237545315.413936,490420.8910496524,728092.8278132996,252748.95428600517,38733.590692508646,13705.055174794747,63762.126210222545,13349573811.654922,6674786905.827461,20024360717.482384,1105100641.5000002
Shanghai,ssp126,2073,China,1105100641.5000002,18.48525020513717,1995345515.6602077,437336.00343239686,655101.1073395733,219570.8995252205,34540.93017080098,11608.724913940914,57473.13542766104,11904568840.489836,5952284420.244918,17856853260.734753,1105100641.5000002
Shanghai,ssp126,2074,China,1105100641.5000002,18.548323009589893,2069930812.2909489,453683.4657076279,677578.8679680158,229788.0634472398,35832.057698575685,12254.288677828266,59409.826719323115,12349557335.595247,6174778667.797624,18524336003.39287,1105100641.5000002
Shanghai,ssp126,2075,China,1105100641.5000002,18.68142145176654,2275680747.888542,498779.34200299083,739585.69787414,257972.98613184167,39393.74368345706,14035.131670268955,64752.35569664519,13577096252.0507,6788548126.02535,20365644378.07605,1105100641.5000002
Shanghai,ssp126,2076,China,1105100641.5000002,18.54275160002623,2325111985.431265,509613.5858479711,754482.7831609878,264744.38853495434,40249.43554775778,14462.977602419312,66035.89349309626,13872011376.0628,6936005688.0314,20808017064.0942,1105100641.5000002
Shanghai,ssp126,2077,China,1105100641.5000002,18.58950218631765,1986563187.8120713,435411.10965746286,652454.3783990392,218367.84091588674,34388.90147674335,11532.710566912097,57245.0923865746,11852171987.099112,5926085993.549556,17778257980.648666,1105100641.5000002
Shanghai,ssp126,2078,China,1105100641.5000002,18.540828771352864,2032223240.1066566,445418.79235216643,666214.9421042565,224622.64260007645,35179.311290745136,11927.915473912992,58430.707107577284,12124587582.060057,6062293791.030028,18186881373.090084,1105100641.5000002
Shanghai,ssp126,2079,China,1105100641.5000002,18.630609703836615,2233383213.3039513,489508.6494912996,726838.4956705645,252178.80331203464,38661.54157759776,13669.030617339304,63654.05253785623,13324742006.48605,6662371003.243025,19987113009.729073,1105100641.5000002
Shanghai,ssp126,2080,China,1105100641.5000002,18.399959507135467,2005830188.0632281,439634.01382209995,658260.871625415,221007.1560187849,34722.427728238574,11699.47369265971,57745.38176381745,11967122169.430681,5983561084.715341,17950683254.146023,1105100641.5000002
Shanghai,ssp126,2081,China,1105100641.5000002,18.378643792883487,1814044651.9283576,397598.8278199366,600462.4908724404,194735.16476743284,31402.475990851417,10039.497823966132,52765.45415773671,10822897222.1176,5411448611.0588,16234345833.1764,1105100641.5000002
Shanghai,ssp126,2082,China,1105100641.5000002,18.611123173547185,2284738450.8080425,500764.59195794974,742315.4165622084,259213.767353691,39550.539326915714,14113.52949199828,64987.54916183314,13631136039.6943,6815568019.84715,20446704059.54145,1105100641.5000002
Shanghai,ssp126,2083,China,1105100641.5000002,18.735572548088005,2407012461.299279,527564.3750793168,779165.1183540882,275963.63180454535,41667.19432472641,15171.85699090363,68162.53165854921,14360643467.79204,7180321733.89602,21540965201.68806,1105100641.5000002
Shanghai,ssp126,2084,China,1105100641.5000002,18.3689333736798,1905268047.963081,417592.99681384856,627954.4732390693,207231.52038862777,32981.621521111105,10829.070589095976,55134.17245312623,11367151432.446306,5683575716.223153,17050727148.66946,1105100641.5000002
Shanghai,ssp126,2085,China,1105100641.5000002,18.515892703529353,2111821271.5390887,462864.93622776814,690203.3899332087,235526.4825223275,36557.21302448622,12616.866340783534,60497.559708188914,12599482900.849638,6299741450.424819,18899224351.274456,1105100641.5000002
Shanghai,ssp126,2086,China,1105100641.5000002,18.564358105692563,1943227995.5466237,425912.98532531,639394.4574423288,212431.51320829114,33638.73673673654,11157.628196908692,56119.845276564374,11593626900.300367,5796813450.150184,17390440350.45055,1105100641.5000002
Shanghai,ssp126,2087,China,1105100641.5000002,18.490110588203418,1939786534.6534286,425158.69252680143,638357.3048443797,211960.08020922338,33579.16246277525,11127.84105992805,56030.483865622446,11573094562.520592,5786547281.260296,17359641843.780888,1105100641.5000002
Shanghai,ssp126,2088,China,1105100641.5000002,18.45467031626708,2040421096.5998883,447215.5828164365,668685.5289926277,225745.6366402452,35321.222346479895,11998.871001780371,58643.57369117941,12173497380.489548,6086748690.244774,18260246070.73432,1105100641.5000002
Shanghai,ssp126,2089,China,1105100641.5000002,18.396227784610993,1853398475.2303624,406224.3233381842,612322.547210031,200126.0994663376,32083.720242516145,10380.119949798496,53787.32053523381,11057688788.269064,5528844394.134532,16586533182.403595,1105100641.5000002
Shanghai,ssp126,2090,China,1105100641.5000002,18.68431232396155,2416133439.629344,529563.4936174131,781913.9063439704,277213.0808908556,41825.08531308684,15250.802485083845,68399.36814108984,14415060767.23751,7207530383.618755,21622591150.856266,1105100641.5000002
Shanghai,ssp126,2091,China,1105100641.5000002,18.457384004014305,1950407475.944796,427486.57007011486,641558.1364664356,213415.0036737942,33763.018937062065,11219.769297071456,56306.26857705267,11636460894.697926,5818230447.348963,17454691342.04689,1105100641.5000002
Shanghai,ssp126,2092,China,1105100641.5000002,18.408704259049752,1877998171.4250093,411616.03757262736,619736.1542823901,203495.92086286453,32509.559467759813,10593.03956242033,54426.0793730993,11204454736.575214,5602227368.287607,16806682104.862822,1105100641.5000002
Shanghai,ssp126,2093,China,1105100641.5000002,18.487269842308194,2130407032.7278013,466938.5277211846,695804.5782366563,238072.47720571276,36878.94651593022,12777.733086505534,60980.15994535491,12710368695.70944,6355184347.85472,19065553043.56416,1105100641.5000002
Shanghai,ssp126,2094,China,1105100641.5000002,18.555982012961355,2057572188.5279746,450974.72625272936,673854.3512175304,228095.1012879283,35618.12063501765,12147.32014604925,59088.92112398606,12275823695.879545,6137911847.939773,18413735543.819317,1105100641.5000002
Shanghai,ssp126,2095,China,1105100641.5000002,18.48686535932954,2122230507.4416828,465146.41258998046,693340.4199312506,236952.4052487102,36737.404719418766,12706.962188249807,60767.84725058773,12661586162.86956,6330793081.43478,18992379244.30434,1105100641.5000002
Shanghai,ssp126,2096,China,1105100641.5000002,18.469636464641972,2220743541.731318,486738.3105164759,723029.2795801819,250447.34145276982,38442.739365276306,13559.629511178577,63325.84921937404,13249331588.00131,6624665794.000655,19873997382.001965,1105100641.5000002
Shanghai,ssp126,2097,China,1105100641.5000002,18.428674452388766,1991863284.8236527,436572.7747558917,654051.6679093787,219093.88160240476,34480.65013848574,11578.584897783294,57382.71537918819,11883793262.332123,5941896631.166061,17825689893.498184,1105100641.5000002
Shanghai,ssp126,2098,China,1105100641.5000002,18.50863785082212,2001183635.891934,438615.5914283916,656860.540834066,220370.64202271722,34641.99241875257,11659.256037916708,57624.72879958844,11939400053.25583,5969700026.627915,17909100079.883747,1105100641.5000002
Singapore,ssp126,2024,Singapore,4730796.5,27.357912180722323,4063135.6542452658,890.5502803826312,1080.0895432144637,701.0110175507987,14.835290613036001,10.62535418963445,19.045227036437595,153434345.3580444,76717172.6790222,230151518.03706658,4730796.5
Singapore,ssp126,2025,Singapore,4730796.5,27.369983924956298,4156584.768680788,911.0322780671291,1108.2522900306485,713.8122661036099,15.17649132306712,10.795954544650007,19.557028101484264,156963221.8017143,78481610.90085715,235444832.70257145,4730796.5
Singapore,ssp126,2026,Singapore,4730796.5,27.390054138237673,4251148.966149444,931.7586775123142,1136.7510892677778,726.7662657568505,15.521763415956679,10.968590591094788,20.0749362408186,160534206.6192531,80267103.30962655,240801309.92887965,4730796.5
Singapore,ssp126,2027,Singapore,4730796.5,27.39100334834368,4308177.640758178,944.2581130429954,1153.9378131224646,734.5784129635263,15.729986087580379,11.072701926906625,20.387270248254136,162687754.5437691,81343877.27188455,244031631.81565362,4730796.5
Singapore,ssp126,2028,Singapore,4730796.5,27.379592131553594,4197764.1986398045,920.0579065512973,1120.6625291963796,719.4532839062149,15.326845350770483,10.871131558501684,19.782559143039304,158518261.902671,79259130.9513355,237777392.85400653,4730796.5
Singapore,ssp126,2029,Singapore,4730796.5,27.396160783539738,4303793.85626662,943.2972835653936,1152.616672590762,733.9778945400251,15.71398004632276,11.064698906277826,20.363261186367716,162522211.6820755,81261105.84103775,243783317.52311325,4730796.5
Singapore,ssp126,2030,Singapore,4730796.5,27.40849189759253,4245116.327946242,930.4364554403794,1134.9330339188675,725.9398769618913,15.49973709231812,10.957577429275508,20.041896755360764,160306398.84411195,80153199.42205597,240459598.26616794,4730796.5
Singapore,ssp126,2031,Singapore,4730796.5,27.451039016396116,4642969.322926656,1017.6371118744429,1254.8339365157049,780.4402872331809,16.952374981883004,11.68389637405793,22.220853589708057,175330340.7028508,87665170.3514254,262995511.05427617,4730796.5
Singapore,ssp126,2032,Singapore,4730796.5,27.429389176056848,4432165.15185038,971.4334579399165,1191.303912355731,751.563003524102,16.18268836384261,11.29905306503774,21.066323662647477,167369838.58325377,83684919.29162689,251054757.87488067,4730796.5
Singapore,ssp126,2033,Singapore,4730796.5,27.439324412715905,4601565.282360064,1008.5622536680663,1242.3560064819371,774.7685008541956,16.801200857603572,11.608309311918212,21.994092403288903,173766818.73358676,86883409.36679338,260650228.10038012,4730796.5
Singapore,ssp126,2034,Singapore,4730796.5,27.45733608594753,4742329.5183147825,1039.414688945813,1284.7781049888385,794.0512729027872,17.315158186625418,11.865287976429132,22.765028396821666,179082434.61044502,89541217.30522251,268623651.91566753,4730796.5
Singapore,ssp126,2035,Singapore,4730796.5,27.437746150042223,4583055.154322546,1004.505239303679,1236.7776117309045,772.2328668764535,16.733616816092663,11.574517291162753,21.89271634102254,173067829.17980155,86533914.58990078,259601743.76970232,4730796.5
Singapore,ssp126,2036,Singapore,4730796.5,27.4849584565063,4753345.757257788,1041.8292070703073,1288.0980674100185,795.5603467305963,17.355380596135994,11.885399181184411,22.82536201108752,179498435.83569616,89749217.91784808,269247653.7535442,4730796.5
Singapore,ssp126,2037,Singapore,4730796.5,27.507760444217276,4889332.499186658,1071.6345203697856,1329.0803731968012,814.1886675427702,17.85189437458344,12.13365607040814,23.57013267875869,184633641.37662524,92316820.68831262,276950462.06493783,4730796.5
Singapore,ssp126,2038,Singapore,4730796.5,27.476308321714914,4677619.351791203,1025.231638748864,1265.2764109680338,785.1868665296942,17.078888908982222,11.747153337607536,22.410624480356873,176638813.99734035,88319406.99867018,264958220.99601054,4730796.5
Singapore,ssp126,2039,Singapore,4730796.5,27.471616314098437,4736502.986825535,1038.13764094817,1283.0221639920792,793.2531179042603,17.293884398284476,11.854651082258663,22.733117714310254,178862409.94948488,89431204.97474244,268293614.92422733,4730796.5
Singapore,ssp126,2040,Singapore,4730796.5,27.481381972180266,4908236.336758466,1075.7778272348394,1334.77742013625,816.7782343334288,17.920915925411126,12.16816684582199,23.673665005000224,185347498.40464604,92673749.20232302,278021247.60696906,4730796.5
Singapore,ssp126,2041,Singapore,4730796.5,27.486718087679662,4724849.923847042,1035.5835449528836,1279.510281998561,791.6568079072065,17.2513368216026,11.833377293917723,22.669296349287436,178422360.6275645,89211180.31378224,267633540.94134673,4730796.5
Singapore,ssp126,2042,Singapore,4730796.5,27.506524813554034,4918362.103275914,1077.9971733208554,1337.829021004522,818.1653256371887,17.957887048639336,12.186652407436084,23.729121689842525,185729873.12433562,92864936.56216781,278594809.6865034,4730796.5
Singapore,ssp126,2043,Singapore,4730796.5,27.541800280769362,5065571.190861745,1110.26217881912,1382.1934035646354,838.3309540736041,18.495375771894974,12.455396769063903,24.535354774725977,191288863.00469685,95644431.50234842,286933294.50704527,4730796.5
Singapore,ssp126,2044,Singapore,4730796.5,27.507431195254583,4881941.663449125,1070.0146111670388,1326.852998043024,813.1762242910534,17.824909010231917,12.120163388232365,23.52965463223139,184354544.60518172,92177272.30259086,276531816.9077726,4730796.5
Singapore,ssp126,2045,Singapore,4730796.5,27.526213234623707,5023961.043581197,1101.142146538452,1369.653359178717,832.6309338981865,18.34344911231792,12.379433439275374,24.307464785360402,189717557.92125195,94858778.96062598,284576336.8818779,4730796.5
Singapore,ssp126,2046,Singapore,4730796.5,27.554325434832315,5070882.455566104,1111.426291631034,1383.7940586810173,839.0585245810504,18.514768221991872,12.465092994112347,24.56444344987132,191489429.88020468,95744714.94010234,287234144.820307,4730796.5
Singapore,ssp126,2047,Singapore,4730796.5,27.521863794523068,5005347.862186702,1097.0625451369187,1364.043907251609,830.0811830222283,18.275488803158204,12.34545328469551,24.20552432162082,189014676.81037623,94507338.40518811,283522015.21556437,4730796.5
Singapore,ssp126,2048,Singapore,4730796.5,27.54517679891785,5052972.143776832,1107.5007438416046,1378.396430470552,836.605057212657,18.44937422509536,12.432395995664088,24.46635245452655,190813090.91483596,95406545.45741798,286219636.37225395,4730796.5
Singapore,ssp126,2049,Singapore,4730796.5,27.566229754799583,5127851.87850601,1123.9127404945752,1400.9629258683865,846.8625551207635,18.72277455436403,12.569096160298416,24.876452948429545,193640740.31087562,96820370.15543781,290461110.4663134,4730796.5
Singapore,ssp126,2050,Singapore,4730796.5,27.5693295926062,5181895.713932723,1135.75796469769,1417.2501091476697,854.2658202477105,18.920099003416162,12.667758384824488,25.17243962200775,195681573.10971922,97840786.55485961,293522359.6645788,4730796.5
Singapore,ssp126,2051,Singapore,4730796.5,27.578498317824906,5152401.095610129,1129.2933908187654,1408.361320064148,850.2254615733825,18.812408472857847,12.613913119545337,25.01090382617029,194567781.24082512,97283890.62041256,291851671.86123765,4730796.5
Singapore,ssp126,2052,Singapore,4730796.5,27.561465571282422,5064234.894171489,1109.9692918733103,1381.7906840141477,838.1478997324732,18.49049669538064,12.452957230806724,24.528036159954468,191238401.0400171,95619200.52000855,286857601.56002563,4730796.5
Singapore,ssp126,2053,Singapore,4730796.5,27.552324875614424,5176481.395871387,1134.5712648486303,1415.6183968552125,853.5241328420482,18.900330285670456,12.657874025951639,25.142786545389193,195477114.67712092,97738557.33856046,293215672.0156814,4730796.5
Singapore,ssp126,2054,Singapore,4730796.5,27.520085758951147,4971110.046750067,1089.5583664110807,1353.7256615035817,825.3910713185796,18.150479946654222,12.282948856443527,24.018011036864856,187721769.74424854,93860884.87212427,281582654.6163728,4730796.5
Singapore,ssp126,2055,Singapore,4730796.5,27.57147070279386,5175369.709788707,1134.3276076250293,1415.2833681727611,853.3718470772974,18.896271305732196,12.655844535982501,25.136698075481796,195435134.58074847,97717567.29037423,293152701.8711227,4730796.5
Singapore,ssp126,2056,Singapore,4730796.5,27.567864683204167,5170414.803793888,1133.241600831644,1413.7901088318565,852.6930928314318,18.878179989899166,12.646798878065994,25.10956110173226,195248024.7172539,97624012.35862695,292872037.0758808,4730796.5
Singapore,ssp126,2057,Singapore,4730796.5,27.562689768656877,5117700.814194032,1121.6878496864704,1397.9037010072425,845.471998365698,18.68571106401701,12.550564415124915,24.820857712909028,193257410.2820669,96628705.14103346,289886115.42310035,4730796.5
Singapore,ssp126,2058,Singapore,4730796.5,27.57970828937393,5081511.435838219,1113.7559311427303,1386.9973130096,840.5145492758606,18.55357667553002,12.48449722088142,24.622656130178544,191890807.23224342,95945403.61612171,287836210.8483651,4730796.5
Singapore,ssp126,2059,Singapore,4730796.5,27.57580497820763,5228676.721735899,1146.0113362709892,1431.3484950609559,860.6741774810224,19.090905470388392,12.753161618310603,25.428649322466097,197448143.04935917,98724071.52467959,296172214.57403874,4730796.5
Singapore,ssp126,2060,Singapore,4730796.5,27.602430973319475,5253238.33490775,1151.3947035415317,1438.750625057952,864.0387820251115,19.180584649312316,12.798001207772565,25.563168090851974,198375652.08638147,99187826.04319073,297563478.1295722,4730796.5
Singapore,ssp126,2061,Singapore,4730796.5,27.629587645209398,5339733.781790669,1170.352609707651,1464.8177460363659,875.8874733789361,19.496396180209953,12.95590697322138,26.036885387198428,201641940.3421192,100820970.1710596,302462910.51317877,4730796.5
Singapore,ssp126,2062,Singapore,4730796.5,27.58074729350022,5159045.603091797,1130.7497212257067,1410.3637743736924,851.1356680777208,18.8366688490449,12.626043307638863,25.047294390450865,194818694.75748587,97409347.37874293,292228042.1362288,4730796.5
Singapore,ssp126,2063,Singapore,4730796.5,27.567348447147502,5194417.005455188,1138.5023573601484,1421.0236490585498,855.9810656617469,18.965816649685777,12.690617207959303,25.24101609141218,196154408.95160878,98077204.47580439,294231613.42741317,4730796.5
Singapore,ssp126,2064,Singapore,4730796.5,27.58090910639407,5217932.635076584,1143.6564679620983,1428.110551136231,859.2023847879657,19.051676741267336,12.733547253750078,25.369806228784512,197042418.98712674,98521209.49356337,295563628.4806901,4730796.5
Singapore,ssp126,2065,Singapore,4730796.5,27.60302948900775,5263782.765716508,1153.7058116639992,1441.9283987263448,865.4832246016537,19.219084396480113,12.817251081356464,25.62091771160367,198773836.63545612,99386918.31772806,298160754.9531842,4730796.5
Singapore,ssp126,2066,Singapore,4730796.5,27.610295700462014,5316568.060015412,1165.275191236362,1457.8362956383432,872.7140868343804,19.41181366954791,12.913615717890357,25.910011621205363,200767143.71759132,100383571.85879566,301150715.576387,4730796.5
Singapore,ssp126,2067,Singapore,4730796.5,27.625716423146358,5339814.9343035715,1170.370396559794,1464.8422029580627,875.8985901615254,19.49669248366013,12.956055124946467,26.03732984237369,201645004.86758694,100822502.43379347,302467507.3013804,4730796.5
Singapore,ssp126,2068,Singapore,4730796.5,27.615041403823245,5281656.069718538,1157.6232481575948,1447.3148739050387,867.931622410151,19.28434327081971,12.849880518526263,25.71880602311307,199448778.09257215,99724389.04628608,299173167.1388582,4730796.5
Singapore,ssp126,2069,Singapore,4730796.5,27.591628744902103,5269955.808101439,1155.058807255217,1443.7887676642692,866.3288468461649,19.241623362820388,12.828520564526599,25.654726161114084,199006946.42990994,99503473.21495497,298510419.6448649,4730796.5
Singapore,ssp126,2070,Singapore,4730796.5,27.606172957374458,5216839.452887526,1143.4168663864143,1427.7810989696652,859.052633803163,19.047685322607528,12.731551544420173,25.3638191007948,197001137.64488065,98500568.82244033,295501706.467321,4730796.5
Singapore,ssp126,2071,Singapore,4730796.5,27.59597314658109,5171067.077810051,1133.3845649995706,1413.986684562755,852.7824454363856,18.88056156792475,12.647989667078788,25.113133468770638,195272656.2445227,97636328.12226135,292908984.36678404,4730796.5
Singapore,ssp126,2072,Singapore,4730796.5,27.59005199608295,5182495.530180968,1135.8894312726482,1417.430875688237,854.3479868570593,18.92228904803056,12.668853407131687,25.175724688929346,195704223.6981357,97852111.84906785,293556335.54720354,4730796.5
Singapore,ssp126,2073,Singapore,4730796.5,27.571129681768777,5134068.722579092,1125.2753364557984,1402.836495315069,847.7141775965283,18.74547344910157,12.580445607667187,24.91050129053586,193875504.16857493,96937752.08428746,290813256.2528624,4730796.5
Singapore,ssp126,2074,Singapore,4730796.5,27.618496210635673,5322026.1797648985,1166.4714914554274,1459.4812084395585,873.4617744712963,19.431742315690883,12.923580040961843,25.939904590419818,200973256.21343502,100486628.10671751,301459884.3201525,4730796.5
Singapore,ssp126,2075,Singapore,4730796.5,27.555793292495494,5117744.6158821825,1121.697450056476,1397.916901516,845.4779985969517,18.685870992414277,12.55064437932355,24.821097605504928,193259064.3453124,96629532.1726562,289888596.5179686,4730796.5
Singapore,ssp126,2076,Singapore,4730796.5,27.618006393382508,5358019.29922061,1174.36039434983,1470.328449919362,878.3923387802979,19.56316012514479,12.989288945688799,26.137031304600683,202332448.02759713,101166224.01379856,303498672.04139566,4730796.5
Singapore,ssp126,2077,Singapore,4730796.5,27.595695908498662,5234959.268341208,1147.388332787221,1433.2418652707747,861.5348003036673,19.113844257721837,12.764631011977329,25.46305750346626,197685388.0019267,98842694.00096335,296528082.00289005,4730796.5
Singapore,ssp126,2078,Singapore,4730796.5,27.589017760157567,5176091.083287551,1134.48571688505,1415.5007684052894,853.4706653648104,18.898905179273857,12.657161472753335,25.140648885794292,195462375.4803818,97731187.7401909,293193563.2205727,4730796.5
Singapore,ssp126,2079,Singapore,4730796.5,27.605362873854943,5275701.187077783,1156.318068400717,1445.5202517393318,867.1158850621024,19.262600847711152,12.839009306971981,25.68619238845023,199223906.56540236,99611953.28270118,298835859.8481035,4730796.5
Singapore,ssp126,2080,Singapore,4730796.5,27.582375903919484,5211650.088471277,1142.2794714458664,1426.217180926412,858.3417619653208,19.028737953933895,12.722077860083353,25.33539804778435,196805174.03455925,98402587.01727962,295207761.0518389,4730796.5
Singapore,ssp126,2081,Singapore,4730796.5,27.59307806846822,5216199.231901584,1143.2765439785367,1427.5881556588336,858.9649322982395,19.045347752516044,12.730382759374425,25.360312745657566,196976961.27071512,98488480.63535756,295465441.9060727,4730796.5
Singapore,ssp126,2082,Singapore,4730796.5,27.610459862674,5257094.456546687,1152.2398808870523,1439.9127439080428,864.5670178660619,19.194664091895792,12.805040929064301,25.58428725472719,198521269.0555499,99260634.52777494,297781903.58332485,4730796.5
Singapore,ssp126,2083,Singapore,4730796.5,27.57506324346824,5205863.961719726,1141.011279281143,1424.4734166999174,857.5491418623685,19.007611691070043,12.711514728651432,25.303708653488574,196586675.15934816,98293337.57967408,294880012.73902225,4730796.5
Singapore,ssp126,2084,Singapore,4730796.5,27.582651324914828,5170311.7504369095,1133.2190137944986,1413.7590516557811,852.6789759332157,18.87780372225036,12.646610744241588,25.10899670025905,195244133.16016346,97622066.58008173,292866199.7402452,4730796.5
Singapore,ssp126,2085,Singapore,4730796.5,27.593107430543547,5187950.252979999,1137.0849869546278,1419.0747647509588,855.0952091582965,18.942205291253355,12.678811528743086,25.20559905376354,195910207.91648307,97955103.95824154,293865311.8747246,4730796.5
Singapore,ssp126,2086,Singapore,4730796.5,27.620066810113542,5316465.006658435,1165.252604199216,1457.8052384622679,872.6999699361642,19.4114374018991,12.913427584065953,25.909447219732147,200763252.16050082,100381626.08025041,301144878.24075127,4730796.5
Singapore,ssp126,2087,Singapore,4730796.5,27.5744114614962,5182092.821529401,1135.8011663627153,1417.3095114370797,854.2928212883513,18.920818681203862,12.668118223718349,25.173519138689308,195689016.3943237,97844508.19716185,293533524.59148556,4730796.5
Singapore,ssp126,2088,Singapore,4730796.5,27.558930904418844,5076425.124778947,1112.6411232393284,1385.4644521424225,839.8177943362343,18.535005574505195,12.475211670369006,24.594799478641306,191698735.17901254,95849367.58950627,287548102.7685188,4730796.5
Singapore,ssp126,2089,Singapore,4730796.5,27.576019703296343,5164128.860238125,1131.8638597783263,1411.8957148835445,851.832004673108,18.855228799645552,12.635323282939181,25.07513431635183,195010651.48719004,97505325.74359502,292515977.2307851,4730796.5
Singapore,ssp126,2090,Singapore,4730796.5,27.57715761167077,5223321.655343391,1144.8376230890694,1429.7346394358162,859.9406067423226,19.07135309189423,12.743385429063522,25.39932075472485,197245922.11060593,98622961.05530296,295868883.1659089,4730796.5
Singapore,ssp126,2091,Singapore,4730796.5,27.572877338576333,5187912.902155248,1137.0768004724903,1419.06350833802,855.0900926069606,18.942068916200444,12.678743341216634,25.205394491184176,195908797.45426074,97954398.72713037,293863196.1813911,4730796.5
Singapore,ssp126,2092,Singapore,4730796.5,27.5686598000034,5194973.0200152835,1138.6242235651007,1421.1912150903593,856.0572320398421,18.967846765902912,12.691632266067867,25.244061265737876,196175405.4767798,98087702.7383899,294263108.21516967,4730796.5
Singapore,ssp126,2093,Singapore,4730796.5,27.601410347134394,5216883.254575677,1143.4264667564198,1427.794299478423,859.0586340344166,19.047845251004794,12.731631508618808,25.3640589933907,197002791.7081261,98501395.85406305,295504187.56218916,4730796.5
Singapore,ssp126,2094,Singapore,4730796.5,27.57103993178301,5087044.257237208,1114.9686043260706,1388.6647386366928,841.2724700154483,18.57377807177881,12.494597919005809,24.652958224551725,192099740.65253174,96049870.32626587,288149610.9787976,4730796.5
Singapore,ssp126,2095,Singapore,4730796.5,27.575220848643742,5170448.757668184,1133.2490427766957,1413.8003415063022,852.6977440470889,18.8783039620319,12.646860864132357,25.109747059931358,195249306.90197983,97624653.45098992,292873960.35296977,4730796.5
Singapore,ssp126,2096,Singapore,4730796.5,27.546558857680242,5158468.030725138,1130.6231300220552,1410.1897114686717,851.0565485754387,18.83456002112514,12.624988893678973,25.04413114857121,194796884.15466174,97398442.07733087,292195326.2319926,4730796.5
Singapore,ssp126,2097,Singapore,4730796.5,27.58730736424055,5240513.990584273,1148.605806155564,1434.9158911522466,862.2957211588817,19.134125618169257,12.774771692201035,25.493479544137394,197895148.45383772,98947574.22691886,296842722.68075657,4730796.5
Singapore,ssp126,2098,Singapore,4730796.5,27.571479366655776,5163810.701049915,1131.7941262576226,1411.7998312925768,851.7884212226683,18.854067139189205,12.634742452711016,25.073391825667322,194998636.98634222,97499318.49317111,292497955.47951335,4730796.5
Sofia,ssp126,2024,Bulgaria,5475487.0,12.69961516929914,28190015.419459764,6178.633516593292,7407.780389954327,4949.486643232258,263.86428040104374,193.87513595659885,333.8534248454884,203551949.4439149,101775974.72195745,305327924.16587234,5475487.0
Sofia,ssp126,2025,Bulgaria,5475487.0,13.130242541357571,36279865.69154623,7951.75138444786,9845.817458254358,6057.685310641362,339.58692506206626,231.7364582871101,447.437391837022,261966418.86119738,130983209.43059869,392949628.2917961,5475487.0
Sofia,ssp126,2026,Bulgaria,5475487.0,12.802983498605675,29469747.989019282,6459.122846907707,7793.453219136647,5124.792474678767,275.84283765076896,199.86441458146146,351.82126072007617,212792528.2596653,106396264.12983266,319188792.389498,5475487.0
Sofia,ssp126,2027,Bulgaria,5475487.0,12.685828895404109,27637454.106739454,6057.524187777883,7241.255062833137,4873.793312722626,258.69219407938226,191.28909279576806,326.0952953629961,199562063.99270383,99781031.99635191,299343095.98905575,5475487.0
Sofia,ssp126,2028,Bulgaria,5475487.0,12.979003544981701,34834022.1763396,7634.854175635448,9410.08379613729,5859.624555133605,326.05353556100226,224.9697635365781,427.1373075854261,251526400.9423699,125763200.47118495,377289601.41355485,5475487.0
Sofia,ssp126,2029,Bulgaria,5475487.0,12.680674851668385,27932447.103751972,6122.180187123091,7330.1570619327995,4914.203312313382,261.4533885562866,192.66969003422025,330.2370870783527,201692123.11898425,100846061.55949213,302538184.6784764,5475487.0
Sofia,ssp126,2030,Bulgaria,5475487.0,12.968269424666927,33684461.10955118,7382.895585654425,9063.640734913384,5702.1504363954655,315.2934100643762,219.58970078826502,410.9971193404869,243225752.90554395,121612876.45277198,364838629.35831594,5475487.0
Sofia,ssp126,2031,Bulgaria,5475487.0,12.776206312957036,28665277.08061201,6282.800456023922,7551.009931671444,5014.590980376402,268.3128262551758,196.09940888366486,340.5262436266865,206983676.46442312,103491838.23221156,310475514.69663465,5475487.0
Sofia,ssp126,2032,Bulgaria,5475487.0,12.859398785701613,31844445.28490725,6979.60444600644,8509.115417897407,5450.093474115476,298.07048754120865,210.97823952668122,385.1627355557356,229939530.72577825,114969765.36288913,344909296.0886674,5475487.0
Sofia,ssp126,2033,Bulgaria,5475487.0,12.761595686547818,30550195.10294275,6695.933173247097,8119.067417853308,5272.7989286408865,285.9560424853441,204.921016998749,366.99106797193883,220594124.42900896,110297062.21450448,330891186.64351344,5475487.0
Sofia,ssp126,2034,Bulgaria,5475487.0,12.806828309120705,30609196.561279126,6708.8649997317825,8136.848679269751,5280.881320193814,286.50830814092785,205.19714982654088,367.81946645531445,221020156.8977998,110510078.4488999,331530235.3466997,5475487.0
Sofia,ssp126,2035,Bulgaria,5475487.0,13.144917785819581,36081054.076948665,7908.176236042915,9785.901629197557,6030.450842888272,337.72600789545317,230.80599970380354,444.64601608710245,260530857.68390566,130265428.84195283,390796286.5258585,5475487.0
Sofia,ssp126,2036,Bulgaria,5475487.0,13.058281155552692,35554726.945843935,7792.81686484188,9627.282493796134,5958.351235887624,332.7994788518174,228.3427351819857,437.2562225216488,256730401.6718226,128365200.8359113,385095602.50773394,5475487.0
Sofia,ssp126,2037,Bulgaria,5475487.0,12.70195536297385,29030187.851986684,6362.780899064946,7660.9830408528505,5064.578757277041,271.72846532690573,197.80722841952985,345.64970223428134,209618591.62077063,104809295.81038532,314427887.4311559,5475487.0
Sofia,ssp126,2038,Bulgaria,5475487.0,12.88540243241939,32812807.04012366,7191.848118382639,8800.95046741468,5582.7457693506,307.1345506112739,215.5102710617139,398.75883016083355,236931790.93238968,118465895.46619484,355397686.3985845,5475487.0
Sofia,ssp126,2039,Bulgaria,5475487.0,13.016269224326244,34589813.320094064,7581.328946869302,9336.486606583841,5826.171287154764,323.7676909751807,223.82684124366733,423.7085407066938,249763039.4109697,124881519.70548485,374644559.11645454,5475487.0
Sofia,ssp126,2040,Bulgaria,5475487.0,13.037685865392723,32723491.08995886,7172.272019716382,8774.033331748577,5570.510707684189,306.2985351438149,215.09226332798443,397.50480695964524,236286866.28435516,118143433.14217758,354430299.42653275,5475487.0
Sofia,ssp126,2041,Bulgaria,5475487.0,12.946553712408685,32874893.725925002,7205.456159106221,8819.661523409604,5591.250794802838,307.7156946237084,215.80084306793117,399.6305461794854,237380100.93652865,118690050.46826433,356070151.40479296,5475487.0
Sofia,ssp126,2042,Bulgaria,5475487.0,13.108075030449255,35503227.49237847,7781.529313397392,9611.762110559965,5951.29651623482,332.3174334883256,228.10171250023973,436.533154476411,256358539.0107984,128179269.5053992,384537808.51619756,5475487.0
Sofia,ssp126,2043,Bulgaria,5475487.0,12.920747172262727,33387856.710110825,7317.886402215443,8974.253107684784,5661.5196967461015,312.51713253286056,218.20156202250723,406.8327030432135,241084058.30831233,120542029.15415616,361626087.4624685,5475487.0
Sofia,ssp126,2044,Bulgaria,5475487.0,12.795655235758698,31919096.46487541,6995.966348465216,8531.613033778222,5460.31966315221,298.7692377756548,211.32761464390433,386.2108609074049,230478565.30893496,115239282.65446748,345717847.96340245,5475487.0
Sofia,ssp126,2045,Bulgaria,5475487.0,13.055578627972169,34425246.292512804,7545.259461372041,9286.891064025107,5803.627858718975,322.22731011109306,223.0566508116235,421.3979694105622,248574748.49378085,124287374.24689043,372862122.7406713,5475487.0
Sofia,ssp126,2046,Bulgaria,5475487.0,13.212265739888872,38577736.395708114,8455.39427851074,10538.326437590815,6372.462119430662,361.095462421355,242.4907269667545,479.70019787595515,278558678.7249284,139279339.3624642,417838018.08739257,5475487.0
Sofia,ssp126,2047,Bulgaria,5475487.0,13.115495776844082,36228797.52844781,7940.55836239889,9830.427052937024,6050.689671860757,339.1089166641685,231.49745408816116,446.7203792401753,261597670.42319438,130798835.21159719,392396505.63479155,5475487.0
Sofia,ssp126,2048,Bulgaria,5475487.0,13.202228390965928,37272217.85409934,8169.253228295118,10144.882493544337,6193.623963045899,348.87554322634605,236.38076736925,461.3703190834418,269131906.8617166,134565953.4308583,403697860.29257494,5475487.0
Sofia,ssp126,2049,Bulgaria,5475487.0,13.15262635601189,36981432.4530619,8105.519441766364,10057.2485370673,6153.790346465427,346.15373270392564,235.01986210803977,457.28760329981117,267032229.56923285,133516114.78461643,400548344.3538493,5475487.0
Sofia,ssp126,2050,Bulgaria,5475487.0,12.888493110626412,31384964.736066822,6878.896380507168,8370.641827835905,5387.15093317843,293.76965610943944,208.8278238107967,378.711488408082,226621754.55374125,113310877.27687062,339932631.8306119,5475487.0
Sofia,ssp126,2051,Bulgaria,5475487.0,13.068967632643469,34321765.102141485,7522.578652523531,9255.704951858406,5789.452353188657,321.25870511297273,222.57234831256338,419.94506191338195,247827540.74247462,123913770.37123731,371741311.11371195,5475487.0
Sofia,ssp126,2052,Bulgaria,5475487.0,13.218136561136925,37109212.80729996,8133.526094750048,10095.757684919865,6171.29450458023,347.3497828202071,235.61788716618048,459.08167847423323,267954894.55606496,133977447.27803248,401932341.83409745,5475487.0
Sofia,ssp126,2053,Bulgaria,5475487.0,13.223527467695638,35682003.28157013,7820.7130480147425,9665.63974565882,5975.786350370664,333.99081125227065,228.9384013822123,439.04322112232853,257649427.286731,128824713.6433655,386474140.9300965,5475487.0
Sofia,ssp126,2054,Bulgaria,5475487.0,13.14496909263631,37738198.735803165,8271.386024284997,10285.31508803042,6257.456960539573,353.2372190963975,238.5616053042757,467.91283288851895,272496620.0576144,136248310.0288072,408744930.0864216,5475487.0
Sofia,ssp126,2055,Bulgaria,5475487.0,12.997108979868699,34000135.95199628,7452.084592217734,9158.775618937936,5745.393565497534,318.2481908228498,221.06709116750187,415.4292904781974,245505149.65698206,122752574.82849103,368257724.4854731,5475487.0
Sofia,ssp126,2056,Bulgaria,5475487.0,13.033478860137597,33469000.022097073,7335.671237719278,8998.707256502557,5672.635218935999,313.2766504440084,218.58132097808118,407.97197990993527,241669970.69939733,120834985.34969866,362504956.049096,5475487.0
Sofia,ssp126,2057,Bulgaria,5475487.0,13.222688280302254,38660364.4631472,8473.504539867252,10563.22804695602,6383.781032778482,361.8688779456578,242.87743472890583,480.8603211624094,279155312.1057814,139577656.0528907,418732968.1586721,5475487.0
Sofia,ssp126,2058,Bulgaria,5475487.0,13.216477375281237,38688985.94210825,8479.777740735426,10571.853698149762,6387.701783321092,362.13678081260196,243.01138616237796,481.2621754628256,279361979.52868986,139680989.76434493,419042969.2930348,5475487.0
Sofia,ssp126,2059,Bulgaria,5475487.0,13.240485030069904,39099445.42891681,8569.74146387155,10695.553817461932,6443.929110281169,365.9787651289982,244.93237832057605,487.02515193742,282325788.78755134,141162894.39377567,423488683.181327,5475487.0
Sofia,ssp126,2060,Bulgaria,5475487.0,13.277373078244748,40332379.0094331,8839.973481518955,11067.122841727112,6612.824121310796,377.5192743186693,250.70263291541158,504.33591572192665,291228445.6366049,145614222.81830245,436842668.45490736,5475487.0
Sofia,ssp126,2061,Bulgaria,5475487.0,13.443466076984313,43084197.63192445,9443.111809736238,11896.438043025877,6989.7855764465985,403.2768565623707,263.5814240372623,542.9722890874787,311098532.14736193,155549266.07368097,466647798.2210429,5475487.0
Sofia,ssp126,2062,Bulgaria,5475487.0,13.39266476715416,41869044.199073106,9176.77681075512,11530.227419426841,6823.326202083401,391.9027731727293,257.89438234244165,525.9111640030167,302324260.6029897,151162130.30149484,453486390.9044845,5475487.0
Sofia,ssp126,2063,Bulgaria,5475487.0,13.454850547333884,42214236.26530958,9252.43534582065,11634.257905141943,6870.612786499356,395.1338411520242,259.50991633208906,530.7577659719591,304816792.6917274,152408396.3458637,457225189.0375911,5475487.0
Sofia,ssp126,2064,Bulgaria,5475487.0,13.24598914613926,39399179.56606486,8635.436617219066,10785.884653314766,6484.988581123366,368.7843376422934,246.33516457722368,491.2335107073628,284490082.31572235,142245041.15786117,426735123.4735835,5475487.0
Sofia,ssp126,2065,Bulgaria,5475487.0,12.841520409547993,30665874.167740352,6721.2874888191745,8153.929601764916,5288.645375873434,287.0388220701051,205.46240679112952,368.6152373490804,221429409.50420436,110714704.75210218,332144114.2563065,5475487.0
Sofia,ssp126,2066,Bulgaria,5475487.0,13.198068595586713,37248528.20521906,8164.06097648574,10137.743147306443,6190.378805665037,348.6538032924816,236.26989740231775,461.0377091826451,268960850.7576502,134480425.3788251,403441276.1364753,5475487.0
Sofia,ssp126,2067,Bulgaria,5475487.0,13.336876322118977,40407727.480701305,8856.488214947603,11089.830600191504,6623.1458297037025,378.22455134156803,251.05527142686097,505.3938312562747,291772515.1585987,145886257.57929936,437658772.7378981,5475487.0
Sofia,ssp126,2068,Bulgaria,5475487.0,13.186276913645337,38995149.14302902,8546.882003950937,10664.12206007109,6429.641947830786,365.002530670989,244.4442610915715,485.56080025040615,281572695.4672274,140786347.7336137,422359043.20084107,5475487.0
Sofia,ssp126,2069,Bulgaria,5475487.0,13.429651177740483,40756497.801563144,8932.931024999514,11194.939464012881,6670.922585986145,381.48911251225593,252.68755201220492,510.2906730123065,294290884.78923786,147145442.39461893,441436327.1838568,5475487.0
Sofia,ssp126,2070,Bulgaria,5475487.0,13.22222409816434,35840884.66533674,7855.536365004686,9713.521806519993,5997.550923489378,335.47797333334427,229.68198242274906,441.2739642439391,258796663.81409097,129398331.90704548,388194995.72113645,5475487.0
Sofia,ssp126,2071,Bulgaria,5475487.0,13.44506378316158,41158598.01053299,9021.062577650437,11316.120348907902,6726.0048063929735,385.2528522871446,254.56942189964926,515.9362826746396,297194334.1201355,148597167.06006774,445791501.1802032,5475487.0
Sofia,ssp126,2072,Bulgaria,5475487.0,13.080734220138515,35317622.773355745,7740.848827036247,9555.82644181339,5925.871212259104,330.5801355516183,227.23306353188613,433.9272075713501,255018341.0073241,127509170.50366205,382527511.51098615,5475487.0
Sofia,ssp126,2073,Bulgaria,5475487.0,13.208438052119913,36787135.671829104,8062.933845879723,9998.693342723169,6127.174349036277,344.3350752962804,234.11053340421716,454.55961718834317,265629268.69808275,132814634.34904137,398443903.04712415,5475487.0
Sofia,ssp126,2074,Bulgaria,5475487.0,13.245600355181066,40570678.11306161,8892.203422040273,11138.939009943924,6645.46783413662,379.74980241748506,251.81789696481948,507.6817078701503,292949134.55332124,146474567.27666062,439423701.82998186,5475487.0
Sofia,ssp126,2075,Bulgaria,5475487.0,13.258157238894997,39304233.15703919,8614.626445377824,10757.270667033057,6471.982223722589,367.8956199342169,245.8908057231854,489.9004341452481,283804501.75245196,141902250.87622598,425706752.62867796,5475487.0
Sofia,ssp126,2076,Bulgaria,5475487.0,13.225323248138432,38778211.10908863,8499.333941717427,10598.743474500012,6399.924408934841,362.9719465309821,243.42896902156798,482.51492404039595,280006248.6576021,140003124.32880104,420009372.9864031,5475487.0
Sofia,ssp126,2077,Bulgaria,5475487.0,13.503028078414138,43882891.99209243,9618.168107855246,12137.140452939515,7099.19576277098,410.75279829103806,267.31939490159596,554.1862016804798,316865673.15821224,158432836.57910612,475298509.7373184,5475487.0
Sofia,ssp126,2078,Bulgaria,5475487.0,13.338888480372649,39694278.582219616,8700.115853636546,10874.818603388801,6525.413103884292,371.54652447994187,247.71625799604786,495.3767909638354,286620906.9755706,143310453.4877853,429931360.4633559,5475487.0
Sofia,ssp126,2079,Bulgaria,5475487.0,13.204558005845124,38342333.57349458,8403.799139395445,10467.383121307288,6340.215157483603,358.8920441059156,241.38901780903478,476.39507040279625,276858903.0187721,138429451.50938606,415288354.5281582,5475487.0
Sofia,ssp126,2080,Bulgaria,5475487.0,13.42072133079198,42066362.53784251,9220.024665827868,11589.693220151868,6850.356111503867,393.74971297374066,258.81785224294725,528.6815737045337,303749039.26734704,151874519.63367352,455623558.9010205,5475487.0
Sofia,ssp126,2081,Bulgaria,5475487.0,13.389180997286033,40731629.6399551,8927.480469030626,11187.444949555662,6667.515988505591,381.25634145945696,252.57116648580543,509.94151643310823,294111318.98556286,147055659.49278143,441166978.4783443,5475487.0
Sofia,ssp126,2082,Bulgaria,5475487.0,13.14963975317389,36822984.117661566,8070.791039486838,10009.49698393295,6132.085095040723,344.6706240436765,234.27830777791524,455.0629403094374,265888119.95889816,132944059.97944908,398832179.9383472,5475487.0
Sofia,ssp126,2083,Bulgaria,5475487.0,13.21572070506608,39486715.11275278,8654.622490465734,10812.265229028935,6496.979751902534,369.6036881709341,246.74483984154398,492.46253650032384,285122151.1851018,142561075.5925509,427683226.77765274,5475487.0
Sofia,ssp126,2084,Bulgaria,5475487.0,13.36611500862719,42204227.17804143,9250.241573268726,11631.241467883048,6869.241678654404,395.04015405855574,259.4630727853548,530.6172353317563,304744519.96696043,152372259.98348022,457116779.95044065,5475487.0
Sofia,ssp126,2085,Bulgaria,5475487.0,13.411208514563079,42185669.423648864,9246.174120251178,11625.64871998392,6866.699520518436,394.86644970132875,259.3762206067413,530.3566787959159,304610519.7889648,152305259.8944824,456915779.68344724,5475487.0
Sofia,ssp126,2086,Bulgaria,5475487.0,13.416383401102669,43140851.165298104,9455.529022530462,11913.511710617935,6997.546334442988,403.80714516254983,263.84656833735187,543.7677219877473,311507610.92896247,155753805.46448123,467261416.3934437,5475487.0
Sofia,ssp126,2087,Bulgaria,5475487.0,13.326463937792719,40979273.97439842,8981.758679319573,11262.077488702964,6701.439869936183,383.5743428202573,253.73016716620563,513.4185184743087,295899487.11156845,147949743.55578423,443849230.6673527,5475487.0
Sofia,ssp126,2088,Bulgaria,5475487.0,13.222323786252545,37714607.3843735,8266.21531712233,10278.205365681755,6254.225268562906,353.0163992466723,238.45119537941312,467.5816031139312,272326273.73101354,136163136.86550677,408489410.5965203,5475487.0
Sofia,ssp126,2089,Bulgaria,5475487.0,12.999839133957815,35350192.24981767,7747.98734242516,9565.641900473147,5930.332784377176,330.8849924785049,227.3854919953294,434.3844929616801,255253515.7785168,127626757.8892584,382880273.6677752,5475487.0
Sofia,ssp126,2090,Bulgaria,5475487.0,13.421632635554168,42178633.713891186,9244.632046879631,11623.528369098043,6865.735724661219,394.80059402637806,259.343292769266,530.2578952834897,304559716.96336895,152279858.48168448,456839575.44505346,5475487.0
Sofia,ssp126,2091,Bulgaria,5475487.0,13.122695931209359,36879305.544390135,8083.135461783511,10026.470564590878,6139.800358976145,345.19780405808103,234.54189778511744,455.8537103310444,266294800.69445223,133147400.34722611,399442201.0416783,5475487.0
Sofia,ssp126,2092,Bulgaria,5475487.0,13.060136094711837,36524699.95185338,8005.413688076824,9919.603125744185,6091.224250409466,341.87862355716106,232.88230753465746,450.8749395796643,263734296.254474,131867148.127237,395601444.381711,5475487.0
Sofia,ssp126,2093,Bulgaria,5475487.0,13.392598650827678,40022850.11829783,8772.131532776977,10973.840162206894,6570.422903347061,374.62202091502735,249.25400621359063,499.99003561646373,288993427.0223082,144496713.5111541,433490140.5334623,5475487.0
Sofia,ssp126,2094,Bulgaria,5475487.0,13.323724352762184,40414232.050819874,8857.913874151673,11091.7908815971,6624.036866706246,378.285435441421,251.08571347678745,505.48515740605416,291819482.7784538,145909741.3892269,437729224.16768074,5475487.0
Sofia,ssp126,2095,Bulgaria,5475487.0,13.543131196040255,45741899.01780999,10025.621702533066,12697.389145621517,7353.854259444617,428.1534823205644,276.0197369163592,580.2872277247693,330289025.30911475,165144512.65455738,495433537.96367216,5475487.0
Sofia,ssp126,2096,Bulgaria,5475487.0,13.37965603144467,41260026.31447935,9043.293438789367,11346.68778297393,6739.899094604804,386.2022418506081,255.044116681381,517.3603670198348,297926718.5722143,148963359.28610715,446890077.8583214,5475487.0
Sofia,ssp126,2097,Bulgaria,5475487.0,13.109581428243018,35726538.878337786,7830.474274703545,9679.061432355924,5981.887117051165,334.4076735000727,229.1468325061133,439.6685144940316,257971005.9523265,128985502.97616325,386956508.92848974,5475487.0
Sofia,ssp126,2098,Bulgaria,5475487.0,13.028270747982134,32703746.40496367,7167.944417525656,8768.082878736326,5567.8059563149845,306.1137208746321,214.99985619339304,397.2275855558708,236144295.62371084,118072147.81185542,354216443.43556625,5475487.0
Stockholm,ssp126,2024,Sweden,8123401.000000001,7.454406006037205,31464342.8680417,6896.294327241447,8346.124376471904,5446.464278010991,97.10092930295082,69.88247671931886,124.3193818865829,787529739.3344511,393764869.66722554,1181294609.0016766,8123401.000000001
Stockholm,ssp126,2025,Sweden,8123401.000000001,7.888535767782256,38509645.951072276,8440.47034543993,10469.366401494815,6411.574289385042,118.84317510329092,80.75359961948891,156.93275058709307,963868578.6288579,481934289.3144289,1445802867.943287,8123401.000000001
Stockholm,ssp126,2026,Sweden,8123401.000000001,7.444173198102913,32613910.26731489,7148.254305164337,8692.569346115877,5603.939264212797,100.6485661703067,71.6562951529968,129.6408371876167,816302579.6919911,408151289.84599555,1224453869.5379868,8123401.000000001
Stockholm,ssp126,2027,Sweden,8123401.000000001,7.501475401123882,33363573.027768467,7312.563951291149,8918.495109540243,5706.632793042055,102.96207231944626,72.81304822756658,133.1110964113261,835066096.2480115,417533048.12400573,1252599144.3720171,8123401.000000001
Stockholm,ssp126,2028,Sweden,8123401.000000001,7.561082704525438,34523604.99706262,7566.817533602197,9268.093785217934,5865.54128198646,106.54200350415222,74.60301381991957,138.48099318838499,864100857.2226584,432050428.6113292,1296151285.8339877,8123401.000000001
Stockholm,ssp126,2029,Sweden,8123401.000000001,7.6195205265911525,34425681.73395989,7545.354900593378,9238.58266483081,5852.127136355948,106.23980619186355,74.45191516377523,138.027697219952,861649908.7890774,430824954.3945387,1292474863.1836162,8123401.000000001
Stockholm,ssp126,2030,Sweden,8123401.000000001,7.5397111636731005,32668917.15641722,7160.310609625122,8709.146764749457,5611.474454500788,100.81832086921463,71.74117250245077,129.8954692359786,817679362.3318841,408839681.1659421,1226519043.497826,8123401.000000001
Stockholm,ssp126,2031,Sweden,8123401.000000001,7.267236889923049,30294693.38657383,6639.932797056708,7993.6272724678865,5286.238321645529,93.49131787437115,68.07767100502903,118.90496474371338,758254258.987816,379127129.493908,1137381388.481724,8123401.000000001
Stockholm,ssp126,2032,Sweden,8123401.000000001,7.471463641406632,34185296.60292402,7492.667748585516,9166.137830819998,5819.197666351034,105.49796264813898,74.08099339191295,136.91493190436515,855633242.8641438,427816621.4320719,1283449864.2962158,8123401.000000001
Stockholm,ssp126,2033,Sweden,8123401.000000001,7.789394088253825,38366802.14680379,8409.162114367384,10426.317583770066,6392.006644964702,118.40235019244477,80.53318716406585,156.2715132208238,960293301.5473403,480146650.77367014,1440439952.3210104,8123401.000000001
Stockholm,ssp126,2034,Sweden,8123401.000000001,7.37710813171656,31669793.210585017,6941.324539305735,8408.040918060298,5474.608160551171,97.73496190519614,70.19949302044151,125.27043078995086,792672012.7767375,396336006.3883687,1189008019.1651063,8123401.000000001
Stockholm,ssp126,2035,Sweden,8123401.000000001,7.714189322146758,36799382.213816226,8065.618019466001,9953.944453280663,6177.291585651337,113.56519428108987,78.11460920838839,149.0157793537915,921061914.5633401,460530957.28167003,1381592871.84501,8123401.000000001
Stockholm,ssp126,2036,Sweden,8123401.000000001,7.617734504553525,35267019.76856142,7729.757757492344,9492.136593066887,5967.378921917802,108.83622796874084,75.75012605221389,141.92232988526794,882707991.1352031,441353995.56760156,1324061986.7028046,8123401.000000001
Stockholm,ssp126,2037,Sweden,8123401.000000001,7.824587216987144,39470087.94275796,8650.978179234051,10758.814672961733,6543.141685506369,121.80715913834192,82.23559163701444,161.3787266396696,987907746.8558985,493953873.42794925,1481861620.2838478,8123401.000000001
Stockholm,ssp126,2038,Sweden,8123401.000000001,7.727038568123602,37131459.90590602,8138.402171156915,10054.02266185567,6222.781680458158,114.5900068010248,78.62701546835586,150.55299813369388,929373578.9571295,464686789.47856474,1394060368.4356942,8123401.000000001
Stockholm,ssp126,2039,Sweden,8123401.000000001,7.769011281544616,36715379.05361545,8047.206367915144,9928.628432398236,6165.784303432052,113.30595527666864,77.98498970617777,148.62692084715965,918959376.2349967,459479688.11749834,1378439064.352495,8123401.000000001
Stockholm,ssp126,2040,Sweden,8123401.000000001,7.844974017934264,38278211.08876263,8389.744896166583,10399.618908743963,6379.870883589201,118.1289526484438,80.39648839206536,155.86141690482236,958075931.4551342,479037965.7275671,1437113897.182701,8123401.000000001
Stockholm,ssp126,2041,Sweden,8123401.000000001,7.875597999085316,39157165.33198894,8582.392401531251,10664.509228620385,6500.275574442119,120.84146039697598,81.75274226633145,159.93017852762065,980075520.2899622,490037760.1449811,1470113280.4349432,8123401.000000001
Stockholm,ssp126,2042,Sweden,8123401.000000001,7.675084884742709,35790866.079610825,7844.573387311391,9650.008084068075,6039.138690554706,110.45285043653368,76.55843728611032,144.3472635869572,895819485.3279232,447909742.6639616,1343729227.9918847,8123401.000000001
Stockholm,ssp126,2043,Sweden,8123401.000000001,7.91772769987074,39511444.14747842,8660.042552871413,10771.278186713105,6548.806919029719,121.93478697177997,82.29940555373345,161.57016838982665,988942862.741203,494471431.3706015,1483414294.1118045,8123401.000000001
Stockholm,ssp126,2044,Sweden,8123401.000000001,7.412785706065626,32805153.033470906,7190.170527883464,8750.204152354678,5630.136903412252,101.23875330353539,71.95138871961115,130.52611788745975,821089247.7756723,410544623.88783616,1231633871.6635084,8123401.000000001
Stockholm,ssp126,2045,Sweden,8123401.000000001,7.615350102315318,35001069.73337044,7671.467338820348,9411.987267392891,5930.947410247803,108.01548953242587,75.3397568340564,140.6912222307955,876051454.1540133,438025727.07700664,1314077181.23102,8123401.000000001
Stockholm,ssp126,2046,Sweden,8123401.000000001,7.9300676022234216,41186673.43079673,9027.21609442063,11276.141806343281,6778.29038249798,127.10464927870666,84.88433670719678,169.32496185021665,1030872639.7700825,515436319.88504124,1546308959.6551237,8123401.000000001
Stockholm,ssp126,2047,Sweden,8123401.000000001,7.622535680595321,36327744.24434841,7962.245313829218,9811.806983030088,6112.683644628347,112.10969001958526,77.38685707763608,146.83252296153452,909257157.3906577,454628578.69532883,1363885736.0859866,8123401.000000001
Stockholm,ssp126,2048,Sweden,8123401.000000001,7.774497392697365,38175099.147988044,8367.145018736535,10368.54407727765,6365.7459601954215,117.81074275245354,80.23738344407022,155.384102060837,955495114.1731381,477747557.0865691,1433242671.2597072,8123401.000000001
Stockholm,ssp126,2049,Sweden,8123401.000000001,7.926853231029294,40609026.58760176,8900.60856714502,11102.056456339316,6699.160677950725,125.32199500499826,83.9930095703426,166.65098043965406,1016414557.179367,508207278.5896835,1524621835.7690504,8123401.000000001
Stockholm,ssp126,2050,Sweden,8123401.000000001,7.6661607901671065,36565363.23157431,8014.326187741745,9883.418184659813,6145.234190823678,112.84299707056752,77.75351060312721,147.93248353800797,915204588.7371746,457602294.3685873,1372806883.105762,8123401.000000001
Stockholm,ssp126,2051,Sweden,8123401.000000001,7.542988272418948,33674483.16479385,7380.708638858356,9012.194054945154,5749.223222771559,103.92156044101556,73.29279228835124,134.55032859368,842847952.0520539,421423976.02602696,1264271928.078081,8123401.000000001
Stockholm,ssp126,2052,Sweden,8123401.000000001,7.937951352248577,41095684.59836621,9007.27333662764,11248.72051437792,6765.826158877362,126.8238520530266,84.74393809435674,168.90376601169655,1028595255.1195632,514297627.5597816,1542892882.679345,8123401.000000001
Stockholm,ssp126,2053,Sweden,8123401.000000001,7.894273534046538,39444412.24055652,8645.350628066612,10751.076790106505,6539.624466026719,121.72792231605322,82.19597322587008,161.25987140623653,987265102.6046985,493632551.30234927,1480897653.9070477,8123401.000000001
Stockholm,ssp126,2054,Sweden,8123401.000000001,7.908611212438038,38993362.932930365,8546.490505847181,10615.144122054788,6477.836889639575,120.33595595223534,81.49999004396113,159.17192186050974,975975664.7431939,487987832.37159693,1463963497.114791,8123401.000000001
Stockholm,ssp126,2055,Sweden,8123401.000000001,7.86465983142358,39122558.40842621,8574.807322394216,10654.079744806959,6495.5348999814705,120.73466126716895,81.69934270142792,159.76997983291014,979209334.0293171,489604667.0146586,1468814001.0439758,8123401.000000001
Stockholm,ssp126,2056,Sweden,8123401.000000001,7.7938880475487196,38956879.670663595,8538.49417439145,10604.149166303157,6472.839182479743,120.2233663238753,81.4436952297811,159.0030374179696,975062515.0822101,487531257.54110503,1462593772.623315,8123401.000000001
Stockholm,ssp126,2057,Sweden,8123401.000000001,7.885011168668248,39092124.363148704,8568.136846716954,10644.907840750726,6491.365852683183,120.64073990064662,81.65238201816678,159.6290977831266,978447591.8933125,489223795.9466562,1467671387.8399687,8123401.000000001
Stockholm,ssp126,2058,Sweden,8123401.000000001,7.845208416926738,40118634.2231556,8793.125309184219,10954.266976643215,6631.9836417252245,123.80861350802905,83.23631882185798,164.38090819420026,1004140391.0681089,502070195.53405446,1506210586.6021633,8123401.000000001
Stockholm,ssp126,2059,Sweden,8123401.000000001,8.137662031557698,43690943.6974282,9576.097248750815,12030.853393547286,7121.341103954347,134.83298389339913,88.74850401454302,180.91746377225536,1093552712.8475535,546776356.4237767,1640329069.2713304,8123401.000000001
Stockholm,ssp126,2060,Sweden,8123401.000000001,7.897451967782947,39268487.67964172,8606.791820194876,10698.058429282868,6515.525211106884,121.18500812192306,81.92451612880498,160.44550011504128,982861838.1163597,491430919.05817986,1474292757.1745396,8123401.000000001
Stockholm,ssp126,2061,Sweden,8123401.000000001,8.230625130101988,46132280.06526988,10111.184671839404,12766.598600294094,7455.7707433847145,142.36710056167607,92.51556234868147,192.21863877467072,1154657595.9673927,577328797.9836963,1731986393.951089,8123401.000000001
Stockholm,ssp126,2062,Sweden,8123401.000000001,7.840694179635105,38608530.044325724,8462.143571358494,10499.167087132842,6425.120055584145,119.14833759749769,80.90618086659231,157.39049432840318,966343575.9460056,483171787.9730028,1449515363.9190083,8123401.000000001
Stockholm,ssp126,2063,Sweden,8123401.000000001,8.106419353022671,44171249.93793214,9681.369849409215,12175.603219452583,7187.136479365846,136.31523898127847,89.48963155848269,183.14084640407432,1105574430.5732718,552787215.2866359,1658361645.8599076,8123401.000000001
Stockholm,ssp126,2064,Sweden,8123401.000000001,7.931036635182392,40704356.29817942,8921.50275028533,11130.785958157245,6712.219542413419,125.6161884520406,84.14010629386374,167.09227061021758,1018800590.8695323,509400295.4347662,1528200886.3042984,8123401.000000001
Stockholm,ssp126,2065,Sweden,8123401.000000001,8.081787518232879,42291466.40811949,9269.362500409181,11609.09311457754,6929.631886240826,130.51410948053925,86.58906680811307,174.43915215296553,1058524808.737937,529262404.3689685,1587787213.1069055,8123401.000000001
Stockholm,ssp126,2066,Sweden,8123401.000000001,8.035260900269272,42092609.11180343,9225.777339572784,11549.163518427491,6902.391160718076,129.90042343116136,86.28222378342414,173.51862307889868,1053547554.4730269,526773777.23651344,1580321331.7095404,8123401.000000001
Stockholm,ssp126,2067,Sweden,8123401.000000001,8.002611217224203,41628252.70984408,9124.00059393786,11409.22049317947,6838.780694696248,128.4673905422457,85.56570733896632,171.36907374552524,1041925049.6672843,520962524.8336421,1562887574.5009265,8123401.000000001
Stockholm,ssp126,2068,Sweden,8123401.000000001,7.980120924501998,41585530.43179461,9114.636806968112,11396.34528609607,6832.928327840157,128.3355469211048,85.49978552839586,171.17130831381385,1040855741.9548308,520427870.9774154,1561283612.9322462,8123401.000000001
Stockholm,ssp126,2069,Sweden,8123401.000000001,8.12088525969449,42407537.63732663,9294.802769824444,11644.073485023524,6945.532054625364,130.87231255087238,86.76816834327965,174.97645675846525,1061429987.6340958,530714993.8170479,1592144981.4511437,8123401.000000001
Stockholm,ssp126,2070,Sweden,8123401.000000001,8.226969571030502,44472647.47612381,9747.429583807389,12266.435354250072,7228.423813364705,137.24537062810066,89.95469738189378,184.53604387430764,1113118192.9103277,556559096.4551638,1669677289.3654914,8123401.000000001
Stockholm,ssp126,2071,Sweden,8123401.000000001,8.139959993688718,42742740.56464502,9368.271904579162,11745.093545311262,6991.450263847062,131.9067697421186,87.28539693890275,176.52814254533462,1069819874.4047279,534909937.20236397,1604729811.607092,8123401.000000001
Stockholm,ssp126,2072,Sweden,8123401.000000001,8.082495012644298,42770849.33372836,9374.432730679619,11753.56468119939,6995.300780159849,131.99351516092491,87.32876964830592,176.65826067354405,1070523416.559797,535261708.2798985,1605785124.8396955,8123401.000000001
Stockholm,ssp126,2073,Sweden,8123401.000000001,7.978228069607015,40051615.49336152,8778.436272517025,10934.06955122582,6622.802993808227,123.60178951774267,83.13290682671479,164.0706722087707,1002462960.7455815,501231480.37279075,1503694441.1183722,8123401.000000001
Stockholm,ssp126,2074,Sweden,8123401.000000001,8.110749492832193,43794166.9810947,9598.721530102379,12061.961780405683,7135.4812797990735,135.15153740051525,88.90778076810108,181.39529403292954,1096136316.961584,548068158.480792,1644204475.4423761,8123401.000000001
Stockholm,ssp126,2075,Sweden,8123401.000000001,8.227104143657263,43228506.06548861,9474.741055448989,11891.488627757273,7057.9934831407045,133.4058724487297,88.0349482922083,178.7767966052512,1081978233.467285,540989116.7336425,1622967350.2009273,8123401.000000001
Stockholm,ssp126,2076,Sweden,8123401.000000001,8.030898752602045,41960369.57603224,9196.793331732526,11509.310507647135,6884.2761558179145,129.49232395589746,86.07817404579218,172.90647386600284,1050237694.5604155,525118847.28020775,1575356541.8406234,8123401.000000001
Stockholm,ssp126,2077,Sweden,8123401.000000001,8.163291189654782,44028776.22390717,9650.142734006482,12132.665935773826,7167.619532239138,135.8755561920626,89.26979016387475,182.48132222025052,1102008416.5828106,551004208.2914053,1653012624.874216,8123401.000000001
Stockholm,ssp126,2078,Sweden,8123401.000000001,7.888204535380007,39926618.110207796,8751.039585798399,10896.399106987712,6605.680064609086,123.21603977824978,82.94003195696834,163.49204759953136,999334366.6737015,499667183.33685076,1499001550.0105524,8123401.000000001
Stockholm,ssp126,2079,Sweden,8123401.000000001,7.99362991377928,41161480.84581564,9021.694431959024,11268.549520458571,6774.839343459476,127.02690338636543,84.84546376102617,169.20834301170484,1030242087.5934006,515121043.7967003,1545363131.390101,8123401.000000001
Stockholm,ssp126,2080,Sweden,8123401.000000001,7.928598268484238,41215114.93848544,9033.449849530487,11284.713219619334,6782.1864794416415,127.19242154965266,84.92822284266978,169.45662025663563,1031584510.131727,515792255.0658635,1547376765.1975904,8123401.000000001
Stockholm,ssp126,2081,Sweden,8123401.000000001,7.889208692862498,39828353.54296839,8729.502146403462,10866.785127819672,6592.219164987249,122.91278918005634,82.78840665787163,163.03717170224118,996874875.6444938,498437437.8222469,1495312313.4667406,8123401.000000001
Stockholm,ssp126,2082,Sweden,8123401.000000001,7.948702200890929,41152916.60039774,9019.81733707291,11265.968514990163,6773.666159155655,127.00047358955246,84.83224886261968,169.16869831648532,1030027730.7263323,515013865.36316615,1545041596.0894985,8123401.000000001
Stockholm,ssp126,2083,Sweden,8123401.000000001,7.877834990619193,39748483.42915562,8711.996368033539,10842.714682561029,6581.278053506048,122.66630501519464,82.66516457544077,162.6674454549486,994875784.4772195,497437892.23860973,1492313676.7158291,8123401.000000001
Stockholm,ssp126,2084,Sweden,8123401.000000001,8.118878155018308,43320804.1309631,9494.9707684297,11919.304483105749,7070.637053753648,133.69071004943928,88.1773670925631,179.20405300631558,1084288387.2737396,542144193.6368698,1626432580.9106092,8123401.000000001
Stockholm,ssp126,2085,Sweden,8123401.000000001,7.934521019186413,39480868.931141704,8653.341135592133,10762.063737954095,6544.618533230169,121.84042994254261,82.25222703911476,161.42863284597058,988177587.1957152,494088793.5978576,1482266380.793573,8123401.000000001
Stockholm,ssp126,2086,Sweden,8123401.000000001,7.777360034850008,39074983.66024977,8564.379980328147,10639.742149466114,6489.017811190178,120.5878426198303,81.6259333777586,159.5497518619021,978018572.5000705,489009286.2500352,1467027858.7501056,8123401.000000001
Stockholm,ssp126,2087,Sweden,8123401.000000001,7.833539515697965,39297328.18271467,8613.113026347852,10706.75008774321,6519.475964952494,121.27401171757077,81.96901792662885,160.5790055085128,983583695.0438211,491791847.52191055,1475375542.5657315,8123401.000000001
Stockholm,ssp126,2088,Sweden,8123401.000000001,7.7006056282015285,37015013.26462029,8112.8796196422345,10018.929153522986,6206.830085761483,114.23064518554565,78.44733466061626,150.01395571047513,926459003.768233,463229501.8841165,1389688505.6523495,8123401.000000001
Stockholm,ssp126,2089,Sweden,8123401.000000001,8.096020204608331,44666000.56248161,9789.808342461154,12324.706147399,7254.9105375233075,137.84207034141338,90.25304723855015,185.43109344427674,1117957680.7819638,558978840.3909819,1676936521.1729457,8123401.000000001
Stockholm,ssp126,2090,Sweden,8123401.000000001,7.970301551020628,41521487.42036793,9100.599982545824,11377.044652515422,6824.155312576227,128.13790618374787,85.40096515971737,170.87484720777846,1039252791.7102765,519626395.85513824,1558879187.5654147,8123401.000000001
Stockholm,ssp126,2091,Sweden,8123401.000000001,7.8512839065588516,39531232.56057738,8664.37973930406,10777.241818057995,6551.517660550124,121.99585525181357,82.32993969375025,161.661770809877,989438152.4052844,494719076.2026422,1484157228.6079266,8123401.000000001
Stockholm,ssp126,2092,Sweden,8123401.000000001,7.857640618762198,39579330.7864503,8674.921816207716,10791.73717380052,6558.106458614909,122.14428938405243,82.40415675986966,161.8844220082353,990642016.2025683,495321008.10128415,1485963024.3038526,8123401.000000001
Stockholm,ssp126,2093,Sweden,8123401.000000001,7.813074634428006,37972982.34753749,8322.845446035044,10307.632164813098,6338.058727256988,117.18699766952602,79.92551090260645,154.44848443644565,950436276.8778064,475218138.4389032,1425654415.3167095,8123401.000000001
Stockholm,ssp126,2094,Sweden,8123401.000000001,8.039561564199218,43762405.63952262,9591.760140168772,12052.389869246974,7131.1304110905685,135.0535199146427,88.8587720251648,181.24826780412067,1095341353.5595489,547670676.7797744,1643012030.3393233,8123401.000000001
Stockholm,ssp126,2095,Sweden,8123401.000000001,7.962991224448748,40078774.684573665,8784.388971960783,10942.25451296099,6626.523430960575,123.68560447986903,83.17481430777798,164.19639465196022,1003142735.6535,501571367.82675,1504714103.48025,8123401.000000001
Stockholm,ssp126,2096,Sweden,8123401.000000001,8.050931077549656,43156503.45293373,9458.959660916411,11869.78921027498,7048.1301115578435,133.18366788464138,87.92384601016414,178.44348975911873,1080176060.1648083,540088030.0824041,1620264090.2472124,8123401.000000001
Stockholm,ssp126,2097,Sweden,8123401.000000001,7.945876962937363,41204923.55837778,9031.216122383601,11281.641844792364,6780.790399974838,127.16097031345541,84.91249722457115,169.40944340233978,1031329427.2605127,515664713.63025635,1546994140.890769,8123401.000000001
Stockholm,ssp126,2098,Sweden,8123401.000000001,7.805708521127778,38273104.365144774,8388.625614277737,10398.0798961468,6379.171332408672,118.11319298007675,80.38860855788184,155.83777740227177,957948113.8574016,478974056.9287008,1436922170.7861023,8123401.000000001
Sydney,ssp126,2024,Australia,20101077.5,16.483998356269307,233245686.7237371,51122.34229561123,52818.34661264033,49426.33797858214,1596.944939776857,1526.3058834712822,1667.5839960824323,6823116316.351012,3411558158.175506,10234674474.526518,20101077.5
Sydney,ssp126,2025,Australia,20101077.5,16.722245957629607,238165800.88131508,52200.7234808338,54301.120742321364,50100.32621934624,1630.631099282887,1543.1489632242972,1718.1132353414773,6967043999.037995,3483521999.5189977,10450565998.556993,20101077.5
Sydney,ssp126,2026,Australia,20101077.5,16.63352137901252,236840531.67623603,51910.25351807675,53901.724543530414,49918.78249262309,1621.5574826144684,1538.6121548900878,1704.5028103388493,6928276011.240463,3464138005.6202316,10392414016.860695,20101077.5
Sydney,ssp126,2027,Australia,20101077.5,16.544253159343416,234626917.34025627,51425.07777320448,53234.60789433104,49615.54765207792,1606.401703049517,1531.034265107612,1681.7691409914223,6863521338.577119,3431760669.2885594,10295282007.865679,20101077.5
Sydney,ssp126,2028,Australia,20101077.5,16.71819062668933,238141907.7736567,52195.48663531964,54293.920079739386,50097.05319089989,1630.4675122176488,1543.067169691678,1717.86785474362,6966345055.9835615,3483172527.9917808,10449517583.975342,20101077.5
Sydney,ssp126,2029,Australia,20101077.5,16.621600349119543,237623487.44229424,52081.860261322385,54137.68381549316,50026.03670715161,1626.918084416965,1541.2924557913361,1712.5437130425946,6951179749.943682,3475589874.971841,10426769624.915524,20101077.5
Sydney,ssp126,2030,Australia,20101077.5,16.788306354119943,240299514.53365678,52668.38674710048,54944.15773343804,50392.61576076292,1645.2398291072288,1550.4533281364681,1740.0263300779902,7029461343.7709675,3514730671.8854837,10544192015.656452,20101077.5
Sydney,ssp126,2031,Australia,20101077.5,16.713604001257274,238930189.03356475,52368.26061009401,54531.48429505414,50205.03692513388,1635.8645756609794,1545.7657014133433,1725.9634499086158,6989404580.907267,3494702290.4536333,10484106871.3609,20101077.5
Sydney,ssp126,2032,Australia,20101077.5,16.66983258412462,237242560.14952648,51998.36934783905,54022.88380945357,49973.85488622452,1624.3100194141216,1539.9884232899144,1708.6316155383292,6940036516.115287,3470018258.0576434,10410054774.17293,20101077.5
Sydney,ssp126,2033,Australia,20101077.5,16.66217537517677,237278900.17127806,52006.33428411336,54033.83559683075,49978.83297139597,1624.5588257893335,1540.1128264775205,1709.0048251011472,6941099567.6933565,3470549783.8466783,10411649351.540035,20101077.5
Sydney,ssp126,2034,Australia,20101077.5,16.628034785611543,236542415.11226425,51844.912901315816,53811.88119548412,49877.9446071475,1619.5163913300564,1537.591609247882,1701.4411734122316,6919555232.646947,3459777616.3234735,10379332848.97042,20101077.5
Sydney,ssp126,2035,Australia,20101077.5,16.648879597607767,237387992.18724906,52030.24486295632,54066.712642739825,49993.77708317282,1625.3057375342923,1540.48628235,1710.1251927185856,6944290827.195775,3472145413.5978875,10416436240.793663,20101077.5
Sydney,ssp126,2036,Australia,20101077.5,16.841024791848955,240540718.8324543,52721.25344272733,55016.84943992496,50425.6574455297,1646.8912636517543,1551.2790454087308,1742.5034818947784,7036517272.692168,3518258636.346084,10554775909.038252,20101077.5
Sydney,ssp126,2037,Australia,20101077.5,16.880671879190704,241768556.9696456,52990.36865087885,55386.882851133305,50593.8544506244,1655.297806673385,1555.4823169195463,1755.1132964272242,7072435117.713805,3536217558.8569026,10608652676.570707,20101077.5
Sydney,ssp126,2038,Australia,20101077.5,16.71516174493601,238981430.24631387,52379.49156083354,54546.926852321005,50212.05626934608,1636.2154048512516,1545.9411160084794,1726.4896936940243,6990903535.763364,3495451767.881682,10486355303.645046,20101077.5
Sydney,ssp126,2039,Australia,20101077.5,16.80365589713199,240032956.04962745,52609.962969778986,54863.825039620984,50356.10089993699,1643.4148040522985,1549.540815609003,1737.2887924955949,7021663731.01684,3510831865.50842,10532495596.52526,20101077.5
Sydney,ssp126,2040,Australia,20101077.5,16.711110071204338,238904741.15984017,52362.68299393519,54523.81507283577,50201.55091503461,1635.690343700923,1545.6785854333152,1725.7021019685312,6988660156.412795,3494330078.2063975,10482990234.619192,20101077.5
Sydney,ssp126,2041,Australia,20101077.5,16.677140272144122,237457023.23125747,52045.37495479378,54087.51651901633,50003.23339057123,1625.778366966224,1540.7225970659656,1710.8341368664828,6946310186.478789,3473155093.2393947,10419465279.718184,20101077.5
Sydney,ssp126,2042,Australia,20101077.5,16.836121866698736,240584076.68315086,52730.75653329096,55029.91618944995,50431.59687713197,1647.1881184456931,1551.4274728057003,1742.9487640856867,7037785616.225912,3518892808.112956,10556678424.338867,20101077.5
Sydney,ssp126,2043,Australia,20101077.5,16.87502808412681,242607506.87784472,53174.248082812905,55639.71707004262,50708.77909558319,1661.0417791748434,1558.3543031702754,1763.7292551794121,7096976848.314014,3548488424.157007,10645465272.471022,20101077.5
Sydney,ssp126,2044,Australia,20101077.5,16.90747459303103,242007118.2417525,53042.65605298447,55458.77802902853,50626.534076940414,1656.9311454144743,1556.2989862900909,1757.5633045388583,7079413730.399107,3539706865.1995535,10619120595.59866,20101077.5
Sydney,ssp126,2045,Australia,20101077.5,16.891763211191563,242591884.40120015,53170.823978342865,55635.00892639632,50706.63903028941,1660.9348179899453,1558.3008225778265,1763.5688134020652,7096519845.328053,3548259922.6640267,10644779767.99208,20101077.5
Sydney,ssp126,2046,Australia,20101077.5,17.043369886981157,245416438.25626934,53789.90427534433,56486.244334773335,51093.56421591532,1680.2734692179224,1567.9701481918148,1792.5767902440307,7179146279.992898,3589573139.996449,10768719419.989347,20101077.5
Sydney,ssp126,2047,Australia,20101077.5,16.844499470339674,241127181.8375104,52849.79327945196,55193.59171542133,50505.99484348259,1650.9065538868963,1553.2866905263018,1748.5264172474913,7053673025.301966,3526836512.650983,10580509537.95295,20101077.5
Sydney,ssp126,2048,Australia,20101077.5,16.89456506850694,241661102.35065314,52966.81695356544,55354.49926732736,50579.13463980352,1654.5621055658276,1555.1144663657674,1754.0097447658882,7069291756.846501,3534645878.4232507,10603937635.269753,20101077.5
Sydney,ssp126,2049,Australia,20101077.5,16.96272301950694,244200784.38876835,53523.45959205644,56119.882895252485,50927.03628886039,1671.950347279443,1563.8085872225752,1780.0921073363113,7143584860.380428,3571792430.190214,10715377290.570642,20101077.5
Sydney,ssp126,2050,Australia,20101077.5,16.932179985055534,242713474.8702482,53197.47394416161,55671.6526293971,50723.295258926126,1661.7673019127942,1558.7170645392507,1764.8175392863384,7100076721.019638,3550038360.509819,10650115081.529457,20101077.5
Sydney,ssp126,2051,Australia,20101077.5,16.952932194736842,244760036.17164934,53646.035325290635,56288.424528449505,51003.646122131766,1675.7793325750677,1565.7230798703874,1785.8355852797486,7159944605.412899,3579972302.7064495,10739916908.119349,20101077.5
Sydney,ssp126,2052,Australia,20101077.5,16.86808222659533,242721564.19159263,53199.246946100124,55674.090507062545,50724.403385137695,1661.8226864344492,1558.7447568000784,1764.900616068821,7100313357.251711,3550156678.6258554,10650470035.877567,20101077.5
Sydney,ssp126,2053,Australia,20101077.5,16.8702987376875,242894617.12039417,53237.17635515251,55726.243444509586,50748.109265795436,1663.0075143420731,1559.3371707538904,1766.6778579302568,7105375659.919269,3552687829.9596343,10658063489.878902,20101077.5
Sydney,ssp126,2054,Australia,20101077.5,16.887265978362247,241678141.11058027,52970.55147628918,55359.63423607251,50581.46871650586,1654.6787635063356,1555.1727953360216,1754.1847316766507,7069790190.247359,3534895095.1236796,10604685285.371038,20101077.5
Sydney,ssp126,2055,Australia,20101077.5,16.91784067884263,242115512.23340636,53066.413640196275,55491.44471144476,50641.382568947796,1657.6732780511172,1556.6700526084123,1758.6765034938228,7082584570.655303,3541292285.3276515,10623876855.982954,20101077.5
Sydney,ssp126,2056,Australia,20101077.5,16.921037130863013,242913012.0036268,53241.20811038158,55731.78710794955,50750.62911281361,1663.1334571455982,1559.400142155653,1766.8667721355444,7105913763.88031,3552956881.940155,10658870645.820465,20101077.5
Sydney,ssp126,2057,Australia,20101077.5,16.92343081369376,243833834.1348994,53443.032139153656,56009.29514751116,50876.76913079616,1669.437977772006,1562.5524024688568,1776.323553075156,7132850495.6869955,3566425247.8434978,10699275743.530493,20101077.5
Sydney,ssp126,2058,Australia,20101077.5,16.988579236396156,245242333.51238644,53751.74433147958,56433.774411959304,51069.71425099986,1679.08143993052,1567.3741335481136,1790.788746312927,7174053208.66786,3587026604.33393,10761079813.00179,20101077.5
Sydney,ssp126,2059,Australia,20101077.5,17.01005896208735,244510334.55556393,53591.30620395684,56213.17198661554,50969.440421298146,1674.069720115078,1564.8682736403925,1783.271166589764,7152640105.18885,3576320052.594425,10728960157.783276,20101077.5
Sydney,ssp126,2060,Australia,20101077.5,16.996801775977485,244845753.82100427,53664.82275528623,56314.25724469345,51015.38826587901,1676.3662088783756,1566.0165180220415,1786.71589973471,7162452096.548654,3581226048.274327,10743678144.82298,20101077.5
Sydney,ssp126,2061,Australia,20101077.5,17.026702652639575,245570692.93750417,53823.71352054648,56532.73204692629,51114.69499416667,1681.3295926390883,1568.4982099023978,1794.1609753757793,7183658679.116717,3591829339.5583587,10775488018.675076,20101077.5
Sydney,ssp126,2062,Australia,20101077.5,17.048758067851637,246992277.319475,54135.29365906064,56961.15473738326,51309.432580738016,1691.0626428709807,1573.364735018344,1808.7605507236178,7225244166.625363,3612622083.3126817,10837866249.938046,20101077.5
Sydney,ssp126,2063,Australia,20101077.5,17.04449232459384,246177072.05398643,53956.61853237821,56715.47643819491,51197.760626561496,1685.4812409514523,1570.5740340585799,1800.3884478443254,7201397036.047044,3600698518.023522,10802095554.070566,20101077.5
Sydney,ssp126,2064,Australia,20101077.5,17.09164503990082,246822699.72209087,54098.12596648329,56910.04916008941,51286.20277287718,1689.901609242252,1572.7842182039797,1807.0190002805252,7220283527.533375,3610141763.7666874,10830425291.300062,20101077.5
Sydney,ssp126,2065,Australia,20101077.5,16.995138223960627,246571191.26235637,54043.00082462368,56834.25209003244,51251.74955921492,1688.1796260076392,1571.923226586673,1804.4360254286055,7212926171.865112,3606463085.932556,10819389257.797668,20101077.5
Sydney,ssp126,2066,Australia,20101077.5,16.97994876463264,244145314.34495774,53511.30177423493,56103.165895747916,50919.43765272196,1671.5705648833919,1563.6186960245495,1779.5224337422346,7141962199.887497,3570981099.9437485,10712943299.831245,20101077.5
Sydney,ssp126,2067,Australia,20101077.5,17.042521553398277,245996208.60117713,53916.97722765289,56660.9696441976,51172.984811108174,1684.2429373420207,1569.954882253864,1798.5309924301778,7196106252.782289,3598053126.3911443,10794159379.173433,20101077.5
Sydney,ssp126,2068,Australia,20101077.5,17.05951552840402,245764044.23272064,53866.091886621325,56591.0023002792,51141.18147296345,1682.6533957791696,1569.1601114724385,1796.1466800859014,7189314768.177613,3594657384.0888066,10783972152.26642,20101077.5
Sydney,ssp126,2069,Australia,20101077.5,16.972305818908296,245467072.74902976,53801.00224636031,56501.50404492031,51100.50044780031,1680.620144426059,1568.1434857958832,1793.0968030562353,7180627486.520558,3590313743.260279,10770941229.780838,20101077.5
Sydney,ssp126,2070,Australia,20101077.5,17.063418592031685,246253964.79983228,53973.47173694717,56738.64959447724,51208.2938794171,1686.0076964804225,1570.8372618230649,1801.1781311377804,7203646373.027974,3601823186.513987,10805469559.541962,20101077.5
Sydney,ssp126,2071,Australia,20101077.5,17.042754144161254,246342444.3614574,53992.86451757733,56765.314667843704,51220.41436731095,1686.6134825517345,1571.140154858721,1802.0868102447487,7206234658.149417,3603117329.0747085,10809351987.224125,20101077.5
Sydney,ssp126,2072,Australia,20101077.5,17.081800562329175,247347300.4429064,54213.10694638807,57068.14800745848,51358.065885317665,1693.49335183041,1574.5800894980587,1812.4066141627618,7235629627.982409,3617814813.9912043,10853444441.973614,20101077.5
Sydney,ssp126,2073,Australia,20101077.5,17.025893565433705,245110217.7565362,53722.78745348501,56393.958704716766,51051.61620225325,1678.1768933524745,1566.9218602590909,1789.4319264458586,7170188437.653008,3585094218.826504,10755282656.479513,20101077.5
Sydney,ssp126,2074,Australia,20101077.5,17.020435518232084,245518280.21109918,53812.2257996906,56516.936430749454,51107.51516863174,1680.970742538201,1568.3187848519542,1793.6227002244484,7182125454.070881,3591062727.0354404,10773188181.106321,20101077.5
Sydney,ssp126,2075,Australia,20101077.5,16.917236862105167,243684657.75566384,53410.335946444495,55964.33788253606,50856.334010352926,1668.4166235626283,1562.0417253641679,1774.7915217610896,7128486651.701397,3564243325.8506985,10692729977.552095,20101077.5
Sydney,ssp126,2076,Australia,20101077.5,17.005161825994062,244885641.95228526,53673.56535940261,56326.27832535347,51020.85239345175,1676.6393078166711,1566.1530674911894,1787.1255481421538,7163618940.67424,3581809470.33712,10745428411.01136,20101077.5
Sydney,ssp126,2077,Australia,20101077.5,17.11741280043718,247464245.98956823,54238.738847026274,57103.39187083601,51374.08582321654,1694.2940337276584,1574.980430446683,1813.6076370086348,7239050626.152883,3619525313.0764413,10858575939.229324,20101077.5
Sydney,ssp126,2078,Australia,20101077.5,17.1335853675219,248591986.36651033,54485.914820054684,57443.25883375007,51528.5708063593,1702.0152452691734,1578.8410362174404,1825.189454320907,7272040319.872861,3636020159.9364305,10908060479.809292,20101077.5
Sydney,ssp126,2079,Australia,20101077.5,17.0537765066665,247048487.476887,54147.6136935619,56978.09478482249,51317.1326023013,1691.4474925447473,1573.5571598552274,1809.337825234268,7226888477.598783,3613444238.7993913,10840332716.398174,20101077.5
Sydney,ssp126,2080,Australia,20101077.5,17.043945997575396,245227485.34030497,53748.48993759871,56429.29962037311,51067.680254824314,1678.979780115912,1567.3233036408096,1790.636256591015,7173618856.347693,3586809428.1738467,10760428284.52154,20101077.5
Sydney,ssp126,2081,Australia,20101077.5,17.033832723101845,245357584.22334766,53777.0047612793,56468.50750293392,51085.502019624684,1679.8705179291765,1567.7686725474418,1791.9723633109115,7177424627.953147,3588712313.9765735,10766136941.92972,20101077.5
Sydney,ssp126,2082,Australia,20101077.5,16.995623545651835,245076650.47675753,53715.43024147872,56383.842538208126,51047.01794474932,1677.9470708921426,1566.806949028925,1789.0871927553608,7169206496.861003,3584603248.4305015,10753809745.291504,20101077.5
Sydney,ssp126,2083,Australia,20101077.5,16.996774212190573,245836643.13744602,53882.00397532826,56612.88142225124,51151.12652840528,1683.1504530030911,1569.4086400843992,1796.8922659217837,7191438497.787961,3595719248.8939805,10787157746.681942,20101077.5
Sydney,ssp126,2084,Australia,20101077.5,17.00454869564495,245798262.20603245,53873.5917163883,56601.31456620879,51145.868866567806,1682.8876732918527,1569.27725022878,1796.4980963549262,7190315743.652426,3595157871.826213,10785473615.478638,20101077.5
Sydney,ssp126,2085,Australia,20101077.5,17.02710327270889,244825629.83115268,53660.41201778451,56308.19248062858,51012.63155494044,1676.2284275362506,1565.947627350979,1786.5092277215226,7161863411.178153,3580931705.5890765,10742795116.76723,20101077.5
Sydney,ssp126,2086,Australia,20101077.5,17.141149870620925,249374870.0203427,54657.505757880965,57679.196373261206,51635.81514250072,1707.3753533465526,1581.52109025613,1833.229616436976,7294941949.083244,3647470974.541622,10942412923.624866,20101077.5
Sydney,ssp126,2087,Australia,20101077.5,17.005552802204182,245538149.752234,53816.58076761056,56522.9245116394,51110.23702358172,1681.1067817662642,1568.3868044659857,1793.8267590665432,7182706696.074623,3591353348.0373116,10774060044.111935,20101077.5
Sydney,ssp126,2088,Australia,20101077.5,16.92542555484247,242644586.68778303,53182.37516444322,55650.89180728431,50713.85852160213,1661.29565059978,1558.4812388827438,1764.110062316817,7098061540.853247,3549030770.4266233,10647092311.27987,20101077.5
Sydney,ssp126,2089,Australia,20101077.5,16.992824837831048,245527487.86268184,53814.24391510597,56519.711339445596,51108.77649076635,1681.033783843739,1568.350305504723,1793.7172621827553,7182394804.722682,3591197402.361341,10773592207.084023,20101077.5
Sydney,ssp126,2090,Australia,20101077.5,17.004286225251477,244897654.77793655,53676.198307490566,56329.89862897441,51022.497986006725,1676.7215550873743,1566.1941911265408,1787.2489190482083,7163970350.845455,3581985175.4227276,10745955526.268183,20101077.5
Sydney,ssp126,2091,Australia,20101077.5,17.028559005514893,246577842.14193666,54044.45855165498,56836.25646470048,51252.66063860948,1688.2251620629463,1571.9459946143268,1804.5043295115663,7213120729.482103,3606560364.7410517,10819681094.223156,20101077.5
Sydney,ssp126,2092,Australia,20101077.5,17.0316643097787,245681000.33626062,53847.89048465749,56565.97537257892,51129.80559673605,1682.0848256499894,1568.8758264078483,1795.2938248921312,7186885492.108809,3593442746.0544047,10780328238.163214,20101077.5
Sydney,ssp126,2093,Australia,20101077.5,16.97415506168725,245266223.49530837,53756.980492120005,56440.97413283989,51072.98685140012,1679.2450056018704,1567.455916383789,1791.0340948199525,7174752060.314643,3587376030.1573215,10762128090.471964,20101077.5
Sydney,ssp126,2094,Australia,20101077.5,17.05590151611293,246573471.55385715,54043.500614541656,56834.93930116966,51252.06192791366,1688.1952383005157,1571.9310327331116,1804.4594438679205,7212992877.039229,3606496438.5196147,10819489315.558844,20101077.5
Sydney,ssp126,2095,Australia,20101077.5,17.027878626526938,245897603.27034542,53895.365100347306,56631.252969152425,51159.47723154219,1683.567823961282,1569.6173255634947,1797.51832235907,7193221759.39196,3596610879.69598,10789832639.08794,20101077.5
Sydney,ssp126,2096,Australia,20101077.5,16.895282465129057,242396355.55156705,53127.96834006711,55576.08242376716,50679.85425636706,1659.5961059589195,1557.6314665623133,1761.560745355526,7090800056.45226,3545400028.22613,10636200084.67839,20101077.5
Sydney,ssp126,2097,Australia,20101077.5,16.939685185458245,243603553.08819205,53392.559580971225,55939.89538001032,50845.22378193214,1667.8613306003847,1561.764078883046,1773.9585823177242,7126114103.73392,3563057051.86696,10689171155.60088,20101077.5
Sydney,ssp126,2098,Australia,20101077.5,17.023875951225143,246288994.37552994,53981.149452168574,56749.20645290667,51213.09245143048,1686.247530727472,1570.9571789465897,1801.5378825083549,7204671090.238632,3602335545.119316,10807006635.357948,20101077.5
Tallinn,ssp126,2024,Estonia,1075011.4999999998,7.050458492170671,3530453.0516380807,773.7979291263081,859.5835162994213,688.012341953195,22.34663936155969,19.043417668799428,25.649861054319967,47488032.52788733,23744016.263943665,71232048.79183099,1075011.4999999998
Tallinn,ssp126,2025,Estonia,1075011.4999999998,7.423527798057615,3965179.5943664857,869.0804590393832,990.5969949298994,747.5639231488669,25.09831942334103,20.4192576996901,29.777381146991985,53335527.9908959,26667763.99544795,80003291.98634385,1075011.4999999998
Tallinn,ssp126,2026,Estonia,1075011.4999999998,6.854190172638309,3383960.782916977,741.6900346120935,815.4351613423762,667.9449078818109,21.41939012456794,18.579793050303554,24.258987198832344,45517568.81675466,22758784.40837733,68276353.22513199,1075011.4999999998
Tallinn,ssp126,2027,Estonia,1075011.4999999998,7.035682021733692,3603300.244573088,789.7644371668576,881.5374648551768,697.9914094785385,22.80773880834739,19.273967392193278,26.341510224501526,48467898.23267474,24233949.11633737,72701847.3490121,1075011.4999999998
Tallinn,ssp126,2028,Estonia,1075011.4999999998,7.083623658904159,3614482.9789018286,792.2154474306911,884.9076039679479,699.5232908934344,22.87852194225835,19.309358959148756,26.44768492536796,48618316.902399704,24309158.451199852,72927475.35359955,1075011.4999999998
Tallinn,ssp126,2029,Estonia,1075011.4999999998,7.130294781720966,3707311.7816384374,812.5614863866602,912.8834075324055,712.2395652409151,23.466098592274275,19.60314728415672,27.32904990039185,49866954.72292948,24933477.36146474,74800432.08439422,1075011.4999999998
Tallinn,ssp126,2030,Estonia,1075011.4999999998,7.060494771610701,3448687.3178925538,755.8766724149598,834.9417883213172,676.8115565086023,21.829088402116536,18.78464218907785,24.873534615155236,46388203.76172607,23194101.880863033,69582305.64258909,1075011.4999999998
Tallinn,ssp126,2031,Estonia,1075011.4999999998,6.781004387319862,3344405.001157159,733.02027422638,803.5142408120201,662.5263076407399,21.169014669428847,18.454605322734007,23.883424016123712,44985505.02114511,22492752.510572556,67478257.53171767,1075011.4999999998
Tallinn,ssp126,2032,Estonia,1075011.4999999998,6.984558323399565,3630304.322050852,795.6831390797921,889.6756799854618,701.6905981741226,22.978665987341348,19.359430981690256,26.597900992992454,48831129.37918564,24415564.68959282,73246694.06877846,1075011.4999999998
Tallinn,ssp126,2033,Estonia,1075011.4999999998,7.280514913897143,3850235.872525711,843.8873145263367,955.9564212244605,731.8182078282128,24.370762404091348,20.055479190065256,28.686045618117454,51789422.966466404,25894711.483233202,77684134.44969961,1075011.4999999998
Tallinn,ssp126,2034,Estonia,1075011.4999999998,6.898133046920733,3291383.709411708,721.3991691862813,787.5352213818843,655.2631169906782,20.833406840125,18.286801408082084,23.380012272167935,44272316.99959366,22136158.49979683,66408475.49939049,1075011.4999999998
Tallinn,ssp126,2035,Estonia,1075011.4999999998,7.168881556632401,3645922.6015967196,799.1063236377906,894.3825587527097,703.8300885228715,23.077524704722546,19.408860340380855,26.74618906906425,49041210.45270665,24520605.226353325,73561815.67905998,1075011.4999999998
Tallinn,ssp126,2036,Estonia,1075011.4999999998,7.099398714544155,3630892.881791579,795.8121384750201,889.8530541539002,701.7712227961399,22.982391382376033,19.3612936792076,26.603489085544485,48839046.0810093,24419523.04050465,73258569.12151395,1075011.4999999998
Tallinn,ssp126,2037,Estonia,1075011.4999999998,7.237133583239739,3830206.397615874,839.4972926282902,949.9201411146466,729.0744441419338,24.243982230027342,19.992089103033255,28.495875357021454,51520007.0183933,25760003.50919665,77280010.52758995,1075011.4999999998
Tallinn,ssp126,2038,Estonia,1075011.4999999998,7.1436978956122426,3684942.988997791,807.6587373147377,906.1421275585119,709.1753470709634,23.32451128470138,19.532353630370274,27.1166689390325,49566072.67266811,24783036.336334053,74349109.00900216,1075011.4999999998
Tallinn,ssp126,2039,Estonia,1075011.4999999998,7.307060100173284,3747892.229134916,821.4558310434227,925.1131314354539,717.7985306513916,23.722959854007694,19.73157791502343,27.714341792991974,50412801.27081502,25206400.63540751,75619201.90622254,1075011.4999999998
Tallinn,ssp126,2040,Estonia,1075011.4999999998,7.431309918544144,3849969.2653967123,843.828880087104,955.8760738705157,731.7816863036925,24.369074866181673,20.05463542111042,28.68351431125295,51785836.840881705,25892918.420440853,77678755.26132256,1075011.4999999998
Tallinn,ssp126,2041,Estonia,1075011.4999999998,7.512864434566356,4158906.2839196455,911.5411033250073,1048.9803808226325,774.101825827382,26.324547446439613,21.03237171123939,31.616723181639856,55941340.67285467,27970670.336427335,83912011.00928201,1075011.4999999998
Tallinn,ssp126,2042,Estonia,1075011.4999999998,7.275516019635383,3715261.834145323,814.3039636484434,915.2793137673572,713.3286135295295,23.516419883530187,19.628307929784675,27.404531837275712,49973890.673223495,24986945.336611748,74960836.00983524,1075011.4999999998
Tallinn,ssp126,2043,Estonia,1075011.4999999998,7.537129323791909,3986290.413382884,873.7074878648953,996.9591595649784,750.455816164812,25.231944159964463,20.486070068001816,29.97781825192713,53619489.07053006,26809744.53526503,80429233.60579509,1075011.4999999998
Tallinn,ssp126,2044,Estonia,1075011.4999999998,7.058271378288212,3598281.89069671,788.6645239884733,880.0250842348985,697.3039637420483,22.77597423234997,19.258085104194567,26.293863360505384,48400396.48470297,24200198.242351484,72600594.72705445,1075011.4999999998
Tallinn,ssp126,2045,Estonia,1075011.4999999998,7.109419511397422,3645959.692600486,799.1144531728626,894.3937368634337,703.8351694822916,23.077759478920807,19.408977727479986,26.746541230361643,49041709.36283732,24520854.68141866,73562564.04425599,1075011.4999999998
Tallinn,ssp126,2046,Estonia,1075011.4999999998,7.382602959489544,3953692.251129178,866.5626851791513,987.1350558720807,745.990314486222,25.025608212402418,20.38290209422079,29.66831433058406,53181012.03463383,26590506.017316915,79771518.05195075,1075011.4999999998
Tallinn,ssp126,2047,Estonia,1075011.4999999998,7.092979035260407,3663028.0918433364,802.8554721849943,899.5376380051147,706.1733063648738,23.18579699047533,19.462996483257246,26.908597497693428,49271295.95883163,24635647.979415815,73906943.93824744,1075011.4999999998
Tallinn,ssp126,2048,Estonia,1075011.4999999998,7.383219557629983,3886699.606298018,851.8793657641025,966.9454916763887,736.8132398518165,24.60156618379532,20.170881079917244,29.032251287673418,52279895.70470711,26139947.852353554,78419843.55706066,1075011.4999999998
Tallinn,ssp126,2049,Estonia,1075011.4999999998,7.511250683982144,4128163.818882066,904.8030287962226,1039.7155283455536,769.8905292468916,26.129957469110423,20.93507672257479,31.324838215646068,55527824.57213372,27763912.28606686,83291736.85820058,1075011.4999999998
Tallinn,ssp126,2050,Estonia,1075011.4999999998,7.098491493402086,3654557.5745541924,800.9989204503873,896.9848793700302,705.0129615307445,23.13218132350633,19.43618864977275,26.82817399723993,49157359.25023606,24578679.62511803,73736038.87535408,1075011.4999999998
Tallinn,ssp126,2051,Estonia,1075011.4999999998,7.102163813897928,3646219.357331835,799.1713659906926,894.4719919879499,703.8707399934353,23.07940307367239,19.409799524855778,26.749006622489027,49045202.106411114,24522601.053205557,73567803.15961668,1075011.4999999998
Tallinn,ssp126,2052,Estonia,1075011.4999999998,7.530732269540307,4180564.886035961,916.2881941998162,1055.5076307754948,777.0687576241376,26.46163947499503,21.1009177255171,31.822361224472978,56232669.96877343,28116334.984386716,84349004.95316015,1075011.4999999998
Tallinn,ssp126,2053,Estonia,1075011.4999999998,7.412096142699445,3897965.4749212353,854.3485972431638,970.3406849600979,738.3565095262298,24.672875531217716,20.20653575362844,29.13921530880701,52431432.61167318,26215716.30583659,78647148.91750976,1075011.4999999998
Tallinn,ssp126,2054,Estonia,1075011.4999999998,7.559211518937879,4003453.008578389,877.4691525652797,1002.1314485280072,752.8068566025523,25.340577901790986,20.540386938915077,30.14076886466692,53850342.69384301,26925171.346921504,80775514.04076451,1075011.4999999998
Tallinn,ssp126,2055,Estonia,1075011.4999999998,7.474175019781528,4083678.648193459,895.0528543987198,1026.3090385489872,763.7966702484523,25.848380557655872,20.794288266847516,30.902472848464242,54929455.69375745,27464727.846878726,82394183.54063618,1075011.4999999998
Tallinn,ssp126,2056,Estonia,1075011.4999999998,7.39600201915477,4011436.442339532,879.2189462663522,1004.5374148669819,753.9004776657225,25.39111048571654,20.565653230877853,30.21656774055524,53957727.65452318,26978863.82726159,80936591.48178476,1075011.4999999998
Tallinn,ssp126,2057,Estonia,1075011.4999999998,7.4301003525888225,3938026.689275012,863.1291373754985,982.4139276420581,743.844347108939,24.92645021312277,20.33332309458097,29.519577331664586,52970294.96800893,26485147.484004464,79455442.45201339,1075011.4999999998
Tallinn,ssp126,2058,Estonia,1075011.4999999998,7.474782821011449,4077009.8974059164,893.5912103904911,1024.299278037673,762.8831427433095,25.806169496734906,20.773182736387035,30.83915625708279,54839754.49969336,27419877.24984668,82259631.74954003,1075011.4999999998
Tallinn,ssp126,2059,Estonia,1075011.4999999998,7.625712944847012,4086645.0457465067,895.7030237254152,1027.2030213731935,764.2030260776369,25.86715690600306,20.803676441021114,30.930637370985025,54969356.630387776,27484678.315193888,82454034.94558166,1075011.4999999998
Tallinn,ssp126,2060,Estonia,1075011.4999999998,7.386586790970409,3848088.739645652,843.4167100594743,955.3093400825248,731.5240800364239,24.357171739258753,20.04868385764896,28.665659620868567,51760541.937726304,25880270.968863152,77640812.90658945,1075011.4999999998
Tallinn,ssp126,2061,Estonia,1075011.4999999998,7.685575837956984,4331215.314538486,949.3074662003695,1100.9091297762557,797.7058026244833,27.415208534311013,21.57770225517509,33.25271481344695,58259064.97939317,29129532.489696585,87388597.46908975,1075011.4999999998
Tallinn,ssp126,2062,Estonia,1075011.4999999998,7.246768096975934,3821167.3519010604,837.5161319236736,947.1960451457987,727.8362187015484,24.18676795984527,19.96348196794222,28.410053951748335,51398423.04867393,25699211.524336964,77097634.57301089,1075011.4999999998
Tallinn,ssp126,2063,Estonia,1075011.4999999998,7.679196349961109,4244923.82937618,930.3942639730147,1074.9034767136427,785.8850512323867,26.869011014986867,21.304603495513014,32.433418534460735,57098360.44818147,28549180.224090736,85647540.6722722,1075011.4999999998
Tallinn,ssp126,2064,Estonia,1075011.4999999998,7.528674220599134,4040595.7529629557,885.6100280468287,1013.3251523151371,757.8949037785203,25.575679601635215,20.65793778883719,30.493421414433264,54349948.7862369,27174974.39311845,81524923.17935535,1075011.4999999998
Tallinn,ssp126,2065,Estonia,1075011.4999999998,7.588770474736094,4075378.2920092116,893.2335982487477,1023.8075613427757,762.6596351547198,25.79584195609148,20.76801896606532,30.823664946117646,54817807.81777518,27408903.90888759,82226711.72666277,1075011.4999999998
Tallinn,ssp126,2066,Estonia,1075011.4999999998,7.545733785520009,3952524.8809508923,866.3068232222668,986.7832456813644,745.8304007631691,25.018219132305887,20.379207554172527,29.657230710439272,53165309.768610835,26582654.884305418,79747964.65291625,1075011.4999999998
Tallinn,ssp126,2067,Estonia,1075011.4999999998,7.5712959528988,4086268.6774572646,895.6205320455813,1027.0895953134218,764.1514687777408,25.864774615032523,20.802485295535845,30.927063934529222,54964294.11028042,27482147.05514021,82446441.16542062,1075011.4999999998
Tallinn,ssp126,2068,Estonia,1075011.4999999998,7.550267621243434,4090481.084044278,896.543799242735,1028.359087709508,764.7285107759617,25.891437802297,20.815816889168083,30.967058715425928,55020955.08214406,27510477.54107203,82531432.6232161,1075011.4999999998
Tallinn,ssp126,2069,Estonia,1075011.4999999998,7.765093026081565,4184623.6278050807,917.1777814368834,1056.7308132264623,777.6247496473045,26.487330013078836,21.113762994559,31.86089703159869,56287263.99915283,28143631.999576416,84430895.99872924,1075011.4999999998
Tallinn,ssp126,2070,Estonia,1075011.4999999998,7.7827093652837975,4247997.032575831,931.0678427564999,1075.829647540935,786.3060379720648,26.888463408938257,21.314329692488712,32.46259712538783,57139698.02479705,28569849.012398526,85709547.03719558,1075011.4999999998
Tallinn,ssp126,2071,Estonia,1075011.4999999998,7.699031159017561,4004654.2488029734,877.7324380939558,1002.4934661299368,752.9714100579748,25.34818136845454,20.544188672246854,30.152174064662248,53866500.544981234,26933250.272490617,80799750.81747185,1075011.4999999998
Tallinn,ssp126,2072,Estonia,1075011.4999999998,7.6930277760907515,4214208.271111528,923.6620868191185,1065.6467331270355,781.6774405112014,26.674591348929972,21.20739366248457,32.141789035375396,56685206.26976606,28342603.13488303,85027809.4046491,1075011.4999999998
Tallinn,ssp126,2073,Estonia,1075011.4999999998,7.6460664506223015,4142629.3580961004,907.9735579390247,1044.0750059169065,771.8721099611429,26.221519708646927,20.980857842343045,31.462181574950833,55722400.16531733,27861200.082658663,83583600.24797599,1075011.4999999998
Tallinn,ssp126,2074,Estonia,1075011.4999999998,7.608439711978942,4182842.4533736105,916.7873870409447,1056.1940209320467,777.3807531498429,26.476055748252797,21.108125862145982,31.84398563435962,56263305.468023166,28131652.734011583,84394958.20203474,1075011.4999999998
Tallinn,ssp126,2075,Estonia,1075011.4999999998,7.868659147213628,4214151.585667271,923.649662612158,1065.629649842465,781.6696753818512,26.67423254818646,21.207214262112814,32.14125083426013,56684443.795324,28342221.897662,85026665.692986,1075011.4999999998
Tallinn,ssp126,2076,Estonia,1075011.4999999998,7.579633483036029,4104214.4167298134,899.5538447628523,1032.4979002996695,766.6097892260351,25.978365408546715,20.85928069229294,31.09745012480051,55205681.7842834,27602840.8921417,82808522.6764251,1075011.4999999998
Tallinn,ssp126,2077,Estonia,1075011.4999999998,7.685531366190182,4079999.4196308306,894.2464481384177,1025.200229941072,763.2926663357634,25.825092216863567,20.782644096451367,30.867540337275788,54879966.48568584,27439983.24284292,82319949.72852877,1075011.4999999998
Tallinn,ssp126,2078,Estonia,1075011.4999999998,7.508829803266182,4131883.3021508865,905.6182580058271,1040.83646850876,770.4000475028944,26.153500609326123,20.946848292682645,31.360152925969636,55577855.24521538,27788927.62260769,83366782.86782306,1075011.4999999998
Tallinn,ssp126,2079,Estonia,1075011.4999999998,7.503970752302682,3963174.8424222735,868.6410613529805,989.9928231110957,747.2892995948653,25.08562998432246,20.412912980180813,29.75834698846413,53308562.12443496,26654281.06221748,79962843.18665245,1075011.4999999998
Tallinn,ssp126,2080,Estonia,1075011.4999999998,7.466865792212761,4080363.4698038176,894.3262399571545,1025.309943691835,763.342536222474,25.82739653809551,20.783796257067337,30.87099681912369,54884863.315130584,27442431.657565292,82327294.97269587,1075011.4999999998
Tallinn,ssp126,2081,Estonia,1075011.4999999998,7.485311113401461,4090259.931598105,896.4953274737106,1028.2924390270996,764.6982159203216,25.89003797800072,20.81511697701994,30.964958978981514,55017980.366320364,27508990.183160182,82526970.54948054,1075011.4999999998
Tallinn,ssp126,2082,Estonia,1075011.4999999998,7.41381209042041,3988819.16663707,874.2617351534839,997.7212495867878,750.8022207201798,25.247950359786167,20.494073167912667,30.001827551659673,53653503.26503522,26826751.63251761,80480254.89755283,1075011.4999999998
Tallinn,ssp126,2083,Estonia,1075011.4999999998,7.551545803753509,4043774.1769129722,886.3066689125856,1014.2830335055528,758.3303043196184,25.595798009304225,20.667996992671696,30.523599025936768,54392701.684439495,27196350.842219748,81589052.52665925,1075011.4999999998
Tallinn,ssp126,2084,Estonia,1075011.4999999998,7.64328115253239,4194697.455107803,919.3857435854254,1059.7667611807074,779.0047259901432,26.551094119960275,21.14564504799972,31.956543191920858,56422766.78920125,28211383.394600626,84634150.18380187,1075011.4999999998
Tallinn,ssp126,2085,Estonia,1075011.4999999998,7.54719887485853,4008505.000417449,878.5764384478134,1003.6539666164911,753.4989102791358,25.37255539534032,20.556375685689744,30.188735104990922,53918296.9051793,26959148.45258965,80877445.35776895,1075011.4999999998
Tallinn,ssp126,2086,Estonia,1075011.4999999998,7.372139717700599,3910593.599961654,857.1164054712008,974.1464212736487,740.086389668753,24.752807526336568,20.246501751187864,29.259113301485286,52601293.19441262,26300646.59720631,78901939.79161893,1075011.4999999998
Tallinn,ssp126,2087,Estonia,1075011.4999999998,7.391648695631819,4064440.7620259696,890.8363314031056,1020.5113194300178,761.1613433761934,25.7266108873117,20.733403431675434,30.71981834294798,54670687.38534857,27335343.692674287,82006031.07802287,1075011.4999999998
Tallinn,ssp126,2088,Estonia,1075011.4999999998,7.387185223680238,3904521.55634924,855.785546597247,972.3164903219624,739.2546028725319,24.714373431105845,20.227284703572504,29.201462158639195,52519618.29310124,26259809.14655062,78779427.43965186,1075011.4999999998
Tallinn,ssp126,2089,Estonia,1075011.4999999998,7.610061532079135,4246617.163767715,930.7654057574609,1075.4137966672563,786.1170148476655,26.87972928043686,21.30996262823801,32.44949593263572,57121137.4452098,28560568.7226049,85681706.1678147,1075011.4999999998
Tallinn,ssp126,2090,Estonia,1075011.4999999998,7.442195447215115,3975639.6271898896,871.3730689732799,993.7493335890075,748.9968043575524,25.164528087723696,20.45236203188143,29.876694143565977,53476225.62139689,26738112.810698446,80214338.43209533,1075011.4999999998
Tallinn,ssp126,2091,Estonia,1075011.4999999998,7.309954554654037,3823764.634387718,838.0853993180094,947.9787878130105,728.1920108230083,24.203207927804193,19.97170195192168,28.434713903686728,51433359.02810955,25716679.514054775,77150038.54216433,1075011.4999999998
Tallinn,ssp126,2092,Estonia,1075011.4999999998,7.385975194505824,3950166.820564014,865.7899880689783,986.0725973455928,745.5073787923639,25.003293363774883,20.371744669907024,29.634842057642754,53133591.55944139,26566795.779720694,79700387.33916208,1075011.4999999998
Tallinn,ssp126,2093,Estonia,1075011.4999999998,7.357949013619459,3867277.32458467,847.6224273063824,961.0922012970234,734.1526533157414,24.47862934858508,20.109412662312124,28.84784603485806,52018647.09658834,26009323.54829417,78027970.64488252,1075011.4999999998
Tallinn,ssp126,2094,Estonia,1075011.4999999998,7.732931029482616,4278928.43148505,937.8473274489315,1085.1514389930285,790.5432159048347,27.084249277285117,21.412222626662142,32.75627592790811,57555755.47013038,28777877.73506519,86333633.20519556,1075011.4999999998
Tallinn,ssp126,2095,Estonia,1075011.4999999998,7.592374365111715,4062434.978733876,890.3967076678522,1019.9068367940444,760.88657854166,25.713914920190696,20.727055448114932,30.700774392266474,54643707.646254,27321853.823127,81965561.469381,1075011.4999999998
Tallinn,ssp126,2096,Estonia,1075011.4999999998,7.624268517640563,4383306.548353531,960.7247229269549,1116.6078577753105,804.8415880785992,27.7449293941942,21.74256268511668,33.74729610327172,58959742.815819405,29479871.407909703,88439614.2237291,1075011.4999999998
Tallinn,ssp126,2097,Estonia,1075011.4999999998,7.524099059045695,4110963.442958895,901.0330833884043,1034.5318534098037,767.5343133670051,26.021084587353812,20.880640281696486,31.161528893011145,55296462.76123178,27648231.38061589,82944694.14184767,1075011.4999999998
Tallinn,ssp126,2098,Estonia,1075011.4999999998,7.462103364345427,3954094.232155336,866.6507906095421,987.2562008388679,746.0453803802162,25.028152623810914,20.38417429992504,29.672130947696807,53186419.07100185,26593209.535500925,79779628.60650277,1075011.4999999998
Tokyo,ssp126,2024,Japan,104212502.5,16.6758524111727,561794049.808162,123132.9424236993,154534.85755510797,91731.02729229064,1639.7240904735215,1082.1643699042456,2197.2838110427983,8443214646.901581,4221607323.4507904,12664821970.352371,104212502.5
Tokyo,ssp126,2025,Japan,104212502.5,16.56168277031073,515948804.92701674,113084.66957303733,140718.48238544777,85450.85676062692,1505.914285099218,1015.259467217094,1996.5691029813424,7754205492.740058,3877102746.370029,11631308239.110086,104212502.5
Tokyo,ssp126,2026,Japan,104212502.5,16.499393734162876,509666090.0746465,111707.636180737,138825.06147103477,84590.2108904392,1487.5767485935799,1006.0906989642749,1969.0627982228855,7659782438.451825,3829891219.2259126,11489673657.677738,104212502.5
Tokyo,ssp126,2027,Japan,104212502.5,16.528886600757886,523580900.6998361,114757.45768762787,143018.56604300975,86496.349332246,1528.190297641121,1026.3974734880453,2029.9831217941971,7868908421.398046,3934454210.699023,11803362632.097069,104212502.5
Tokyo,ssp126,2028,Japan,104212502.5,16.518210140365326,525779807.6178586,115239.40988883829,143681.2503196741,86797.56945800252,1534.6083090946452,1029.6064792148077,2039.6101389744833,7901955839.938277,3950977919.9691386,11852933759.907415,104212502.5
Tokyo,ssp126,2029,Japan,104212502.5,16.632436842247166,550580758.547106,120675.2347500432,151155.5095038308,90194.95999625558,1606.9955419591183,1065.8000956470441,2148.190988271193,8274689855.569852,4137344927.784926,12412034783.354778,104212502.5
Tokyo,ssp126,2030,Japan,104212502.5,16.68015376243145,551946707.3330096,120974.62078530973,151567.1653023223,90382.07626829715,1610.9823750901633,1067.7935122125664,2154.17123796776,8295218728.73965,4147609364.369825,12442828093.109474,104212502.5
Tokyo,ssp126,2031,Japan,104212502.5,16.705046747570908,558820018.4637898,122481.09993726158,153638.57413625607,91323.62573826706,1631.0437015607954,1077.8241754478827,2184.2632276737086,8398517866.977117,4199258933.4885583,12597776800.465675,104212502.5
Tokyo,ssp126,2032,Japan,104212502.5,16.837249087257806,611682749.9895278,134067.45205249183,169569.80829469766,98565.09581028597,1785.3356425320217,1154.9701459334958,2415.7011391305477,9192992976.22004,4596496488.11002,13789489464.33006,104212502.5
Tokyo,ssp126,2033,Japan,104212502.5,16.676382368080088,559555934.1845732,122642.39653359764,153860.3569562182,91424.43611097711,1633.1916394685372,1078.8981444017536,2187.485134535321,8409577959.896799,4204788979.9483995,12614366939.8452,104212502.5
Tokyo,ssp126,2034,Japan,104212502.5,16.436203697015813,499035454.0550212,109377.63376547667,135621.30815005186,83133.9593809015,1456.5488123162422,990.5767308256061,1922.5208938068793,7500014385.056751,3750007192.5283756,11250021577.585127,104212502.5
Tokyo,ssp126,2035,Japan,104212502.5,16.639920034684756,558835793.2773274,122484.55743063967,153643.32818965096,91325.78667162838,1631.089743952646,1077.8471966438078,2184.332291261484,8398754946.983141,4199377473.4915705,12598132420.474712,104212502.5
Tokyo,ssp126,2036,Japan,104212502.5,16.669525973386865,557041921.6447401,122091.38008651095,153102.709341474,91080.05083154792,1625.8539203760613,1075.2292848555157,2176.4785558966073,8371794812.307283,4185897406.1536417,12557692218.460926,104212502.5
Tokyo,ssp126,2037,Japan,104212502.5,16.673982194382347,568750844.3925428,124657.71931890606,156631.42578601727,92684.01285179486,1660.029082447681,1092.3168658913255,2227.7412990040366,8547768459.727457,4273884229.8637285,12821652689.591187,104212502.5
Tokyo,ssp126,2038,Japan,104212502.5,16.561020167748243,529438404.3143851,116041.29409629616,144783.84110492864,87298.74708766368,1545.286758150255,1034.9457037426125,2055.627812557898,7956940967.007117,3978470483.5035586,11935411450.510675,104212502.5
Tokyo,ssp126,2039,Japan,104212502.5,16.666074943214255,556967654.8789368,122075.10243921161,153080.32757643738,91069.87730198583,1625.6371558783758,1075.1209026066729,2176.153409150079,8370678655.514554,4185339327.757277,12556017983.271832,104212502.5
Tokyo,ssp126,2040,Japan,104212502.5,16.749121047157754,590998240.4922798,129533.86092980733,163336.1205010065,95731.60135860817,1724.963183026892,1124.783916180931,2325.142449872854,8882125045.862312,4441062522.931156,13323187568.793468,104212502.5
Tokyo,ssp126,2041,Japan,104212502.5,16.751905883620132,576128809.3077195,126274.80751949274,158854.92206182392,93694.69297716153,1681.5633561093812,1103.0840027221755,2260.042709496587,8658652050.355413,4329326025.177707,12987978075.53312,104212502.5
Tokyo,ssp126,2042,Japan,104212502.5,16.748838394154866,577503608.9043803,126576.13345848686,159269.24522794085,93883.02168903287,1685.5760223506622,1105.0903358428159,2266.0617088585086,8679313942.547123,4339656971.2735615,13018970913.820684,104212502.5
Tokyo,ssp126,2043,Japan,104212502.5,16.956219014296106,637101551.596288,139638.69624027488,177230.26905289936,102047.12342765037,1859.5262135425273,1192.0654314387484,2526.9869956463062,9575012682.740929,4787506341.370464,14362519024.111393,104212502.5
Tokyo,ssp126,2044,Japan,104212502.5,16.792347952430614,611156695.3100336,133952.15239671225,169411.27126800077,98493.03352542373,1783.8002319466523,1154.202440640811,2413.3980232524937,9185086889.324862,4592543444.662431,13777630333.987293,104212502.5
Tokyo,ssp126,2045,Japan,104212502.5,16.898737578284035,625315565.6749974,137055.46644930707,173678.32809031865,100432.6048082955,1825.12612501948,1174.8653871772249,2475.3868628617356,9397880851.257837,4698940425.628919,14096821276.886757,104212502.5
Tokyo,ssp126,2046,Japan,104212502.5,16.825051372778272,612230643.3183312,134187.5382615446,169734.92683214525,98640.14969094397,1786.9347941972192,1155.7697217660943,2418.099866628344,9201227276.637197,4600613638.318599,13801840914.955795,104212502.5
Tokyo,ssp126,2047,Japan,104212502.5,16.78458129932365,586699232.3939521,128591.61257948894,162040.5290193187,95142.69613965917,1712.4155472048758,1118.5100982699228,2306.320996139829,8817515162.302055,4408757581.151028,13226272743.453083,104212502.5
Tokyo,ssp126,2048,Japan,104212502.5,16.90621032847508,642174712.3259029,140750.62187964254,178759.1668070299,102742.07695225516,1874.3333904181716,1199.4690198765707,2549.1977609597725,9651257322.55689,4825628661.278445,14476885983.835335,104212502.5
Tokyo,ssp126,2049,Japan,104212502.5,16.889527273000773,629446882.5759327,137960.96056458057,174923.3824988197,100998.53863034144,1837.1843158282957,1180.894482581633,2493.4741490749593,9459970500.268684,4729985250.134342,14189955750.403027,104212502.5
Tokyo,ssp126,2050,Japan,104212502.5,16.967391439213113,643471521.9458765,141034.8541251162,179149.98614455617,102919.72210567619,1878.1184251214665,1201.361537228218,2554.875313014715,9670747101.740816,4835373550.870408,14506120652.611225,104212502.5
Tokyo,ssp126,2051,Japan,104212502.5,16.76244542144865,598382569.3940607,131152.343976773,165561.5346905843,96743.15326296171,1746.5160314352454,1135.5603403851076,2357.471722485383,8993104280.979431,4496552140.489716,13489656421.469147,104212502.5
Tokyo,ssp126,2052,Japan,104212502.5,16.961672877935875,659373839.660981,144520.2936243172,183942.46545595754,105098.12179267683,1924.5329669998025,1224.5688081673861,2624.497125832219,9909743370.743147,4954871685.371573,14864615056.11472,104212502.5
Tokyo,ssp126,2053,Japan,104212502.5,16.90970520236761,624879072.2351346,136959.79665426866,173546.78212214084,100372.81118639649,1823.8521193426293,1174.2283843387995,2473.475854346459,9391320782.12577,4695660391.062885,14086981173.188656,104212502.5
Tokyo,ssp126,2054,Japan,104212502.5,16.93936001672265,655863145.3237809,143750.8263723281,182884.44798447256,104617.20476018364,1914.28620471928,1219.4454270271249,2609.1269824114356,9856981071.358227,4928490535.679113,14785471607.03734,104212502.5
Tokyo,ssp126,2055,Japan,104212502.5,16.966190061374068,655413728.5079945,143652.32405653934,182749.00730026298,104555.64081281566,1912.9744792217239,1218.789564278347,2607.159394165101,9850226776.536297,4925113388.268148,14775340164.804445,104212502.5
Tokyo,ssp126,2056,Japan,104212502.5,16.883674713329185,629868399.1683044,138053.3477629086,175050.41489652076,101056.28062929647,1838.4146081592348,1181.5096287471024,2495.3195875713677,9466305482.043306,4733152741.021653,14199458223.06496,104212502.5
Tokyo,ssp126,2057,Japan,104212502.5,17.11272715052549,682357659.6980985,149557.84322149362,190869.09615207516,108246.59029091209,1991.616488832828,1258.1105690838988,2725.122408581757,10255167687.795664,5127583843.897832,15382751531.693497,104212502.5
Tokyo,ssp126,2058,Japan,104212502.5,16.888884493070265,627549246.9834601,137545.04043472355,174351.4923202663,100738.5885491808,1831.6456334642157,1178.1251413995928,2485.166125528839,9431450894.846878,4715725447.423439,14147176342.270317,104212502.5
Tokyo,ssp126,2059,Japan,104212502.5,17.180351737897375,706750756.806392,154904.27546440723,198220.44048608135,111588.1104427331,2062.813307281487,1293.7089783082286,2831.9176362547464,10621772059.732988,5310886029.866494,15932658089.599483,104212502.5
Tokyo,ssp126,2060,Japan,104212502.5,17.181432029657223,721470326.7528186,158130.48257595277,202656.4752644565,113604.48988744908,2105.7757299892533,1315.1901896621114,2896.361270316395,10842992787.524975,5421496393.762487,16264489181.287462,104212502.5
Tokyo,ssp126,2061,Japan,104212502.5,17.081157203308198,682605906.8861142,149612.25356407242,190943.91037312098,108280.59675502383,1992.3410548810457,1258.4728521080078,2726.209257654084,10258898600.030537,5129449300.015268,15388347900.045805,104212502.5
Tokyo,ssp126,2062,Japan,104212502.5,16.98465760153212,650518956.2102839,142579.49725156164,181273.87044341868,103885.1240597046,1898.6879696784501,1211.64630950671,2585.729629850191,9776663140.23329,4888331570.116645,14664994710.349934,104212502.5
Tokyo,ssp126,2063,Japan,104212502.5,17.05860377197192,677991136.3020284,148600.79699769744,189553.15759435538,107648.43640103948,1978.8717942128023,1251.738221773886,2706.005366651719,10189543115.398844,5094771557.699422,15284314673.098267,104212502.5
Tokyo,ssp126,2064,Japan,104212502.5,17.136912328825435,708054065.5458415,155189.9321744236,198613.21846235386,111766.64588649332,2066.617311147548,1295.6109802412589,2837.623642053838,10641359514.320866,5320679757.160433,15962039271.481298,104212502.5
Tokyo,ssp126,2065,Japan,104212502.5,17.02708307087061,681816886.0914899,149439.3174994972,190706.12328433007,108172.51171466433,1990.0381177010029,1257.3213835179863,2722.7548518840194,10247040389.833832,5123520194.916916,15370560584.750748,104212502.5
Tokyo,ssp126,2066,Japan,104212502.5,17.10449376590324,690636885.8898655,151372.4681402371,193364.2054153474,109380.73086512675,2015.7812991254173,1270.1929742301936,2761.3696240206414,10379596353.195757,5189798176.597878,15569394529.793636,104212502.5
Tokyo,ssp126,2067,Japan,104212502.5,17.088482583290318,686582565.5165583,150483.84997622453,192142.35543983013,108825.3445126189,2003.9478402468842,1264.276244790927,2743.6194357028417,10318663886.625793,5159331943.312897,15477995829.93869,104212502.5
Tokyo,ssp126,2068,Japan,104212502.5,16.970926996631967,666232411.7653952,146023.5423047367,186009.4323915344,106037.65221793903,1944.5512742597277,1234.5779617973485,2654.524586722107,10012820995.841877,5006410497.9209385,15019231493.762815,104212502.5
Tokyo,ssp126,2069,Japan,104212502.5,17.035012315657795,669498520.7615507,146739.4018107434,186993.7392122936,106485.0644091932,1954.0841584277557,1239.3444038813627,2668.8239129741487,10061907416.967442,5030953708.483721,15092861125.451162,104212502.5
Tokyo,ssp126,2070,Japan,104212502.5,16.955081288177727,634179215.7703147,138998.1842784177,176349.56510534574,101646.80345148963,1850.9967097929973,1187.8006795639835,2514.192740022011,9531092835.854956,4765546417.927478,14296639253.782433,104212502.5
Tokyo,ssp126,2071,Japan,104212502.5,16.947595871051373,639791481.9320383,140228.27001249412,178040.93298970084,102415.60703528741,1867.377388852646,1195.9910190938076,2538.7637586114843,9615439702.602938,4807719851.301469,14423159553.904408,104212502.5
Tokyo,ssp126,2072,Japan,104212502.5,17.071997079602646,676547644.8898308,148284.41531831166,189118.13278519994,107450.69785142335,1974.6586352379425,1249.631642286456,2699.6856281894293,10167848852.45977,5083924426.229885,15251773278.689655,104212502.5
Tokyo,ssp126,2073,Japan,104212502.5,17.101198881586313,680108800.7485214,149064.94262980548,190191.35783850396,107938.527421107,1985.0526809801859,1254.8286651575777,2715.276696802794,10221369539.117567,5110684769.558784,15332054308.67635,104212502.5
Tokyo,ssp126,2074,Japan,104212502.5,17.0367993442416,665881197.6869304,145946.56387658007,185903.58705281903,105989.54070034112,1943.5261758529919,1234.065412593981,2652.9869391120033,10007542592.03446,5003771296.01723,15011313888.05169,104212502.5
Tokyo,ssp126,2075,Japan,104212502.5,17.186056852894435,701997520.6976833,153862.47028989578,196787.95837112813,110936.98220866344,2048.939903392964,1286.7722763639667,2811.107530421961,10550335573.805563,5275167786.9027815,15825503360.708344,104212502.5
Tokyo,ssp126,2076,Japan,104212502.5,16.994432330502747,647056946.11344,141820.70051800684,180230.5249347808,103410.87610123285,1888.5833034592267,1206.5939763970982,2570.5726305213557,9724632517.325523,4862316258.662762,14586948775.988285,104212502.5
Tokyo,ssp126,2077,Japan,104212502.5,17.13774105975642,706049922.6433923,154750.66797662652,198009.2301903829,111492.10576287015,2060.7677629029213,1292.6862061189454,2828.849319686897,10611239208.286613,5305619604.143307,15916858812.42992,104212502.5
Tokyo,ssp126,2078,Japan,104212502.5,17.144332805081422,696711732.0120871,152703.94126291576,195194.9809590306,110212.90156680092,2033.512123323231,1279.0583863291004,2787.9658603173616,10470895343.945715,5235447671.972857,15706343015.918571,104212502.5
Tokyo,ssp126,2079,Japan,104212502.5,17.158671747656253,697564053.3823824,152890.75142626817,195451.84493364015,110329.65791889619,2035.9998176734582,1280.3022335042137,2791.697401842702,10483704899.831903,5241852449.915952,15725557349.747856,104212502.5
Tokyo,ssp126,2080,Japan,104212502.5,17.075019909735428,680758462.0676024,149207.33415179583,190387.14618124068,108027.52212235097,1986.9488657402587,1255.776757537614,2718.120973942903,10231133312.81126,5115566656.40563,15346699969.21689,104212502.5
Tokyo,ssp126,2081,Japan,104212502.5,16.943023678381234,656914072.1341367,143981.16649514582,183201.16565334692,104761.16733694472,1917.3535743520727,1220.9791118435212,2613.7280368606243,9872775472.600193,4936387736.3000965,14809163208.90029,104212502.5
Tokyo,ssp126,2082,Japan,104212502.5,17.156383683633464,702771163.0081295,154032.03572780176,197021.11084824885,111042.96060735469,2051.1979549588023,1287.9013021468859,2814.494607770719,10561962660.43856,5280981330.21928,15842943990.65784,104212502.5
Tokyo,ssp126,2083,Japan,104212502.5,17.088461528496488,669262854.621706,146687.74895817472,186922.71654001166,106452.78137633778,1953.3963130386062,1239.000481186788,2667.7921448904244,10058365585.571407,5029182792.785704,15087548378.357111,104212502.5
Tokyo,ssp126,2084,Japan,104212502.5,16.94472113675018,649703022.4932122,142400.66246425826,181027.97261087655,103773.35231764,1896.3064809948858,1210.4555651649277,2582.157396824844,9764400455.156376,4882200227.578188,14646600682.734564,104212502.5
Tokyo,ssp126,2085,Japan,104212502.5,17.12681406496498,689251723.4162259,151068.8708857407,192946.7591904149,109190.98258106652,2011.7383864637002,1268.171517899335,2755.3052550280654,10358778717.106932,5179389358.553466,15538168075.660397,104212502.5
Tokyo,ssp126,2086,Japan,104212502.5,16.996286555392274,661472889.051233,144980.35924409842,184575.05568315677,105385.6628050401,1930.659521479091,1227.6320854070304,2633.6869575511514,9941290028.388237,4970645014.1941185,14911935042.582355,104212502.5
Tokyo,ssp126,2087,Japan,104212502.5,17.136299061023376,695058118.870544,152341.5055058652,194696.63179308607,109986.37921864433,2028.6856761484385,1276.645162741704,2780.726189555173,10446043157.095829,5223021578.5479145,15669064735.643744,104212502.5
Tokyo,ssp126,2088,Japan,104212502.5,16.90685377330175,641915354.3214419,140693.77628962364,178681.00412075393,102706.54845849336,1873.5763949175655,1199.0905221262674,2548.0622677088636,9647359425.626856,4823679712.813428,14471039138.440285,104212502.5
Tokyo,ssp126,2089,Japan,104212502.5,16.990779990012015,656470110.6973083,143883.85987885465,183067.3690559466,104700.35070176274,1916.0577716224827,1220.3312104787262,2611.7843327662395,9866103166.783907,4933051583.391953,14799154750.175861,104212502.5
Tokyo,ssp126,2090,Japan,104212502.5,17.17523116871367,686151067.9027585,150389.27515676155,192012.31506306856,108766.23525045454,2002.6884160280426,1263.6465326815062,2741.7302993745793,10312178899.8692,5156089449.9346,15468268349.803799,104212502.5
Tokyo,ssp126,2091,Japan,104212502.5,16.986393581180078,655560648.7740464,143684.52575868764,182793.28464071694,104575.76687665837,1913.4032995335554,1219.0039744342625,2607.8026246328486,9852434844.31964,4926217422.15982,14778652266.479458,104212502.5
Tokyo,ssp126,2092,Japan,104212502.5,17.06370397621398,683896763.8449419,149895.18111669214,191332.93575797311,108457.42647541118,1996.1087153848684,1260.356682359919,2731.860748409818,10278298916.5443,5139149458.27215,15417448374.81645,104212502.5
Tokyo,ssp126,2093,Japan,104212502.5,17.091726078307726,676757255.8921762,148330.357455812,189181.3032242629,107479.41168736108,1975.2704327646186,1249.9375410497942,2700.6033244794435,10170999100.643703,5085499550.321852,15256498650.965555,104212502.5
Tokyo,ssp126,2094,Japan,104212502.5,17.197079702810242,710226045.5614341,155665.98258880005,199267.78778212148,112064.1773954786,2072.956730293782,1298.780689814376,2847.132770773189,10674002247.875435,5337001123.937717,16011003371.813152,104212502.5
Tokyo,ssp126,2095,Japan,104212502.5,17.1027745641258,685670951.4839172,150284.04416085116,191867.62244369174,108700.46587801054,2001.2870867357965,1262.9458680353832,2739.62830543621,10304963220.064186,5152481610.032093,15457444830.09628,104212502.5
Tokyo,ssp126,2096,Japan,104212502.5,16.93011789426192,631385350.1762707,138385.83017561358,175507.57821399008,101264.08213723706,1842.8421757219028,1183.7234125284363,2501.9609389153698,9489103770.7996,4744551885.3998,14233655656.199402,104212502.5
Tokyo,ssp126,2097,Japan,104212502.5,17.001153393358464,645670250.1470113,141516.76715550188,179812.61656133653,103220.91774966726,1884.5359149489846,1204.5702821419773,2564.5015477559923,9703791834.341164,4851895917.170582,14555687751.511745,104212502.5
Tokyo,ssp126,2098,Japan,104212502.5,17.088710661296478,681578399.6086388,149387.04648955725,190634.25064566263,108139.84233345184,1989.3420404974142,1256.9733449161918,2721.7107360786363,10243456171.443151,5121728085.721576,15365184257.164726,104212502.5
Toronto,ssp126,2024,Canada,31148251.500000004,8.865320669755258,23034928.790036924,5048.751515625738,7067.479470809014,3030.023560442462,172.96659370301631,80.75303768745047,265.1801497185823,557383917.991692,278691958.995846,836075876.9875379,31148251.500000004
Toronto,ssp126,2025,Canada,31148251.500000004,8.767258126511676,19124246.92986374,4191.615765450794,5888.917814318466,2494.3137165831217,143.60173972079969,66.07061069634216,221.13286874525738,462755833.9585155,231377916.97925776,694133750.9377732,31148251.500000004
Toronto,ssp126,2026,Canada,31148251.500000004,8.90047844946485,21773587.107070316,4772.293064564564,6687.3491005999,2857.237028529228,163.4953261168676,76.01740389437612,250.97324833935892,526862809.131912,263431404.565956,790294213.697868,31148251.500000004
Toronto,ssp126,2027,Canada,31148251.500000004,8.971804075124341,24948276.186064765,5468.115328453759,7644.104713447542,3292.125943459974,187.33369614461554,87.93658890825009,286.7308033809809,603681828.3433061,301840914.17165303,905522742.5149591,31148251.500000004
Toronto,ssp126,2028,Canada,31148251.500000004,8.917736729102336,20990712.666545827,4600.704146093443,6451.414337702109,2749.993954484777,157.61681325021544,73.07814746105004,242.15547903938125,507919333.03383416,253959666.51691708,761878999.5507512,31148251.500000004
Toronto,ssp126,2029,Canada,31148251.500000004,9.139406168743205,30603849.858880512,6707.69311975584,9348.524176487903,4066.8620630237756,229.80073923989565,109.17011045589014,350.43136802390126,740531646.329607,370265823.1648035,1110797469.4944105,31148251.500000004
Toronto,ssp126,2030,Canada,31148251.500000004,8.919721604381044,25755126.960306834,5644.9593337670885,7887.265220753371,3402.653446780806,193.39224450477482,90.96586308832973,295.81862592122,623205467.8509777,311602733.9254888,934808201.7764665,31148251.500000004
Toronto,ssp126,2031,Canada,31148251.500000004,9.260303573013552,34914868.27740316,7652.573869021079,10647.735206727608,4657.41253131455,262.1716737471989,125.35557770954176,398.98776978485597,844846808.6881393,422423404.34406966,1267270213.032209,31148251.500000004
Toronto,ssp126,2032,Canada,31148251.500000004,8.996968638862793,26327516.653651077,5770.414609020621,8059.766224226979,3481.062993814264,197.69025195384825,93.11486681286644,302.26563709482997,637055773.7408832,318527886.8704416,955583660.6113248,31148251.500000004
Toronto,ssp126,2033,Canada,31148251.500000004,9.179743824401573,26330445.329207473,5771.056510512434,8060.648838778222,3481.4641822466465,197.71224303702738,93.125862354456,302.2986237195988,637126639.8881602,318563319.9440801,955689959.8322403,31148251.500000004
Toronto,ssp126,2034,Canada,31148251.500000004,9.075110478816711,28658410.16921423,6281.29537955501,8762.227283711763,3800.363475398257,215.192659508314,101.86607059009931,328.51924842652846,693457187.9570036,346728593.9785018,1040185781.9355054,31148251.500000004
Toronto,ssp126,2035,Canada,31148251.500000004,9.111978079362396,27129486.099439315,5946.188734124893,8301.455646245351,3590.9218220044336,203.71214698796067,96.12581432992265,311.29847964599855,656461298.1024913,328230649.0512456,984691947.1537368,31148251.500000004
Toronto,ssp126,2036,Canada,31148251.500000004,8.979699570330332,24481145.219000526,5365.730458960227,7503.325517893936,3228.1354000265173,183.8260641947733,86.18277293332896,281.4693554562175,592378503.249023,296189251.6245115,888567754.8735344,31148251.500000004
Toronto,ssp126,2037,Canada,31148251.500000004,9.44190960363898,31838036.90216181,6978.1998689681795,9720.47095665487,4235.928781281487,239.0681058037139,113.80379373779927,364.3324178696287,770395685.2415087,385197842.62075436,1155593527.8622632,31148251.500000004
Toronto,ssp126,2038,Canada,31148251.500000004,9.26984750015899,30190087.711372484,6617.005525781477,9223.828734773157,4010.182316789799,226.69384753165428,107.61666460176946,345.77103046153917,730519704.5086982,365259852.2543491,1095779556.7630472,31148251.500000004
Toronto,ssp126,2039,Canada,31148251.500000004,9.015507127708114,26328783.803638577,5770.692340524731,8060.148105045128,3481.236576004332,197.69976683531533,93.11962425359998,302.27990941703115,637086435.3952409,318543217.69762045,955629653.0928614,31148251.500000004
Toronto,ssp126,2040,Canada,31148251.500000004,9.250972458906459,30005663.72359843,6576.583829831,9168.24890284125,3984.918756820751,225.30902931697017,106.9242554944274,343.6938031395129,726057135.2594461,363028567.6297231,1089085702.8891692,31148251.500000004
Toronto,ssp126,2041,Canada,31148251.500000004,9.309409184482856,32134114.72939473,7043.093639320599,9809.69989088945,4276.48738775175,241.2913196766217,114.91540067425316,367.6672386789902,777559979.9904853,388779989.99524266,1166339969.985728,31148251.500000004
Toronto,ssp126,2042,Canada,31148251.500000004,9.133672363398185,30839842.025779653,6759.417430309076,9419.645103498606,4099.189757119548,231.57277689719388,110.05612928453925,353.0894245098485,746242028.150212,373121014.075106,1119363042.225318,31148251.500000004
Toronto,ssp126,2043,Canada,31148251.500000004,9.307843828989363,30409043.385718226,6664.995810569585,9289.815376356804,4040.1762447823667,228.33796015334832,108.43872091261647,348.2371993940803,735817848.5900507,367908924.29502535,1103726772.885076,31148251.500000004
Toronto,ssp126,2044,Canada,31148251.500000004,9.223062865857399,27905888.282157548,6116.359075542588,8535.439865694683,3697.278285390493,209.5420604256098,99.04077104874722,320.0433498024725,675248162.8019758,337624081.4009879,1012872244.2029638,31148251.500000004
Toronto,ssp126,2045,Canada,31148251.500000004,9.13273399444571,27012539.981497996,5920.55670827474,8266.211610701394,3574.901805848088,202.83401222785452,95.68674694986957,309.98127750583967,653631513.5606683,326815756.7803342,980447270.3410025,31148251.500000004
Toronto,ssp126,2046,Canada,31148251.500000004,9.48569525410759,33086099.602926034,7251.7478581767755,10096.599441816692,4406.89627453686,248.43966306124247,118.48957236656355,378.38975375592173,800595478.1035544,400297739.0517772,1200893217.1553316,31148251.500000004
Toronto,ssp126,2047,Canada,31148251.500000004,9.346833231568592,30659414.3386513,6719.871635869985,9365.269636144854,4074.4736355951163,230.21796643796642,109.37872405492553,351.0572088210075,741876158.731538,370938079.365769,1112814238.0973072,31148251.500000004
Toronto,ssp126,2048,Canada,31148251.500000004,9.383471888521942,33519034.534911487,7346.637706283177,10227.072982962993,4466.202429603361,251.6905209719884,120.11500132193652,383.2660406220402,811071350.2377819,405535675.11889094,1216607025.3566728,31148251.500000004
Toronto,ssp126,2049,Canada,31148251.500000004,9.354599908479551,34535174.56223962,7569.3533287112605,10533.30696380161,4605.399693620913,259.32059792400497,123.9300397979448,394.71115605006486,835659232.1810148,417829616.0905074,1253488848.271522,31148251.500000004
Toronto,ssp126,2050,Canada,31148251.500000004,9.592878882781093,37183373.969841495,8149.78059613085,11331.394456503545,4968.166735758157,279.2056184141602,133.87255004302241,424.53868678529835,899738603.7686746,449869301.8843373,1349607905.6530118,31148251.500000004
Toronto,ssp126,2051,Canada,31148251.500000004,9.620987436616169,35222531.05848318,7720.006807339988,10740.455496916107,4699.558117763868,264.48187768738285,126.51067967963374,402.453075695132,852291428.4610788,426145714.2305394,1278437142.6916182,31148251.500000004
Toronto,ssp126,2052,Canada,31148251.500000004,9.726494702714088,39477561.845220655,8652.61629484409,12022.793542234245,5282.439047453931,296.4324075974912,142.4859446346879,450.3788705602946,955251839.2660924,477625919.6330462,1432877758.8991387,31148251.500000004
Toronto,ssp126,2053,Canada,31148251.500000004,9.754624087592378,38067198.608736366,8343.49558547767,11597.752566855423,5089.23860409992,285.84215454647654,137.19081810918058,434.49349098377286,921124805.7636976,460562402.8818488,1381687208.6455464,31148251.500000004
Toronto,ssp126,2054,Canada,31148251.500000004,9.348188897957925,29449654.468711864,6454.718787664081,9000.684469861735,3908.753105466426,221.1340206698122,104.83675117084842,337.43129016877623,712603192.3472247,356301596.17361236,1068904788.5208371,31148251.500000004
Toronto,ssp126,2055,Canada,31148251.500000004,9.53899981515952,34202161.72957091,7496.364214701682,10432.946932038438,4559.7814973649265,256.82004340303735,122.67976253746099,390.960324268614,827601208.6852082,413800604.3426041,1241401813.0278122,31148251.500000004
Toronto,ssp126,2056,Canada,31148251.500000004,9.588082834611997,35306656.13442765,7738.445180149734,10765.808259529509,4711.08210076996,265.11356307107746,126.82652237148105,403.400603770674,854327031.2128245,427163515.60641223,1281490546.8192368,31148251.500000004
Toronto,ssp126,2057,Canada,31148251.500000004,9.772448099140822,39266256.89340241,8606.302880746942,11959.112597850672,5253.493163643215,294.84574335894683,141.69261251541573,447.9988742024778,950138822.2904805,475069411.14524025,1425208233.4357207,31148251.500000004
Toronto,ssp126,2058,Canada,31148251.500000004,9.456794960936435,34928289.035502374,7655.515405042824,10651.779818757506,4659.25099132814,262.27244865449245,125.40596516318854,399.1389321457966,845171555.2849245,422585777.64246225,1267757332.9273868,31148251.500000004
Toronto,ssp126,2059,Canada,31148251.500000004,9.706618908192162,39695414.34163988,8700.364787209946,12088.447719237301,5312.281855182593,298.0682365847996,143.3038591283421,452.83261404125705,960523289.3801863,480261644.69009316,1440784934.0702796,31148251.500000004
Toronto,ssp126,2060,Canada,31148251.500000004,9.348930962838795,32197103.26698355,7056.899346189383,9828.682737834028,4285.11595454474,241.764293258975,115.15188746542981,368.37669905252034,779084134.8159608,389542067.4079804,1168626202.223941,31148251.500000004
Toronto,ssp126,2061,Canada,31148251.500000004,9.723267293193294,37346712.78310889,8185.580883970281,11380.619852282762,4990.541915657801,280.4321105126543,134.48579609226945,426.37842493303907,903690967.959983,451845483.9799915,1355536451.9399745,31148251.500000004
Toronto,ssp126,2062,Canada,31148251.500000004,9.313677029361255,31453532.113438364,6893.924846782218,9604.592801149174,4183.256892415262,236.1809041902778,112.36019293108122,360.0016154494743,761091693.5696139,380545846.78480697,1141637540.354421,31148251.500000004
Toronto,ssp126,2063,Canada,31148251.500000004,9.863918868923045,43717727.818902925,9581.967741130615,13300.651780878217,5863.283701383009,328.2713193600631,158.40540051597387,498.1372382041524,1057852561.1909518,528926280.5954759,1586778841.7864277,31148251.500000004
Toronto,ssp126,2064,Canada,31148251.500000004,9.82151836539676,42785326.10974112,9377.605722684191,13019.654005514389,5735.557439853996,321.2700236726932,154.9047526722889,487.6352946730975,1035290923.4914501,517645461.74572504,1552936385.237175,31148251.500000004
Toronto,ssp126,2065,Canada,31148251.500000004,9.795022956253398,41337501.215192884,9060.274238947593,12583.323215376564,5537.225262518621,310.39847540045804,149.46897853617133,471.32797226474486,1000257417.651482,500128708.825741,1500386126.477223,31148251.500000004
Toronto,ssp126,2066,Canada,31148251.500000004,9.483406771183688,30578276.25430609,6702.0879461504865,9340.817062780545,4063.35882952043,229.6087100258153,109.07409584884996,350.14332420278066,739912833.2199687,369956416.60998434,1109869249.829953,31148251.500000004
Toronto,ssp126,2067,Canada,31148251.500000004,9.777024832085026,42546472.176321745,9325.25417563337,12947.670628319505,5702.837722947232,319.47649734436425,154.00798950812444,484.94500518060426,1029511294.5440158,514755647.2720079,1544266941.8160236,31148251.500000004
Toronto,ssp126,2068,Canada,31148251.500000004,9.552843499284025,37528069.234396294,8225.33024315656,11435.275221163894,5015.385265149225,281.79389495362904,135.16668831275683,428.42110159450124,908079310.9973332,454039655.4986666,1362118966.4959998,31148251.500000004
Toronto,ssp126,2069,Canada,31148251.500000004,9.644145717867964,38827510.05153698,8510.139189379173,11826.88752221999,5193.390856538359,291.5512444947597,140.04536308332217,443.05712590619737,939522317.4184899,469761158.70924497,1409283476.127735,31148251.500000004
Toronto,ssp126,2070,Canada,31148251.500000004,9.620829600138125,35218183.62898815,7719.0539460807995,10739.145312684723,4698.962579476875,264.44923334634865,126.49435750911664,402.4041091835806,852186232.2476575,426093116.12382877,1278279348.3714862,31148251.500000004
Toronto,ssp126,2071,Canada,31148251.500000004,9.492803361860298,32838213.2697041,7197.416607059639,10021.89397153063,4372.93924258865,246.57831349625252,117.55889758406857,375.5977294084366,794597289.1407318,397298644.5703659,1191895933.7110977,31148251.500000004
Toronto,ssp126,2072,Canada,31148251.500000004,9.654462393049597,36139162.32825655,7920.91229112593,11016.700537121778,4825.124045130082,271.3647549847032,129.95211832829392,412.77739164111284,874471463.5355018,437235731.7677509,1311707195.3032527,31148251.500000004
Toronto,ssp126,2073,Canada,31148251.500000004,9.848840528927557,41037380.343290865,8994.494321818383,12492.8758293239,5496.112814312864,308.14490277667335,148.342192224279,467.94761332906785,992995291.9910744,496497645.9955372,1489492937.9866116,31148251.500000004
Toronto,ssp126,2074,Canada,31148251.500000004,9.72795492517132,36948390.78848496,8098.2774330938,11260.5776073276,4935.97725886,277.44115711162243,132.99031939175353,421.8919948314915,894052636.7105399,447026318.35526997,1341078955.06581,31148251.500000004
Toronto,ssp126,2075,Canada,31148251.500000004,9.601205281008621,39230970.09909479,8598.568788843902,11948.47822148399,5248.659356203815,294.5807789360167,141.56013030395067,447.6014275680829,949284975.8625703,474642487.93128514,1423927463.7938554,31148251.500000004
Toronto,ssp126,2076,Canada,31148251.500000004,9.78480175281548,41981040.86736311,9201.324025724625,12777.266672194986,5625.381379254268,315.2307395920813,151.88511063198297,478.5763685521796,1015829363.0210159,507914681.51050794,1523744044.5315237,31148251.500000004
Toronto,ssp126,2077,Canada,31148251.500000004,9.661791145499416,36516180.142814025,8003.546332672772,11130.322344248689,4876.770321096858,274.19573778233837,131.3676097271115,417.02386583756527,883594290.3758239,441797145.1879119,1325391435.5637357,31148251.500000004
Toronto,ssp126,2078,Canada,31148251.500000004,9.574290119761502,36820734.56439005,8070.297986716835,11222.105868559272,4918.490104874398,276.482601413537,132.5110415427108,420.45416128436324,890963696.1285833,445481848.06429166,1336445544.192875,31148251.500000004
Toronto,ssp126,2079,Canada,31148251.500000004,9.665341581540051,38679546.11868274,8477.70873834263,11782.29565204474,5173.121824640519,290.4402005801039,139.48984112599427,441.39056003421337,935941984.3787193,467970992.18935966,1403912976.568079,31148251.500000004
Toronto,ssp126,2080,Canada,31148251.500000004,9.604387301221607,36354551.71981701,7968.120924892607,11081.612408550962,4854.629441234255,272.9820888049008,130.7607852383927,415.2033923714088,879683313.0730491,439841656.53652453,1319524969.6095736,31148251.500000004
Toronto,ssp126,2081,Canada,31148251.500000004,9.554180430827989,34788178.51319438,7624.806249468469,10609.55472984277,4640.057769094169,261.22037508367936,124.879928377782,397.56082178957655,841781253.861043,420890626.9305215,1262671880.7915645,31148251.500000004
Toronto,ssp126,2082,Canada,31148251.500000004,9.745180251383642,38117866.10005559,8354.60078905449,11613.022221773546,5096.17935633543,286.222610829404,137.38104625064432,435.0641754081639,922350824.0893341,461175412.04466707,1383526236.1340013,31148251.500000004
Toronto,ssp126,2083,Canada,31148251.500000004,9.430210454621347,34256798.17028171,7508.339324994459,10449.412708691005,4567.265941297912,257.2303020640451,122.88489186796485,391.5757122601253,828923265.0139289,414461632.50696445,1243384897.5208933,31148251.500000004
Toronto,ssp126,2084,Canada,31148251.500000004,9.298147228241797,29706696.687900804,6511.056808308233,9078.149248247442,3943.964368369021,223.06412071467113,105.80180119327788,340.3264402360644,718822929.3616818,359411464.6808409,1078234394.0425227,31148251.500000004
Toronto,ssp126,2085,Canada,31148251.500000004,9.746038229932696,39711875.25889979,8703.972659486095,12093.408543617003,5314.536775355185,298.1918396926548,143.36566068226972,453.01801870304024,960921599.7305113,480460799.86525565,1441382399.595767,31148251.500000004
Toronto,ssp126,2086,Canada,31148251.500000004,9.728546311823006,41325865.194250464,9057.72387819309,12579.816469339123,5535.6312870470565,310.3111018763196,149.4252917741021,471.1969119785369,999975856.9398412,499987928.4699206,1499963785.4097617,31148251.500000004
Toronto,ssp126,2087,Canada,31148251.500000004,9.615628317899027,39394816.21105361,8634.480265437614,11997.856501800346,5271.104029074885,295.8110802812177,142.17528097655116,449.44687958588423,953249615.330906,476624807.665453,1429874422.996359,31148251.500000004
Toronto,ssp126,2088,Canada,31148251.500000004,9.721760747429041,37643130.35803451,8250.549119570416,11469.951176232946,5031.147062907885,282.65787551136145,135.59867859162304,429.71707243109995,910863483.6981283,455431741.8490642,1366295225.5471926,31148251.500000004
Toronto,ssp126,2089,Canada,31148251.500000004,9.613631194889905,39265207.13776931,8606.072797320507,11958.796233139325,5253.349361501693,294.83786086633154,141.68867126910808,447.987050463555,950113421.0004202,475056710.5002101,1425170131.5006304,31148251.500000004
Toronto,ssp126,2090,Canada,31148251.500000004,9.557806049224048,35951380.88658588,7879.754714869346,10960.108869768974,4799.400559969717,269.9547260402915,129.24710385608807,410.66234822449513,869927652.8452872,434963826.4226436,1304891479.2679307,31148251.500000004
Toronto,ssp126,2091,Canada,31148251.500000004,9.435560296307484,36049939.11584163,7901.356518541838,10989.811349818654,4812.9016872650245,270.6947882888511,129.61713498036787,411.7724415973342,872312499.4612073,436156249.73060364,1308468749.1918108,31148251.500000004
Toronto,ssp126,2092,Canada,31148251.500000004,9.713929702646313,40589148.08630377,8896.25163535546,12357.79213543738,5434.711135273537,304.77917903662905,146.65933035425684,462.8990277190011,982149265.3396821,491074632.66984105,1473223898.0095232,31148251.500000004
Toronto,ssp126,2093,Canada,31148251.500000004,9.637894310586846,36739534.39991774,8052.500690394135,11197.63458611556,4907.36679467271,275.8728788489519,132.20618026041828,419.5395774374856,888998868.4433024,444499434.2216512,1333498302.6649537,31148251.500000004
Toronto,ssp126,2094,Canada,31148251.500000004,9.810111967044724,39797085.63792977,8722.64890694472,12119.088383872611,5326.209430016825,298.8316744906393,143.68557808126195,453.97777090001654,962983463.9259769,481491731.96298844,1444475195.8889654,31148251.500000004
Toronto,ssp126,2095,Canada,31148251.500000004,9.596768291732095,35521823.665422544,7785.605186943133,10830.653268870432,4740.557105015834,266.72923096616427,127.63435631902445,405.82410561330425,859533512.3156604,429766756.1578302,1289300268.4734905,31148251.500000004
Toronto,ssp126,2096,Canada,31148251.500000004,9.648642792775485,36092067.61498886,7910.590162190546,11002.507609835626,4818.672714545467,271.0111262754684,129.77530397367653,412.2469485772606,873331896.9218125,436665948.46090627,1309997845.3827188,31148251.500000004
Toronto,ssp126,2097,Canada,31148251.500000004,9.670891037609318,38138363.93303023,8359.093464774956,11619.19965088919,5098.987278660724,286.37652666653275,137.4580041692087,435.29504916385713,922846817.0467197,461423408.52335984,1384270225.5700796,31148251.500000004
Toronto,ssp126,2098,Canada,31148251.500000004,9.602428726232997,36795076.944905534,8064.674398884613,11214.373435289966,4914.975362479258,276.2899413412954,132.41471150659,420.16517117600097,890342850.0819135,445171425.04095674,1335514275.1228702,31148251.500000004
Vienna,ssp126,2024,Austria,7385005.5,13.760392674635721,3828470.053965496,839.1167241567483,1080.0821084072468,598.1513399062499,17.317816558979473,10.687043665880413,23.94858945207849,96787325.98315856,48393662.99157928,145180988.97473782,7385005.5
Vienna,ssp126,2025,Austria,7385005.5,13.623175964894475,3683228.7100256467,807.2830049370554,1036.310744480169,578.2552653939417,16.66082749659293,10.358549134687141,22.963105858498697,93115488.11999473,46557744.059997365,139673232.17999208,7385005.5
Vienna,ssp126,2026,Austria,7385005.5,13.836570410742365,3719209.712145947,815.1692519771212,1047.1543341602596,583.184169793983,16.823585043483472,10.439927908132413,23.20724217883459,94025121.715747,47012560.8578735,141037682.5736205,7385005.5
Vienna,ssp126,2027,Austria,7385005.5,13.888052856572461,4245618.853520816,930.546598031887,1205.7981849855623,655.2950110782115,19.204759981983234,11.630515377382293,26.779004586584144,107333240.21963735,53666620.109818675,160999860.32945603,7385005.5
Vienna,ssp126,2028,Austria,7385005.5,13.88889582254974,4495662.563611738,985.350698873733,1281.1538236431006,689.5475741043654,20.335815218681695,12.196042995731524,28.47558744163184,113654580.52985951,56827290.26492976,170481870.79478925,7385005.5
Vienna,ssp126,2029,Austria,7385005.5,13.902553190892093,3774879.1667611045,827.3707762763338,1063.931430071677,590.8101224809908,17.075401928394285,10.56583635058782,23.584967506200737,95432497.91960719,47716248.959803596,143148746.8794108,7385005.5
Vienna,ssp126,2030,Austria,7385005.5,14.029759132120736,4038404.185391744,885.1296844693508,1143.3499288370751,626.9094401016264,18.26743892150587,11.161854847143612,25.373022995868112,102094658.39713399,51047329.198566996,153141987.59570098,7385005.5
Vienna,ssp126,2031,Austria,7385005.5,14.084644938672431,3943483.658615444,864.3251854498876,1114.7437426853135,613.906628214462,17.838072556555197,10.947171664668275,24.728973448442126,99694978.14938703,49847489.074693516,149542467.22408056,7385005.5
Vienna,ssp126,2032,Austria,7385005.5,13.885625079052668,4158957.677771458,911.5523677306578,1179.6811183213722,643.4236171399433,18.81275421381531,11.434512493298332,26.19099593433219,105142364.13882546,52571182.06941273,157713546.20823818,7385005.5
Vienna,ssp126,2033,Austria,7385005.5,14.099579839236691,4618415.507095906,1012.2554536099889,1318.1478614054524,706.3630458145252,20.89107957425149,12.47367517351642,29.308483974986565,116757890.4654013,58378945.23270065,175136835.69810197,7385005.5
Vienna,ssp126,2034,Austria,7385005.5,14.048832370659024,4214617.82776829,923.7518526614704,1196.4554101012395,651.0482952217012,19.064529009935736,11.560399891358545,26.568658128512887,106549505.1131777,53274752.55658885,159824257.66976655,7385005.5
Vienna,ssp126,2035,Austria,7385005.5,14.013364150218452,4255477.709412761,932.7074431588887,1208.7693470351896,656.6455392825876,19.24935582716725,11.652813299974301,26.845898354360134,107582481.37487283,53791240.68743642,161373722.06230927,7385005.5
Vienna,ssp126,2036,Austria,7385005.5,13.956739854002748,3944381.4083202556,864.5219525084765,1115.014297390873,614.02960762608,17.842133464564068,10.94920211867271,24.735064810455384,99717674.10680765,49858837.053403825,149576511.16021147,7385005.5
Vienna,ssp126,2037,Austria,7385005.5,14.068464344041736,4348673.877092164,953.1340004584837,1236.855863322133,669.4121375948346,19.67092217432978,11.863596473555567,27.47824787510399,109938568.20183523,54969284.100917615,164907852.30275285,7385005.5
Vienna,ssp126,2038,Austria,7385005.5,14.18076704698004,4263723.444006112,934.5147274533218,1211.2543629400354,657.7750919666083,19.286654830964785,11.67146280187307,26.901846860056466,107790941.30555211,53895470.652776055,161686411.95832816,7385005.5
Vienna,ssp126,2039,Austria,7385005.5,13.969253841528014,3974723.484582378,871.1722705933253,1124.15848475754,618.1860564291105,17.979383724672957,11.017827248727155,24.940940200618755,100484750.35000467,50242375.17500234,150727125.525007,7385005.5
Vienna,ssp126,2040,Austria,7385005.5,14.102752537007344,4504688.26280253,987.3289343128107,1283.8738973718325,690.7839712537889,20.37664233779181,12.216456555286582,28.536828120296974,113882758.69959612,56941379.34979806,170824138.0493942,7385005.5
Vienna,ssp126,2041,Austria,7385005.5,14.139818958219472,4438562.886484589,972.8357011472345,1263.9457017691652,681.7257005253038,20.07752882225542,12.066899797518387,28.088157846992416,112211046.95489669,56105523.477448344,168316570.43234503,7385005.5
Vienna,ssp126,2042,Austria,7385005.5,13.972107635002164,3795925.505710331,831.9836724843834,1070.274162357745,593.6931826110218,17.170603570831926,10.61343717180664,23.727769969857157,95964569.17520472,47982284.58760236,143946853.76280707,7385005.5
Vienna,ssp126,2043,Austria,7385005.5,14.122571322142312,4551195.749982554,997.5223561604873,1297.8898524123879,697.1548599085868,20.587015703718606,12.32164323824998,28.8523881691872,115058511.74425909,57529255.872129545,172587767.61638862,7385005.5
Vienna,ssp126,2044,Austria,7385005.5,14.047222130370848,4544131.474649947,995.9740218410116,1295.7608927231088,696.1871509589143,20.555060948265957,12.305665860523655,28.804456036008254,114879920.21557681,57439960.10778841,172319880.3233652,7385005.5
Vienna,ssp126,2045,Austria,7385005.5,13.962590830595177,4091699.512582606,896.8108520728273,1159.4115342918553,634.2101698537992,18.50851660703879,11.282393689910071,25.73463952416742,103442014.42538828,51721007.21269414,155163021.6380824,7385005.5
Vienna,ssp126,2046,Austria,7385005.5,14.122858722784187,4212536.302730517,923.2956279956574,1195.8281011857466,650.763154805568,19.055113376991216,11.555692074886284,26.55453467909615,106496882.20127474,53248441.10063737,159745323.3019121,7385005.5
Vienna,ssp126,2047,Austria,7385005.5,14.14667244477283,4193149.6282759537,919.0464938686296,1189.9855417610834,648.1074459761757,18.9674191108326,11.511844941806977,26.42299327985826,106006768.82603234,53003384.41301617,159010153.2390485,7385005.5
Vienna,ssp126,2048,Austria,7385005.5,14.297087277366552,4816234.827585615,1055.6131128954048,1377.7646429228992,733.4615828679101,21.78590143671173,12.921086104746541,30.65071676867688,121758949.0575077,60879474.52875385,182638423.58626154,7385005.5
Vienna,ssp126,2049,Austria,7385005.5,14.146665412395308,4129333.35966786,905.0593665024719,1170.7532416326167,639.3654913723271,18.678750682542635,11.367510727661994,25.989990637423258,104393433.49736671,52196716.748683356,156590150.24605006,7385005.5
Vienna,ssp126,2050,Austria,7385005.5,14.449307427982612,4437483.86712078,972.599203752427,1263.6205178513048,681.5778896535489,20.072647953620454,12.064459363200903,28.08083654403996,112183768.32990158,56091884.16495079,168275652.49485236,7385005.5
Vienna,ssp126,2051,Austria,7385005.5,14.302262330100426,4432577.297652579,971.523791266246,1262.141825682806,680.905756849686,20.050453429754157,12.053362101267755,28.047544758240594,112059725.63611428,56029862.81805714,168089588.45417142,7385005.5
Vienna,ssp126,2052,Austria,7385005.5,14.323587041677733,4757786.03180198,1042.8024179291285,1360.1499373442696,725.4548985139875,21.521512396388466,12.78889158458491,30.254133208192027,120281308.4932372,60140654.2466186,180421962.7398558,7385005.5
Vienna,ssp126,2053,Austria,7385005.5,14.451092865043792,5224908.691778474,1145.1854666910997,1500.92662939198,789.4443039902195,23.63450908226715,13.845389927524252,33.42362823701001,132090608.95216048,66045304.47608024,198135913.42824072,7385005.5
Vienna,ssp126,2054,Austria,7385005.5,14.177703027180888,4509802.903791967,988.4499515159749,1285.4152960261833,691.4846070057665,20.39977805863367,12.228024415707512,28.571531701559827,114012061.63725881,57006030.81862941,171018092.4558882,7385005.5
Vienna,ssp126,2055,Austria,7385005.5,14.288929625508755,4464941.788674816,978.617378339613,1271.8955079086857,685.3392487705403,20.196851941600237,12.126561357190795,28.26714252600968,112877930.4277657,56438965.21388285,169316895.64164853,7385005.5
Vienna,ssp126,2056,Austria,7385005.5,14.362854992701765,4948041.011435892,1084.5021394927257,1417.4870544942155,751.5172244912358,22.382117491972146,13.21919413237675,31.545040851567546,125091133.42961742,62545566.71480871,187636700.14442614,7385005.5
Vienna,ssp126,2057,Austria,7385005.5,14.513595324277984,4978057.489626743,1091.0810936167477,1426.533116414746,755.6290708187495,22.51789493197519,13.287082852378271,31.748707011572115,125849978.24714844,62924989.12357422,188774967.37072265,7385005.5
Vienna,ssp126,2058,Austria,7385005.5,14.375537749265161,4401186.207709609,964.6435523746362,1252.6814972068426,676.6056075424299,19.90845802961892,11.982364401200137,27.83455165803766,111266129.33982615,55633064.669913076,166899194.00973922,7385005.5
Vienna,ssp126,2059,Austria,7385005.5,14.530840069879593,4887423.963918159,1071.216211269661,1399.2189031875016,743.2135193518202,22.1079205165585,13.082095644669927,31.133745388447117,123558677.42094134,61779338.71047067,185338016.131412,7385005.5
Vienna,ssp126,2060,Austria,7385005.5,14.198132985331139,4460941.313419087,977.7405618452066,1270.6898852288768,684.7912384615363,20.178756071539645,12.1175134221605,28.239998720918756,112776794.64840579,56388397.324202895,169165191.9726087,7385005.5
Vienna,ssp126,2061,Austria,7385005.5,14.454763546070906,5102411.829373591,1118.336839314687,1464.0097667494126,772.6639118799617,23.080403091551403,13.568336932166378,32.592469250936446,128993772.98730397,64496886.493651986,193490659.48095596,7385005.5
Vienna,ssp126,2062,Austria,7385005.5,14.218286427173396,4069719.223972246,891.9932545691868,1152.7873377243495,631.1991714140239,18.40909030862138,11.232680540701367,25.585500076541308,102886332.0434061,51443166.02170305,154329498.06510913,7385005.5
Vienna,ssp126,2063,Austria,7385005.5,14.653750139325599,5222370.300624359,1144.6291069860881,1500.161634797589,789.0965791745873,23.623026847394655,13.839648810088004,33.40640488470129,132026436.03487419,66013218.01743709,198039654.05231127,7385005.5
Vienna,ssp126,2064,Austria,7385005.5,14.537336933511014,5172662.36679521,1133.7342173796992,1485.1811615888043,782.2872731705943,23.39817648486219,13.727223628821772,33.069129340902606,130769772.68694276,65384886.34347138,196154659.03041413,7385005.5
Vienna,ssp126,2065,Austria,7385005.5,14.56252323164933,5443515.517735157,1193.0992915583179,1566.808138584405,819.390444532231,24.623361772008643,14.339816272394998,34.90690727162226,137617195.24584174,68808597.62292087,206425792.8687626,7385005.5
Vienna,ssp126,2066,Austria,7385005.5,14.276190501304708,4706017.046764882,1031.4557910716824,1344.5483254152812,718.3632567280837,21.287339012848925,12.671804892815139,29.90287313288274,118972539.83108887,59486269.915544435,178458809.7466333,7385005.5
Vienna,ssp126,2067,Austria,7385005.5,14.353467510912852,4565190.609101432,1000.589722542707,1302.10748118794,699.071963897474,20.65032047026323,12.353295621522292,28.94734531900413,115412314.95351346,57706157.47675673,173118472.4302702,7385005.5
Vienna,ssp126,2068,Austria,7385005.5,14.255470240332242,4547489.695175257,996.7100701753262,1296.7729591827913,696.647181167861,20.57025162396726,12.313261198374306,28.827242049560166,114964819.19091813,57482409.59545907,172447228.7863772,7385005.5
Vienna,ssp126,2069,Austria,7385005.5,14.602698454853083,4891560.441708492,1072.1228365387751,1400.4655129325333,743.7801601450166,22.12663158457356,13.091451178677456,31.161811990469662,123663251.47236961,61831625.736184806,185494877.20855442,7385005.5
Vienna,ssp126,2070,Austria,7385005.5,14.381121916948803,4707440.050757067,1031.7676823576408,1344.9771759334737,718.5581887818076,21.29377587189495,12.675023322338152,29.91252842145173,119008514.71121737,59504257.35560869,178512772.06682605,7385005.5
Vienna,ssp126,2071,Austria,7385005.5,14.283485700571958,4564876.420486661,1000.5208592846749,1302.0127942081458,699.028924361204,20.648899260035957,12.352585016408655,28.94521350366326,115404371.96964538,57702185.98482269,173106557.95446807,7385005.5
Vienna,ssp126,2072,Austria,7385005.5,14.391558930386552,5222585.655332467,1144.6763080180024,1500.226536216471,789.1260798195336,23.624000989356773,13.840135881069063,33.407866097644515,132031880.40456808,66015940.20228404,198047820.6068521,7385005.5
Vienna,ssp126,2073,Austria,7385005.5,14.565631002250154,4925087.4898824785,1079.471230659101,1410.5695548479814,748.3729064702202,22.278288842396364,13.167279807588859,31.389297877203866,124510846.80291368,62255423.40145684,186766270.20437053,7385005.5
Vienna,ssp126,2074,Austria,7385005.5,14.3121412962351,4589797.635808228,1005.9830434647442,1309.5232974557412,702.4427894737473,20.761628634768485,12.408949703774919,29.114307565762015,116034403.74662812,58017201.87331406,174051605.6199422,7385005.5
Vienna,ssp126,2075,Austria,7385005.5,14.398256007111025,4656007.124272678,1020.4947121692813,1329.4768419244797,711.512582414083,21.061122625717566,12.55869669924946,29.563548552185665,117708241.92555025,58854120.962775126,176562362.8883254,7385005.5
Vienna,ssp126,2076,Austria,7385005.5,14.673396186016408,5505827.23562666,1206.756654383853,1585.5870124695155,827.9262962981902,24.905224470347385,14.480747621564369,35.329701319130386,139192494.11644128,69596247.05822064,208788741.17466193,7385005.5
Vienna,ssp126,2077,Austria,7385005.5,14.440957272544486,4949882.202119431,1084.9056881356933,1418.0419338782958,751.7694423930905,22.390445989272145,13.223358381026749,31.557533597517576,125137680.46286385,62568840.231431924,187706520.69429576,7385005.5
Vienna,ssp126,2078,Austria,7385005.5,14.427799906455874,4682609.566520252,1026.3253844427225,1337.4940163004612,715.1567525849837,21.18145691287937,12.618863842830361,29.744049982928363,118380776.70144527,59190388.35072263,177571165.0521679,7385005.5
Vienna,ssp126,2079,Austria,7385005.5,14.455486949776265,4761699.264517311,1043.660112770845,1361.3292677516297,725.9909577900603,21.539213630918553,12.797742201849953,30.280685059987146,120380238.69907084,60190119.34953542,180570358.04860628,7385005.5
Vienna,ssp126,2080,Austria,7385005.5,14.496200127036081,5148351.267900547,1128.4057573479922,1477.8545290452073,778.9569856507774,23.288206929120463,13.672238850950908,32.90417500729005,130155165.22741996,65077582.61370998,195232747.84112993,7385005.5
Vienna,ssp126,2081,Austria,7385005.5,14.292383758470669,4589403.935703011,1005.8967530307242,1309.4046481089636,702.3888579524848,20.75984775987451,12.408059266327932,29.11163625342111,116024450.6374524,58012225.3187262,174036675.9561786,7385005.5
Vienna,ssp126,2082,Austria,7385005.5,14.424182758670957,5132616.849511692,1124.9571177011203,1473.1126495307583,776.8015858714824,23.21703338786781,13.636652080324582,32.797414695411035,129757384.32270057,64878692.16135029,194636076.48405087,7385005.5
Vienna,ssp126,2083,Austria,7385005.5,14.213117239641695,4218895.931446148,924.6895192210009,1197.744701620594,651.6343368214077,19.083880712748883,11.570075742765118,26.597685682732628,106657659.60032843,53328829.800164215,159986489.40049264,7385005.5
Vienna,ssp126,2084,Austria,7385005.5,14.225697697225653,4638554.111740209,1016.6693943539457,1324.2170299283932,709.1217587794982,20.982175144039932,12.519222958410642,29.4451273296692,117267013.34349078,58633506.67174539,175900520.01523617,7385005.5
Vienna,ssp126,2085,Austria,7385005.5,14.571663050384304,5491574.720262792,1203.6328153999914,1581.291733866706,825.9738969332768,24.840754213796743,14.448512493289048,35.2329959343044,138832177.11483017,69416088.55741508,208248265.67224526,7385005.5
Vienna,ssp126,2086,Austria,7385005.5,14.398357582209544,4330913.122611966,949.2412323532349,1231.5033071774158,666.979157529054,19.590582643472437,11.823426708126895,27.357738578817983,109489559.61371754,54744779.80685877,164234339.4205763,7385005.5
Vienna,ssp126,2087,Austria,7385005.5,14.325166320447646,4553616.61071722,998.0529557735647,1298.6194268803692,697.4864846667601,20.597966297957793,12.327118535369573,28.868814060545958,115119713.38193241,57559856.690966204,172679570.07289863,7385005.5
Vienna,ssp126,2088,Austria,7385005.5,14.349780243362364,4828749.516596083,1058.3560584319453,1381.5361930356426,735.1759238282481,21.842510757281275,12.949390765031314,30.735630749531232,122075332.17341563,61037666.086707816,183112998.26012343,7385005.5
Vienna,ssp126,2089,Austria,7385005.5,14.42341836184889,4909873.611949405,1076.1366820710298,1405.9845505393837,746.2888136026758,22.209469929493345,13.132870351137349,31.286069507849366,124126225.65080322,62063112.82540161,186189338.47620484,7385005.5
Vienna,ssp126,2090,Austria,7385005.5,14.363583050730876,4363376.998075927,956.3566023179386,1241.2869408788833,671.4262637569939,19.73743071389054,11.896850743335946,27.578010684445147,110310276.93758762,55155138.46879381,165465415.40638143,7385005.5
Vienna,ssp126,2091,Austria,7385005.5,14.27605089902905,4074239.5445325854,892.984009760494,1154.149626112397,631.818393408591,18.429537662563867,11.24290421767261,25.616171107455155,103000610.00129917,51500305.00064959,154500915.00194877,7385005.5
Vienna,ssp126,2092,Austria,7385005.5,14.439372816691888,4706824.226915514,1031.632707269081,1344.7915851867044,718.4738293514579,21.29099023581307,12.673630504297211,29.908349967328945,118992946.10494372,59496473.05247186,178489419.15741557,7385005.5
Vienna,ssp126,2093,Austria,7385005.5,14.349870627604462,4802683.8730447795,1052.6430406672762,1373.6807936092225,731.6052877253298,21.72460464148297,12.890437707132161,30.558771575833763,121416368.17375007,60708184.08687504,182124552.26062512,7385005.5
Vienna,ssp126,2094,Austria,7385005.5,14.477498441097817,4773931.41692138,1046.3411324758463,1365.0156698460064,727.666595105686,21.594544916907246,12.8254078448443,30.36368198897025,120689479.0236705,60344739.51183525,181034218.53550574,7385005.5
Vienna,ssp126,2095,Austria,7385005.5,14.37873571578793,4734934.329913808,1037.7938257344606,1353.263123076601,722.3245283923201,21.418144320947988,12.73720754686467,30.099081095031302,119703595.96349445,59851797.981747225,179555393.9452417,7385005.5
Vienna,ssp126,2096,Austria,7385005.5,14.497200818372669,5425291.762267619,1189.105043784611,1561.316047895558,816.8940396736642,24.54092788856327,14.298599330672312,34.783256446454246,137156481.55702835,68578240.77851418,205734722.33554253,7385005.5
Vienna,ssp126,2097,Austria,7385005.5,14.50168172068039,5047893.07155005,1106.387522531445,1447.579456172455,765.1955888904354,22.833791303107695,13.445031037944524,32.222551568270895,127615487.48127033,63807743.740635164,191423231.2219055,7385005.5
Vienna,ssp126,2098,Austria,7385005.5,14.369507225982145,4610914.975184923,1010.6115014103214,1315.8874271309096,705.335575689733,20.857151442674628,12.45671110772799,29.257591777621244,116568269.95985144,58284134.97992572,174852404.93977717,7385005.5
Warsaw,ssp126,2024,Poland,30972584.000000004,9.798105626233767,139694642.3907823,30618.003811681578,35156.33824839114,26079.669374972014,1348.9359187843806,1082.3423432838078,1615.5294942849537,1413761026.1526537,706880513.0763268,2120641539.2289805,30972584.000000004
Warsaw,ssp126,2025,Poland,30972584.000000004,10.242549153904541,161077804.47720557,35304.72426897983,41600.57887717624,29008.86966078342,1555.4185361697878,1185.5836519765112,1925.2534203630644,1630166470.6014102,815083235.3007051,2445249705.9021153,30972584.000000004
Warsaw,ssp126,2026,Poland,30972584.000000004,9.836234194232016,140621250.20776135,30821.09593595096,35435.58991926155,26206.60195264038,1357.8835387185295,1086.816153250882,1628.9509241861765,1423138637.1744757,711569318.5872378,2134707955.7617135,30972584.000000004
Warsaw,ssp126,2027,Poland,30972584.000000004,9.776172450885435,139508672.40753162,30577.24326740746,35100.29250001423,26054.19403480069,1347.1401334491006,1081.4444506161676,1612.8358162820332,1411878941.701494,705939470.850747,2117818412.5522408,30972584.000000004
Warsaw,ssp126,2028,Poland,30972584.000000004,10.008168041083495,150508293.26676017,32988.11907216988,38415.246731562554,27560.9914127772,1453.3559726257904,1134.5523702045125,1772.1595750470678,1523199139.8643525,761599569.9321762,2284798709.796529,30972584.000000004
Warsaw,ssp126,2029,Poland,30972584.000000004,9.80792761287779,139486551.11361125,30572.39476463039,35093.62580869576,26051.16372056502,1346.9265231958475,1081.337645489541,1612.5154009021533,1411655066.0921116,705827533.0460558,2117482599.1381674,30972584.000000004
Warsaw,ssp126,2030,Poland,30972584.000000004,9.93479130710714,141918758.44444108,31105.481302894463,35826.61979880886,26384.342806980065,1370.4126911285398,1093.0807294558872,1647.7446528011924,1436269896.5036502,718134948.2518251,2154404844.755475,30972584.000000004
Warsaw,ssp126,2031,Poland,30972584.000000004,9.676616924981683,134564001.25530005,29493.479727192316,33610.11763221841,25376.841822166225,1299.3928153725499,1057.5707915778924,1541.2148391672072,1361837055.7527816,680918527.8763908,2042755583.6291723,30972584.000000004
Warsaw,ssp126,2032,Poland,30972584.000000004,9.684799124431025,135137202.63584244,29619.11290648928,33782.86325375173,25455.362559226825,1304.9278302999473,1060.338299041591,1549.5173615583035,1367638063.9953222,683819031.9976611,2051457095.9929833,30972584.000000004
Warsaw,ssp126,2033,Poland,30972584.000000004,10.027107496934072,155536482.91743112,34090.18803670049,39930.59155779215,28249.784515608837,1501.9097718994694,1158.829269841352,1844.9902739575873,1574086263.6549425,787043131.8274713,2361129395.482414,30972584.000000004
Warsaw,ssp126,2034,Poland,30972584.000000004,9.797837788477084,141571204.8784172,31029.30517883443,35721.87762822631,26336.732729442545,1367.056603300921,1091.4026855420777,1642.7105210597638,1432752526.919995,716376263.4599975,2149128790.3799925,30972584.000000004
Warsaw,ssp126,2035,Poland,30972584.000000004,10.06725338179438,157513432.26728016,34523.4920037907,40526.38451254118,28520.599495040213,1520.9998239013858,1168.37429584231,1873.625351960461,1594093716.2935028,797046858.1467514,2391140574.440254,30972584.000000004
Warsaw,ssp126,2036,Poland,30972584.000000004,10.059493192649352,155482480.5086894,34078.35189231875,39914.31685926725,28242.386925370247,1501.3883074566975,1158.568537619966,1844.2080772934287,1573539739.4683974,786769869.7341987,2360309609.202596,30972584.000000004
Warsaw,ssp126,2037,Poland,30972584.000000004,10.025024911059957,155517606.05398703,34086.05064197302,39924.90264004188,28247.19864390417,1501.7274908992977,1158.7381293412661,1844.716852457329,1573895222.8721576,786947611.4360788,2360842834.308236,30972584.000000004
Warsaw,ssp126,2038,Poland,30972584.000000004,10.210936669495402,160636015.73396242,35207.89385950188,41467.437064144055,28948.3506548597,1551.1524834846155,1183.4506256339248,1918.8543413353054,1625695406.4553502,812847703.2276751,2438543109.6830254,30972584.000000004
Warsaw,ssp126,2039,Poland,30972584.000000004,10.088776083622372,153996768.68666655,33752.71642447813,39466.5680909864,28038.86475796986,1487.0418013388544,1151.3952845610443,1822.6883181166636,1558503790.8155196,779251895.4077598,2337755686.2232795,30972584.000000004
Warsaw,ssp126,2040,Poland,30972584.000000004,10.013453403020213,151563037.33172554,33219.29585353215,38733.114805935686,27705.476901128626,1463.5409169443883,1139.6448423638114,1787.436991524965,1533873536.7209072,766936768.3604536,2300810305.081361,30972584.000000004
Warsaw,ssp126,2041,Poland,30972584.000000004,9.96832325469136,151698909.2695832,33249.07600429547,38774.06251323525,27724.0894953557,1464.8529396117883,1140.3008536975117,1789.405025526065,1535248610.574875,767624305.2874376,2302872915.862313,30972584.000000004
Warsaw,ssp126,2042,Poland,30972584.000000004,10.087878731744,153991851.08821812,33751.63859468121,39465.086075015635,28038.191114346784,1486.9943154434204,1151.3715416133273,1822.6170892735122,1558454022.9152644,779227011.4576322,2337681034.3728967,30972584.000000004
Warsaw,ssp126,2043,Poland,30972584.000000004,10.228668760720188,164681898.88565847,36094.66276946266,42686.744315340125,29502.581223585188,1590.2208186270657,1202.98479320515,1977.456844048981,1666641228.129986,833320614.064993,2499961842.194979,30972584.000000004
Warsaw,ssp126,2044,Poland,30972584.000000004,9.759543092876605,142872979.93970433,31314.625740212432,36114.19340012107,26515.0580803038,1379.6269575270753,1097.6878626551552,1661.5660523989955,1445926968.0794256,722963484.0397128,2168890452.1191382,30972584.000000004
Warsaw,ssp126,2045,Poland,30972584.000000004,10.029817669629887,154402848.79487997,33841.72028381258,39588.94839757127,28094.49217005389,1490.9630400814294,1153.355903932332,1828.5701762305268,1562613470.4758315,781306735.2379158,2343920205.713747,30972584.000000004
Warsaw,ssp126,2046,Poland,30972584.000000004,10.274691333179605,169312577.5382582,37109.60603578589,44082.29130653457,30136.920765037205,1634.936125212457,1225.3424464978457,2044.5298039270679,1713505394.7983701,856752697.3991851,2570258092.197555,30972584.000000004
Warsaw,ssp126,2047,Poland,30972584.000000004,10.004359048826334,152924387.53328916,33517.67397990226,39143.38472969458,27891.96323010994,1476.6865476822989,1146.2176577327668,1807.1554376318309,1547650900.1542993,773825450.0771496,2321476350.231449,30972584.000000004
Warsaw,ssp126,2048,Poland,30972584.000000004,10.123178644520797,159482079.69296983,34954.976371065146,41119.67551754355,28790.277224586745,1540.009709881885,1177.8792388325598,1902.1401809312106,1614017150.414117,807008575.2070585,2421025725.621176,30972584.000000004
Warsaw,ssp126,2049,Poland,30972584.000000004,10.315886514299615,172443753.41345853,37795.89115911746,45025.93335111548,30565.84896711944,1665.171755826504,1240.4602618048693,2089.8832498481393,1745194043.2864332,872597021.6432166,2617791064.92965,30972584.000000004
Warsaw,ssp126,2050,Poland,30972584.000000004,10.099087835203386,159447467.27377993,34947.39008740708,41109.244377513714,28785.535797300454,1539.6754813482619,1177.7121245657481,1901.6388381307752,1613666860.0348005,806833430.0174003,2420500290.052201,30972584.000000004
Warsaw,ssp126,2051,Poland,30972584.000000004,10.04916863566759,160338327.05588186,35142.64702594997,41377.72266801018,28907.571383889757,1548.2779068823504,1182.0133373327926,1914.5424764319082,1622682687.8299654,811341343.9149827,2434024031.744948,30972584.000000004
Warsaw,ssp126,2052,Poland,30972584.000000004,10.182376355737928,162520104.09486026,35620.844733123326,42035.244515373546,29206.444950873105,1569.3458402281713,1192.547304005703,1946.1443764506394,1644763071.8208811,822381535.9104406,2467144607.731322,30972584.000000004
Warsaw,ssp126,2053,Poland,30972584.000000004,10.298874950789683,169204693.5263558,37085.96022495797,44049.778316646174,30122.142133269757,1633.8943628640436,1224.821565323639,2042.9671604044484,1712413569.0220752,856206784.5110376,2568620353.5331125,30972584.000000004
Warsaw,ssp126,2054,Poland,30972584.000000004,10.066575795176183,153872443.64936966,33725.46710123497,39429.10027152705,28021.833930942885,1485.8412792175766,1150.7950235004057,1820.8875349347477,1557245575.831056,778622787.915528,2335868363.746584,30972584.000000004
Warsaw,ssp126,2055,Poland,30972584.000000004,10.126749048695585,160968487.6823244,35280.76442352642,41567.634089677806,28993.89475737504,1554.3629384130097,1185.0558530981223,1923.6700237278974,1629060144.535772,814530072.267886,2443590216.803658,30972584.000000004
Warsaw,ssp126,2056,Poland,30972584.000000004,10.016499662952109,154290061.705562,33816.999825879866,39554.95776791379,28079.041883845945,1489.8739320572963,1152.8113499202655,1826.936514194327,1561472023.7574604,780736011.8787302,2342208035.6361904,30972584.000000004
Warsaw,ssp126,2057,Poland,30972584.000000004,10.32380058674649,170929335.94751364,37463.96404329393,44569.533566858125,30358.394519729733,1650.5480588766031,1233.1484133299189,2067.947704423287,1729867582.9867733,864933791.4933866,2594801374.4801598,30972584.000000004
Warsaw,ssp126,2058,Poland,30972584.000000004,10.258661073980877,169155706.45828718,37075.22333332648,44035.01509065289,30115.431576000075,1633.4213281467287,1224.5850479649816,2042.2576083284757,1711917801.9229534,855958900.9614767,2567876702.88443,30972584.000000004
Warsaw,ssp126,2059,Poland,30972584.000000004,10.420094338376042,179582921.81463265,39360.64039773097,47177.463554209055,31543.817241252884,1734.1098376439536,1274.929302713594,2193.290372574313,1817445046.4171412,908722523.2085706,2726167569.625712,30972584.000000004
Warsaw,ssp126,2060,Poland,30972584.000000004,10.3135514359029,168153698.40331012,36855.6051294959,43733.040060385836,29978.170198605963,1623.7456195215634,1219.747193652399,2027.7440453907275,1701777112.8329983,850888556.4164991,2552665669.2494974,30972584.000000004
Warsaw,ssp126,2061,Poland,30972584.000000004,10.503051062352514,183155594.5196067,40143.69194950611,48254.15943789988,32033.224461112346,1768.6087021338242,1292.1787349585293,2245.0386693091186,1853601804.7798693,926800902.3899347,2780402707.169804,30972584.000000004
Warsaw,ssp126,2062,Poland,30972584.000000004,10.189298842330809,162533228.76930332,35623.72137409714,42039.19989671254,29208.24285148174,1569.4725762609605,1192.6106720220976,1946.3344804998237,1644895898.3408604,822447949.1704302,2467343847.5112906,30972584.000000004
Warsaw,ssp126,2063,Poland,30972584.000000004,10.405040055806458,176673450.5485216,38722.94806543266,46300.63659729888,31145.259533566437,1706.0150572833031,1260.8819125332689,2151.1482020333374,1788000129.902506,894000064.951253,2682000194.8537593,30972584.000000004
Warsaw,ssp126,2064,Poland,30972584.000000004,10.185156079770332,163997851.87394577,35944.73465730645,42480.59316112534,29408.87615348756,1583.6154430131955,1199.6821053982148,1967.5487806281758,1659718421.437728,829859210.718864,2489577632.156592,30972584.000000004
Warsaw,ssp126,2065,Poland,30972584.000000004,10.098002039338501,155544934.67856973,34092.040477498005,39933.13866388873,28250.94229110728,1501.991384794437,1158.8700762888357,1845.1126933000378,1574171798.578084,787085899.289042,2361257697.867126,30972584.000000004
Warsaw,ssp126,2066,Poland,30972584.000000004,10.33038425845643,166864974.73923326,36573.14514832836,43344.65758628047,29801.632710376252,1611.3012937399212,1213.525030761578,2009.0775567182645,1688734756.6010697,844367378.3005348,2533102134.9016047,30972584.000000004
Warsaw,ssp126,2067,Poland,30972584.000000004,10.176793482708371,159490751.53064895,34956.877047816735,41122.28894807699,28791.46514755649,1540.093447905957,1177.9211078445958,1902.2657879673184,1614104912.5925806,807052456.2962903,2421157368.8888707,30972584.000000004
Warsaw,ssp126,2068,Poland,30972584.000000004,10.31556590632512,171031959.07478443,37486.456783517664,44600.46108466576,30372.45248236957,1651.5390204489613,1233.6438941160977,2069.434146781824,1730906166.6807096,865453083.3403548,2596359250.0210643,30972584.000000004
Warsaw,ssp126,2069,Poland,30972584.000000004,10.590946202966277,184028880.2484966,40335.097040769644,48517.34143838723,32152.85264315205,1777.041427017904,1296.3950974005693,2257.6877566352387,1862439776.7097158,931219888.3548579,2793659665.064574,30972584.000000004
Warsaw,ssp126,2070,Poland,30972584.000000004,10.421741171767136,177486208.90468955,38901.08688322289,46545.57747176045,31256.596294685332,1713.8633105961271,1264.8060391896809,2162.9205820025727,1796225542.6167293,898112771.3083646,2694338313.9250937,30972584.000000004
Warsaw,ssp126,2071,Poland,30972584.000000004,10.372101735263284,168132258.66675028,36850.90600915401,43726.57876991574,29975.233248392287,1623.5385906030601,1219.6436791931474,2027.433502012973,1701560134.834124,850780067.417062,2552340202.2511864,30972584.000000004
Warsaw,ssp126,2072,Poland,30972584.000000004,10.210872387007498,164561527.48079014,36068.27999579289,42650.46800154419,29486.091990041583,1589.0584740385934,1202.403620910914,1975.7133271662733,1665423025.3560386,832711512.6780193,2498134538.0340576,30972584.000000004
Warsaw,ssp126,2073,Poland,30972584.000000004,10.284470643737587,166746217.15727645,36547.11608926934,43308.86763007432,29785.364548464364,1610.1545327390131,1212.9516502611239,2007.3574152169026,1687532886.3069968,843766443.1534984,2531299329.460495,30972584.000000004
Warsaw,ssp126,2074,Poland,30972584.000000004,10.306309861892283,171012724.0998025,37482.24089859011,44594.66424289038,30369.817554289846,1651.3532814098257,1233.5510245965302,2069.1555382231218,1730711501.6777928,865355750.8388964,2596067252.5166893,30972584.000000004
Warsaw,ssp126,2075,Poland,30972584.000000004,10.591351418136902,184145071.28738928,40360.563569842016,48552.35791586174,32168.769223822288,1778.1634046622917,1296.9560862227631,2259.37072310182,1863615672.6464775,931807836.3232387,2795423508.969716,30972584.000000004
Warsaw,ssp126,2076,Poland,30972584.000000004,10.412906606548574,175783616.73400107,38527.91599649665,46032.46750251186,31023.364490481435,1697.422538818651,1256.585653300943,2138.2594243363596,1778994685.2756279,889497342.6378139,2668492027.9134417,30972584.000000004
Warsaw,ssp126,2077,Poland,30972584.000000004,10.470276454063347,174516508.2276227,38250.19358413974,45650.59918552112,30849.787982758367,1685.1869358778476,1250.467851830541,2119.906019925154,1766171082.3688474,883085541.1844237,2649256623.5532713,30972584.000000004
Warsaw,ssp126,2078,Poland,30972584.000000004,10.242769309756113,166204546.2061072,36428.393689013064,43145.62432972193,29711.16304830419,1604.9239856708564,1210.3363767270453,1999.5115946146666,1682050977.5762398,841025488.7881199,2523076466.36436,30972584.000000004
Warsaw,ssp126,2079,Poland,30972584.000000004,10.361857334381613,169786290.9191434,37213.433626116894,44225.0542432397,30201.813008994082,1639.510452357354,1227.6296100702943,2051.391294644414,1718299547.9885046,859149773.9942523,2577449321.982757,30972584.000000004
Warsaw,ssp126,2080,Poland,30972584.000000004,10.388208505090484,176880744.1479575,38768.38227900765,46363.1086409645,31173.65591705081,1708.0167502417994,1261.882759012517,2154.150741471082,1790098017.171751,895049008.5858755,2685147025.7576265,30972584.000000004
Warsaw,ssp126,2081,Poland,30972584.000000004,10.196580562783431,166861697.6435824,36572.42688078845,43343.669968413094,29801.183793163807,1611.2696490615212,1213.509208422378,2009.0300897006646,1688701591.1909237,844350795.5954618,2533052386.7863855,30972584.000000004
Warsaw,ssp126,2082,Poland,30972584.000000004,10.285834244503576,170615698.0562783,37395.22149179028,44475.01255854061,30315.43042503996,1647.519471596959,1231.6341196900967,2063.404823503821,1726693452.473501,863346726.2367505,2590040178.7102513,30972584.000000004
Warsaw,ssp126,2083,Poland,30972584.000000004,10.110591778724695,154551731.98778835,33874.35221650482,39633.817305023105,28114.88712798654,1492.400703567876,1154.0747356755553,1830.7266714601965,1564120223.0039215,782060111.5019608,2346180334.5058823,30972584.000000004
Warsaw,ssp126,2084,Poland,30972584.000000004,10.355885487953492,171070361.00460082,37494.873644847285,44612.034268993986,30377.71302070058,1651.9098417030434,1233.829304743139,2069.990378662948,1731294808.2976987,865647404.1488494,2596942212.446548,30972584.000000004
Warsaw,ssp126,2085,Poland,30972584.000000004,10.408981625792556,171238763.13011414,37531.78369975431,44662.78559449115,30400.781805017472,1653.535986213791,1234.6423769985129,2072.429595429069,1732999099.5840173,866499549.7920086,2599498649.376026,30972584.000000004
Warsaw,ssp126,2086,Poland,30972584.000000004,10.269166014148082,167274984.24193424,36663.01024481078,43468.22209394379,29857.79839567776,1615.2604759660308,1215.5046218746327,2015.016330057429,1692884203.1750436,846442101.5875218,2539326304.7625656,30972584.000000004
Warsaw,ssp126,2087,Poland,30972584.000000004,10.129355028654196,160316058.0707947,35137.766152506214,41371.01146702502,28904.520837987413,1548.0628704761948,1181.905819129715,1914.2199218226751,1622457317.5317967,811228658.7658983,2433685976.297695,30972584.000000004
Warsaw,ssp126,2088,Poland,30972584.000000004,10.211179295767145,163299992.58292687,35791.77919626121,42270.27940218814,29313.278990334285,1576.8766916351753,1196.3127297092049,1957.4406535611456,1652655829.4120364,826327914.7060182,2478983744.1180544,30972584.000000004
Warsaw,ssp126,2089,Poland,30972584.000000004,10.20562751799984,169081014.40765774,37058.85247291455,44012.50515758648,30105.199788242622,1632.7000779382934,1224.2244228607638,2041.1757330158225,1711161890.9707787,855580945.4853894,2566742836.456168,30972584.000000004
Warsaw,ssp126,2090,Poland,30972584.000000004,10.375909123572814,171359220.73192644,37558.18536590495,44699.08788544829,30417.282846361624,1654.699163147382,1235.2239654653083,2074.174360829456,1734218174.7026577,867109087.3513288,2601327262.0539865,30972584.000000004
Warsaw,ssp126,2091,Poland,30972584.000000004,10.108180241318154,156998771.43962413,34410.68963060581,40371.281249411964,28450.09801179966,1516.0300951806912,1165.8894314819631,1866.1707588794197,1588885159.9210107,794442579.9605054,2383327739.881516,30972584.000000004
Warsaw,ssp126,2092,Poland,30972584.000000004,10.320436970363083,167240952.9242552,36655.55132586742,43457.966080396676,29853.136571338167,1614.9318587335074,1215.3403132583708,2014.5234042086431,1692539793.756186,846269896.878093,2538809690.6342793,30972584.000000004
Warsaw,ssp126,2093,Poland,30972584.000000004,10.26870743346922,166162115.67235988,36419.09384599995,43132.837045578905,29705.350646420997,1604.5142629352854,1210.13151535926,1998.8970105113108,1681621565.0096288,840810782.5048144,2522432347.5144434,30972584.000000004
Warsaw,ssp126,2094,Poland,30972584.000000004,10.466812787858757,180159197.88604075,39486.94748187521,47351.13579490739,31622.759168843037,1739.6745427647397,1277.7116552739872,2201.6374302554923,1823277171.659153,911638585.8295765,2734915757.4887295,30972584.000000004
Warsaw,ssp126,2095,Poland,30972584.000000004,10.308335034146946,165149661.83562016,36197.186155755626,42827.71397149296,29566.658340018294,1594.7376865174947,1205.2432271503646,1984.232145884625,1671375160.7763362,835687580.3881681,2507062741.164504,30972584.000000004
Warsaw,ssp126,2096,Poland,30972584.000000004,10.46703219810541,179297141.83856165,39298.00369064692,47091.33808196848,31504.66929932535,1731.350255257729,1273.549511520482,2189.1509989949764,1814552848.2246454,907276424.1123227,2721829272.336968,30972584.000000004
Warsaw,ssp126,2097,Poland,30972584.000000004,10.224681325203873,165280059.9819348,36225.76657138624,42867.01204298505,29584.521099787424,1595.9968525119552,1205.872810147595,1986.120894876315,1672694837.8518999,836347418.9259499,2509042256.7778497,30972584.000000004
Warsaw,ssp126,2098,Poland,30972584.000000004,10.050714697253076,153136844.73742455,33564.239942452485,39207.412928201134,27921.066956703828,1478.7381020508699,1147.2434349170521,1810.2327691846872,1549801044.997304,774900522.498652,2324701567.495956,30972584.000000004
Zagreb,ssp126,2024,Croatia,3143129.5,12.186089986321251,12718719.785242531,2787.6646104636175,4281.203952903521,1294.125268023714,97.05155044571424,27.722163502323227,166.38093738910536,123810775.92900424,61905387.96450212,185716163.89350635,3143129.5
Zagreb,ssp126,2025,Croatia,3143129.5,12.51067911395439,12245602.108378299,2683.9675853974836,4138.620543437588,1229.3146273573807,93.44137545497188,25.917076006952044,160.96567490299176,119205197.09187429,59602598.54593714,178807795.63781142,3143129.5
Zagreb,ssp126,2026,Croatia,3143129.5,12.256899866242048,11854120.221046891,2598.163336119367,4020.6397006801767,1175.6869715585576,90.45413107987312,24.423453819402653,156.48480834034365,115394304.40368882,57697152.20184441,173091456.60553324,3143129.5
Zagreb,ssp126,2027,Croatia,3143129.5,12.06933038507878,11360146.546568066,2489.895133493871,3871.7709220701195,1108.0193449176227,86.68481217065738,22.538794364794782,150.83082997652002,110585702.20484976,55292851.10242488,165878553.30727464,3143129.5
Zagreb,ssp126,2028,Croatia,3143129.5,12.371273962213857,14195861.84195625,3111.421773578953,4726.370052187107,1496.473494970799,108.32304075710232,33.357908658017266,183.28817285618743,138190061.5243456,69095030.7621728,207285092.2865184,3143129.5
Zagreb,ssp126,2029,Croatia,3143129.5,12.144308718010587,10312732.62443467,2260.3249587797027,3556.1119318381384,964.5379857212674,78.69240831100097,18.542592434966593,138.84222418703544,100389618.58889753,50194809.29444876,150584427.8833463,3143129.5
Zagreb,ssp126,2030,Croatia,3143129.5,12.351732874517964,13974892.27115899,3062.990086828869,4659.776482905741,1466.203690751996,106.6369088342905,32.51484269661135,180.7589749719697,136039026.3196188,68019513.1598094,204058539.47942817,3143129.5
Zagreb,ssp126,2031,Croatia,3143129.5,12.063578044183624,10520091.329622459,2305.773442108533,3618.6035964152793,992.943287801786,80.27468106932045,19.333728814126317,141.2156333245146,102408158.39623934,51204079.19811967,153612237.594359,3143129.5
Zagreb,ssp126,2032,Croatia,3143129.5,12.223322042990354,13249790.120412793,2904.0635880351815,4441.252547064421,1366.8746290059416,101.10393938849103,29.74835797371162,172.4595208032705,128980496.73271354,64490248.36635677,193470745.0990703,3143129.5
Zagreb,ssp126,2033,Croatia,3143129.5,12.224475579828255,13171453.94538128,2886.894015425535,4417.644384726158,1356.1436461249127,100.50618683389703,29.449481696414608,171.56289197137949,128217930.78443179,64108965.39221589,192326896.17664766,3143129.5
Zagreb,ssp126,2034,Croatia,3143129.5,12.242522912179158,10893031.36098106,2387.513722954254,3730.996482578146,1044.0309633303618,83.12043983103307,20.756608194982633,145.48427146708354,106038554.80697548,53019277.40348774,159057832.21046323,3143129.5
Zagreb,ssp126,2035,Croatia,3143129.5,12.445994723611756,13460673.858585946,2950.2846813334077,4504.806550349482,1395.7628123173326,102.71311028769094,30.552943423311575,174.87327715207033,131033351.08400814,65516675.54200407,196550026.6260122,3143129.5
Zagreb,ssp126,2036,Croatia,3143129.5,12.435186816245327,14390361.995771434,3154.051944278171,4784.986536898532,1523.11735165781,109.8071949651063,34.099985762019244,185.51440416819344,140083429.36079356,70041714.68039678,210125144.04119033,3143129.5
Zagreb,ssp126,2037,Croatia,3143129.5,12.252533241928877,12712395.054212317,2786.278368046036,4279.297869579346,1293.2588665127255,97.00328890972645,27.698032734329317,166.3085450851236,123749207.63678493,61874603.81839246,185623811.4551774,3143129.5
Zagreb,ssp126,2038,Croatia,3143129.5,12.44574716009541,12705905.413606562,2784.8559810639526,4277.342087478983,1292.3698746489235,96.95376901360021,27.67327278626621,166.2342652409343,123686034.02713975,61843017.01356988,185529051.0407096,3143129.5
Zagreb,ssp126,2039,Croatia,3143129.5,12.337113564172308,12986574.975522965,2846.3725973743976,4361.927434905843,1330.8177598429515,99.09544809819715,28.744112328564682,169.4467838678297,126418220.6644183,63209110.33220915,189627330.99662745,3143129.5
Zagreb,ssp126,2040,Croatia,3143129.5,12.383953364740869,11383928.581683088,2495.1076343409995,3878.9381107349213,1111.2771579470777,86.8662835309546,22.629530044943408,151.10303701696586,110817209.17021108,55408604.58510554,166225813.75531662,3143129.5
Zagreb,ssp126,2041,Croatia,3143129.5,12.248370571331433,12703029.73033142,2784.2256943187163,4276.475443204281,1291.9759454331506,96.93182580507326,27.662301182002736,166.20135042814385,123658040.5982701,61829020.29913505,185487060.89740515,3143129.5
Zagreb,ssp126,2042,Croatia,3143129.5,12.55557265705167,14065595.145629112,3082.8701689045115,4687.11159575975,1478.6287420492731,107.32902681045832,32.86090168469525,181.7971519362214,136921976.29074472,68460988.14537236,205382964.43611708,3143129.5
Zagreb,ssp126,2043,Croatia,3143129.5,12.441635924329228,14005039.689741772,3069.597740216876,4668.862006314252,1470.3334741195004,106.86695193334435,32.62986424613827,181.10403962055048,136332497.3096254,68166248.6548127,204498745.96443808,3143129.5
Zagreb,ssp126,2044,Croatia,3143129.5,12.190512920281355,13338901.488657039,2923.594846828441,4468.108027905153,1379.0816657517285,101.78391320633364,30.088344882632924,173.4794815300344,129847954.13665907,64923977.068329535,194771931.2049886,3143129.5
Zagreb,ssp126,2045,Croatia,3143129.5,12.537132780421544,12529382.840652369,2746.1661020602937,4224.143503848951,1268.1887002716367,95.60679465744315,26.999785608187665,164.21380370669866,121967669.5143996,60983834.7571998,182951504.2715994,3143129.5
Zagreb,ssp126,2046,Croatia,3143129.5,12.72464276531381,12248933.45089661,2684.6977426617714,4139.624509675983,1229.7709756475601,93.46679562004564,25.92978608948893,161.00380515060243,119237626.14991173,59618813.074955866,178856439.22486758,3143129.5
Zagreb,ssp126,2047,Croatia,3143129.5,12.513052635413981,14387375.166006446,3153.3972966584474,4784.086396421413,1522.708196895483,109.78440364141144,34.08859010017183,185.48021718265113,140054353.97293887,70027176.98646943,210081530.95940828,3143129.5
Zagreb,ssp126,2048,Croatia,3143129.5,12.525981460622209,13326532.997309439,2920.8839446152683,4464.38053736204,1377.3873518684954,101.68953411140686,30.04115533516952,173.33791288764422,129727552.67042072,64863776.33521036,194591329.0056311,3143129.5
Zagreb,ssp126,2049,Croatia,3143129.5,12.658299961840113,14903147.934112128,3266.443382818597,4939.524764891617,1593.3620007455766,113.72006286400153,36.05641971146686,191.38370601653625,145075160.1311436,72537580.0655718,217612740.1967154,3143129.5
Zagreb,ssp126,2050,Croatia,3143129.5,12.501686519563034,14641804.081098124,3209.1625383223777,4860.763603709316,1557.5614729354388,111.72585066633266,35.05931361263244,188.39238772003293,142531100.2121973,71265550.10609865,213796650.31829596,3143129.5
Zagreb,ssp126,2051,Croatia,3143129.5,12.573049124055856,14232337.312054977,3119.416397162235,4737.36265961412,1501.4701347103505,108.60137072946517,33.49707364419869,183.7056678147317,138545133.1299438,69272566.5649719,207817699.69491568,3143129.5
Zagreb,ssp126,2052,Croatia,3143129.5,12.680200522212978,13923573.864634052,3051.742216905594,4644.310661761239,1459.1737720499495,106.24531824940891,32.31904740417056,180.17158909464732,135539465.6846981,67769732.84234905,203309198.52704716,3143129.5
Zagreb,ssp126,2053,Croatia,3143129.5,12.811277895487796,13886175.135400921,3043.5452351558665,4633.039811855364,1454.05065845637,105.95994324956135,32.176359904246794,179.74352659487602,135175406.58415198,67587703.29207599,202763109.87622797,3143129.5
Zagreb,ssp126,2054,Croatia,3143129.5,12.44931132824604,12937518.345369358,2835.620459258538,4347.143244996538,1324.0976735205395,98.72111623961078,28.556946399271496,168.88528607995013,125940677.3623928,62970338.6811964,188911016.0435892,3143129.5
Zagreb,ssp126,2055,Croatia,3143129.5,12.396724727643743,11704026.12258897,2565.265999471056,3975.4058627887493,1155.1261361533634,89.30882202251084,23.85079929072154,154.76684475430022,113933208.70331775,56966604.35165887,170899813.0549766,3143129.5
Zagreb,ssp126,2056,Croatia,3143129.5,12.464169331468284,12095130.514678083,2650.9875100659297,4093.2729398567003,1208.7020802751595,92.29318587982405,25.34298121937813,159.24339054027,117740426.65224901,58870213.326124504,176610639.97837353,3143129.5
Zagreb,ssp126,2057,Croatia,3143129.5,12.779841574628119,13663454.660936173,2994.72978869784,4565.918572975577,1423.541004420103,104.26045086921295,31.32661371407258,177.19428802435337,133007327.1528592,66503663.5764296,199510990.7292888,3143129.5
Zagreb,ssp126,2058,Croatia,3143129.5,12.549694392262086,13801134.96214598,3024.9062930725927,4607.4112664908625,1442.4013196543237,105.3110351201332,31.85190583953269,178.77016440073373,134347580.35528505,67173790.17764252,201521370.53292757,3143129.5
Zagreb,ssp126,2059,Croatia,3143129.5,12.744962335688701,15668950.735175945,3434.290572092859,5170.314650143728,1698.26649404199,119.56360297132755,38.97818976512988,200.14901617752528,152529891.47276378,76264945.73638189,228794837.20914567,3143129.5
Zagreb,ssp126,2060,Croatia,3143129.5,12.702218469981341,14486916.266398318,3175.214524141598,4814.085084210745,1536.3439640724519,110.5439626449294,34.46836960193079,186.619555687928,141023339.9309947,70511669.96549734,211535009.89649203,3143129.5
Zagreb,ssp126,2061,Croatia,3143129.5,12.926662920672191,16126438.060017992,3534.5617665787872,5308.187542561878,1760.9359905956949,123.05450889070272,40.723642724817466,205.38537505658803,156983316.15880093,78491658.07940046,235474974.23820138,3143129.5
Zagreb,ssp126,2062,Croatia,3143129.5,12.70614949610015,14394556.148204524,3154.9712105648764,4786.250528042752,1523.6918930870006,109.8391988934348,34.115987726183505,185.56241006068615,140124257.46895808,70062128.73447904,210186386.20343712,3143129.5
Zagreb,ssp126,2063,Croatia,3143129.5,12.878693588457885,14398540.425934367,3155.844476916622,4787.451269276402,1524.237684556842,109.86960135041292,34.13118895467255,185.60801374615335,140163042.5452533,70081521.27262665,210244563.81787997,3143129.5
Zagreb,ssp126,2064,Croatia,3143129.5,12.56109986065312,13664791.960602608,2995.0228954740455,4566.321594792858,1423.7241961552313,104.27065527722175,31.33171591807698,177.2095946363666,133020345.13832843,66510172.56916422,199530517.70749265,3143129.5
Zagreb,ssp126,2065,Croatia,3143129.5,12.468348152777637,12739965.405500852,2792.321184766811,4287.606742570411,1297.0356269632098,97.21366742140569,27.803221990168964,166.6241128526425,124017592.0845365,62008796.04226825,186026388.12680474,3143129.5
Zagreb,ssp126,2066,Croatia,3143129.5,12.682435264615648,13010487.68735665,2851.6137396941094,4369.134005595448,1334.0934737927714,99.27791660116026,28.835346580046235,169.7204866222743,126650999.70638844,63325499.85319422,189976499.55958265,3143129.5
Zagreb,ssp126,2067,Croatia,3143129.5,12.804987072707473,15000253.917828444,3287.7268860988866,4968.789581902016,1606.6641902957572,114.46104044950968,36.42690850422095,192.49517239479846,146020441.36968607,73010220.68484303,219030662.0545291,3143129.5
Zagreb,ssp126,2068,Croatia,3143129.5,12.6145015076892,13117053.165340196,2874.9705567863934,4401.249629097338,1348.6914844754492,100.09107586851758,29.24192621372488,170.9402255233103,127688364.68801963,63844182.34400982,191532547.03202945,3143129.5
Zagreb,ssp126,2069,Croatia,3143129.5,12.929956889410327,13362207.359579183,2928.7029829209655,4475.131715032374,1382.2742508095566,101.96175114487411,30.177263851903163,173.7462384378451,130074825.86677772,65037412.93338886,195112238.80016658,3143129.5
Zagreb,ssp126,2070,Croatia,3143129.5,12.756884291172684,14756603.484311827,3234.324051355518,4895.360684129884,1573.2874185811515,112.60183978003721,35.49730816948471,189.70637139058977,143648618.59675744,71824309.29837872,215472927.89513618,3143129.5
Zagreb,ssp126,2071,Croatia,3143129.5,12.804242294849363,14082537.662126906,3086.583597178,4692.217559635797,1480.9496347202034,107.4583084930747,32.92554252600344,181.991074460146,137086903.74800467,68543451.87400234,205630355.622007,3143129.5
Zagreb,ssp126,2072,Croatia,3143129.5,12.389914062528186,13434742.156724095,2944.601020651357,4496.991516911663,1392.2105243910514,102.5152356655683,30.45400611225024,174.57646521888637,130780918.12040108,65390459.06020054,196171377.18060163,3143129.5
Zagreb,ssp126,2073,Croatia,3143129.5,12.600750954072966,15136027.910079356,3317.485569331963,5009.7077713474955,1625.26336731643,115.49707840621053,36.94492748257139,194.04922932984977,147342137.54787153,73671068.77393577,221013206.3218073,3143129.5
Zagreb,ssp126,2074,Croatia,3143129.5,12.513695193264688,13822881.405289076,3029.6726367751885,4613.964989081931,1445.380284468446,105.47697367836491,31.934875118648563,179.01907223808132,134559271.7868682,67279635.8934341,201838907.68030232,3143129.5
Zagreb,ssp126,2075,Croatia,3143129.5,12.760457277559745,13526734.854149379,2964.76380364868,4524.715343532982,1404.8122637643783,103.21719577362612,30.804986166279164,175.6294053809731,131676423.913464,65838211.956732,197514635.87019598,3143129.5
Zagreb,ssp126,2076,Croatia,3143129.5,12.80094579291624,15783104.468211226,3459.310568374564,5204.7171450310725,1713.9039917180553,120.43466522973924,39.41372089433571,201.4556095651428,153641124.56075835,76820562.28037918,230461686.84113753,3143129.5
Zagreb,ssp126,2077,Croatia,3143129.5,12.900376345022103,15193131.926572375,3330.00151815235,5026.9172009755275,1633.085835329172,115.93281670620476,37.16279663256849,194.70283677984108,147898018.38415408,73949009.19207704,221847027.57623112,3143129.5
Zagreb,ssp126,2078,Croatia,3143129.5,12.644566344636134,13059647.430247769,2862.388477862026,4383.949270576333,1340.8276851477194,99.65303527250887,29.022905915720514,170.28316462929723,127129546.76258533,63564773.38129266,190694320.14387798,3143129.5
Zagreb,ssp126,2079,Croatia,3143129.5,12.724192681146812,14430528.978078369,3162.855666427636,4797.091654854046,1528.619678001226,110.11369341584947,34.253234987390826,185.97415184430812,140474436.10755116,70237218.05377558,210711654.16132674,3143129.5
Zagreb,ssp126,2080,Croatia,3143129.5,12.866825659226896,14234425.50320334,3119.8740828933837,4737.99197749445,1501.7561882923183,108.6173048951672,33.5050407270497,183.7295690632847,138565460.69205165,69282730.34602582,207848191.03807747,3143129.5
Zagreb,ssp126,2081,Croatia,3143129.5,12.734758133837616,14728750.38850949,3228.2192632344572,4886.9666004634255,1569.471926005489,112.38930375613126,35.39104015753172,189.38756735473083,143377481.76368448,71688740.88184224,215066222.6455267,3143129.5
Zagreb,ssp126,2082,Croatia,3143129.5,12.691146993226395,15009834.707386993,3289.8267851802116,4971.676943138838,1607.9766272215852,114.53414768804086,36.46346212348652,192.6048332525952,146113705.86558545,73056852.93279272,219170558.79837817,3143129.5
Zagreb,ssp126,2083,Croatia,3143129.5,12.530103162070425,13480659.719522092,2954.665144004343,4510.829686522018,1398.5006014866676,102.86561453525644,30.629195547094326,175.1020335234186,131227904.07297991,65613952.036489956,196841856.10946986,3143129.5
Zagreb,ssp126,2084,Croatia,3143129.5,12.801870628337296,15390745.826341063,3373.3141537180904,5086.47207487842,1660.1562325577593,117.44073068544239,37.91675362218727,196.96470774869746,149821697.07806718,74910848.53903359,224732545.61710078,3143129.5
Zagreb,ssp126,2085,Croatia,3143129.5,12.916738138872711,14604758.789326582,3201.043022317656,4849.599269202825,1552.4867754324882,111.44317260880416,34.91797458386819,187.96837063374022,142170481.65968594,71085240.82984297,213255722.4895289,3143129.5
Zagreb,ssp126,2086,Croatia,3143129.5,12.825663464582426,15298086.65671499,3353.0052946219653,5058.547393621249,1647.4631956226813,116.73368499003712,37.56323077448465,195.90413920558962,148919703.49050078,74459851.74525039,223379555.23575115,3143129.5
Zagreb,ssp126,2087,Croatia,3143129.5,12.644666065571991,15017245.453791808,3291.4510583648284,4973.9103187676865,1608.9917979619709,114.59069618039632,36.49173636966427,192.6896559911284,146185846.00846824,73092923.00423412,219278769.01270235,3143129.5
Zagreb,ssp126,2088,Croatia,3143129.5,12.615301359874962,13706592.732207235,3004.184708428484,4578.919087605213,1429.4503292517556,104.58962053178794,31.491198545360064,177.6880425182158,133427256.05815274,66713628.02907637,200140884.0872291,3143129.5
Zagreb,ssp126,2089,Croatia,3143129.5,12.553045062567989,14706946.888526242,3223.4404139230605,4880.395682660255,1566.4851451858658,112.22292981958361,35.30785318925791,189.1380064499094,143165234.9105046,71582617.4552523,214747852.36575693,3143129.5
Zagreb,ssp126,2090,Croatia,3143129.5,12.872178394875787,15218396.634422112,3335.5389883659914,5034.531222519285,1636.546754212698,116.12560175924287,37.25918915908754,194.99201435939827,148143958.47366887,74071979.23683444,222215937.7105033,3143129.5
Zagreb,ssp126,2091,Croatia,3143129.5,12.577198386608707,14524283.25083306,3183.4045481272947,4825.346367191078,1541.4627290635126,110.82909541270058,34.61093598581638,187.0472548395848,141387090.01080707,70693545.00540353,212080635.01621062,3143129.5
Zagreb,ssp126,2092,Croatia,3143129.5,12.653892070158879,13658664.517109185,2993.679894160418,4564.474967986622,1422.8848203342145,104.2238991648656,31.30833786189892,177.13946046783235,132960697.34781238,66480348.67390619,199441046.02171856,3143129.5
Zagreb,ssp126,2093,Croatia,3143129.5,12.94528465402766,15513576.19728281,3400.2358788560073,5123.4894469430565,1676.9823107689576,118.37800095658628,38.38538875775923,198.3706131554133,151017393.1693981,75508696.58469905,226526089.75409716,3143129.5
Zagreb,ssp126,2094,Croatia,3143129.5,12.861579429710583,15827235.69233162,3468.9831654420473,5218.016965998862,1719.9493648852326,120.77141325125947,39.58209490509584,201.9607315974232,154070721.3435559,77035360.67177795,231106082.01533383,3143129.5
Zagreb,ssp126,2095,Croatia,3143129.5,12.843019154825015,14222359.149673942,3117.2294026677623,4734.355542184219,1500.1032631513044,108.52523129514867,33.45900392704041,183.59145866325693,138448000.3958635,69224000.19793175,207672000.59379524,3143129.5
Zagreb,ssp126,2096,Croatia,3143129.5,12.827454430813953,15697263.518481195,3440.4961136392153,5178.847269769967,1702.1449575084625,119.77964668984674,39.08621162438948,200.47308175530407,152805503.14822507,76402751.57411253,229208254.7223376,3143129.5
Zagreb,ssp126,2097,Croatia,3143129.5,12.522354483378864,12979803.387926519,2844.8884137916143,4359.886682479517,1329.8901451037123,99.0437767754295,28.718276667180874,169.36927688367822,126352302.43296543,63176151.216482714,189528453.64944816,3143129.5
Zagreb,ssp126,2098,Croatia,3143129.5,12.395171688790617,10825629.408944951,2372.740692370997,3710.683565526168,1034.7978192158262,82.60612203343827,20.49944929618522,144.71279477069132,105382428.39475557,52691214.197377786,158073642.59213334,3143129.5
Zurich,ssp126,2024,Switzerland,7109719.499999999,9.255203892844316,52568156.34916665,11521.787692969301,12881.341905633122,10162.233480305482,157.2400616618518,132.50126314336381,181.97886018033984,2335687312.916404,1167843656.458202,3503530969.3746057,7109719.499999999
Zurich,ssp126,2025,Switzerland,7109719.499999999,9.541063789890334,55882670.91843076,12248.256639657326,13880.236707329153,10616.276571985496,167.15432366846213,137.45839414666898,196.85025319025533,2482956499.5411816,1241478249.7705908,3724434749.3117723,7109719.499999999
Zurich,ssp126,2026,Switzerland,7109719.499999999,9.31705236968098,53691847.18044923,11768.076094346306,13219.988457526502,10316.163731166109,160.60120703712604,134.18183583100094,187.02057824325126,2385614694.8248343,1192807347.4124172,3578422042.2372513,7109719.499999999
Zurich,ssp126,2027,Switzerland,7109719.499999999,9.151963713082935,52556811.36625709,11519.301121372686,12877.922869687774,10160.679373057596,157.20612693908154,132.4842957819787,181.92795809618445,2335183237.170032,1167591618.585016,3502774855.755048,7109719.499999999
Zurich,ssp126,2028,Switzerland,7109719.499999999,9.316474992667333,55294061.17285168,12119.246284461911,13702.847468935463,10535.645099988364,165.39369443743396,136.57807953115488,194.20930934371304,2456803626.5761085,1228401813.2880542,3685205439.8641624,7109719.499999999
Zurich,ssp126,2029,Switzerland,7109719.499999999,9.23209423970628,52497575.92694179,11506.31801138577,12860.071093455766,10152.564929315775,157.02894392987278,132.3957042773743,181.6621835823713,2332551311.805087,1166275655.9025435,3498826967.7076306,7109719.499999999
Zurich,ssp126,2030,Switzerland,7109719.499999999,9.414876911157666,54945160.03717971,12042.774802670794,13597.699181472675,10487.850423868915,164.35007335773423,136.05626899130502,192.64387772416347,2441301390.761746,1220650695.380873,3661952086.142619,7109719.499999999
Zurich,ssp126,2031,Switzerland,7109719.499999999,9.278324140382848,53151086.337431535,11649.553169849276,13057.019436343086,10242.086903355466,158.983701798106,133.3730832114909,184.5943203847212,2361587825.1745296,1180793912.5872648,3542381737.761794,7109719.499999999
Zurich,ssp126,2032,Switzerland,7109719.499999999,9.110410171442204,50217141.27733159,11006.496718320523,12172.816815491049,9840.176621149994,150.2077862210359,128.98512542295583,171.43044701911595,2231227950.8781757,1115613975.4390879,3346841926.3172636,7109719.499999999
Zurich,ssp126,2033,Switzerland,7109719.499999999,9.356935473460725,55701533.39780796,12208.555265274248,13825.647317552422,10591.463212996074,166.61251134537406,137.18748798512493,196.03753470562327,2474908269.620361,1237454134.8101804,3712362404.430541,7109719.499999999
Zurich,ssp126,2034,Switzerland,7109719.499999999,9.293164052601913,54678137.11798726,11984.249231340942,13517.226520894128,10451.271941787756,163.55136358370186,135.65691410428883,191.44581306311494,2429437135.1376176,1214718567.5688088,3644155702.7064266,7109719.499999999
Zurich,ssp126,2035,Switzerland,7109719.499999999,9.449518419985962,57386838.089569256,12577.937115523298,14333.547361644867,10822.32686940173,171.65353678844545,139.70800070666064,203.5990728702303,2549789054.1165686,1274894527.0582843,3824683581.174853,7109719.499999999
Zurich,ssp126,2036,Switzerland,7109719.499999999,9.455870593111898,57733910.34710742,12654.007747312484,14438.144480354997,10869.871014269971,172.69168739075914,140.2270760078175,205.15629877370083,2565210029.94864,1282605014.97432,3847815044.92296,7109719.499999999
Zurich,ssp126,2037,Switzerland,7109719.499999999,9.417525469245549,57683776.86839557,12643.01958759482,14423.035760743209,10863.00341444643,172.5417298531272,140.1520972390015,204.93136246725294,2562982519.2594337,1281491259.6297169,3844473778.8891506,7109719.499999999
Zurich,ssp126,2038,Switzerland,7109719.499999999,9.64093365961472,59266824.40943961,12989.988911659264,14900.11858133182,11079.85924198671,177.2768872231898,142.5196759240328,212.03409852234682,2633319854.9042335,1316659927.4521167,3949979782.35635,7109719.499999999
Zurich,ssp126,2039,Switzerland,7109719.499999999,9.391013565240506,56204051.116126835,12318.696135042766,13977.091013484136,10660.301256601397,168.11562506482392,137.93904484484986,198.292205284798,2497235936.038731,1248617968.0193655,3745853904.058097,7109719.499999999
Zurich,ssp126,2040,Switzerland,7109719.499999999,9.356511293593059,55487797.88171629,12161.709124761004,13761.233874346712,10562.184375175295,165.97319301915488,136.86782882201535,195.07855721629448,2465411658.593354,1232705829.296677,3698117487.8900313,7109719.499999999
Zurich,ssp126,2041,Switzerland,7109719.499999999,9.319015544989336,54699746.9262348,11988.98562766917,13523.739065845442,10454.2321894929,163.61600209905652,135.6892333619662,191.54277083614699,2430397293.5008497,1215198646.7504249,3645595940.2512746,7109719.499999999
Zurich,ssp126,2042,Switzerland,7109719.499999999,9.42786216812712,55539719.93387386,12173.089300576363,13776.881616092829,10569.296985059895,166.1285004761758,136.9454825505258,195.31151840182585,2467718638.4630585,1233859319.2315292,3701577957.6945877,7109719.499999999
Zurich,ssp126,2043,Switzerland,7109719.499999999,9.558744324272286,58040027.587296024,12721.101936942863,14530.398991096768,10911.804882788958,173.607334753457,140.6848996891664,206.52976981774765,2578811308.8183856,1289405654.4091928,3868216963.227578,7109719.499999999
Zurich,ssp126,2044,Switzerland,7109719.499999999,9.332301217099584,56129403.109423764,12302.33492809415,13954.594353929788,10650.07550225851,167.89234051402173,137.82740256944876,197.95727845859474,2493919205.639576,1246959602.819788,3740878808.459364,7109719.499999999
Zurich,ssp126,2045,Switzerland,7109719.499999999,9.535007029671371,58476502.223466456,12816.767610624054,14661.939292408406,10971.595928839703,174.91290267654335,141.33768365070958,208.48812170237716,2598204575.40627,1299102287.703135,3897306863.109405,7109719.499999999
Zurich,ssp126,2046,Switzerland,7109719.499999999,9.6779857247948,61457452.079241715,13470.126483122742,15560.3077420941,11379.94522415138,183.82941738212955,145.7959410035027,221.8628937607565,2730652947.997596,1365326473.998798,4095979421.9963937,7109719.499999999
Zurich,ssp126,2047,Switzerland,7109719.499999999,9.569600903339026,59566498.132192925,13055.67082349561,14990.431210106795,11120.910436884424,178.17326095810213,142.96786279148898,213.37865912471534,2646634837.982585,1323317418.9912925,3969952256.9738774,7109719.499999999
Zurich,ssp126,2048,Switzerland,7109719.499999999,9.549951007612965,58697657.13932945,12865.23992095019,14728.588719106843,11001.891122793537,175.57441365623484,141.66843914055534,209.4803881719144,2608030842.238594,1304015421.119297,3912046263.357891,7109719.499999999
Zurich,ssp126,2049,Switzerland,7109719.499999999,9.658142344662732,60855899.8315431,13338.279415134004,15379.018023609588,11297.54080665842,182.0300749838026,144.8962698043392,219.16388016326604,2703925018.9510956,1351962509.4755478,4055887528.4266434,7109719.499999999
Zurich,ssp126,2050,Switzerland,7109719.499999999,9.621239526478469,60619503.39627983,13286.466497816025,15307.775262297368,11265.157733334685,181.3229740953762,144.542719360126,218.10322883062645,2693421547.020378,1346710773.510189,4040132320.530567,7109719.499999999
Zurich,ssp126,2051,Switzerland,7109719.499999999,9.723922597642398,62948832.13031925,13797.004302536996,16009.764743788699,11584.24386128529,188.29038210828472,148.02642336658027,228.55434084998925,2796917350.365081,1398458675.1825404,4195376025.5476213,7109719.499999999
Zurich,ssp126,2052,Switzerland,7109719.499999999,9.602474055573323,60583066.461184286,13278.480320260838,15296.794268158985,11260.166372362692,181.2139851880397,144.48822490645776,217.9397454696217,2691802595.6830153,1345901297.8415077,4037703893.524523,7109719.499999999
Zurich,ssp126,2053,Switzerland,7109719.499999999,9.791919551144197,62858502.62919716,13777.206055715715,15982.542154409439,11571.86995702199,188.02019161060056,147.8913281177382,228.14905510346304,2792903866.073344,1396451933.036672,4189355799.1100163,7109719.499999999
Zurich,ssp126,2054,Switzerland,7109719.499999999,9.404406628885898,56068542.171994194,12288.99554454794,13936.25270155375,10641.738387542131,167.71029537074793,137.7363799978119,197.6842107436841,2491215056.7920823,1245607528.3960412,3736822585.1881237,7109719.499999999
Zurich,ssp126,2055,Switzerland,7109719.499999999,9.453028616150108,57797176.38841133,12667.87427691334,14457.210958556174,10878.537595270505,172.88092659803988,140.32169561145787,205.44015758462197,2568021041.410226,1284010520.705113,3852031562.115339,7109719.499999999
Zurich,ssp126,2056,Switzerland,7109719.499999999,9.453633366105715,57083804.76788159,12511.51885323559,14242.222250999266,10780.815455471911,170.74711393672388,139.25478928079986,202.23943859264796,2536324798.681102,1268162399.340551,3804487198.0216527,7109719.499999999
Zurich,ssp126,2057,Switzerland,7109719.499999999,9.763861550695326,61972551.989484236,13583.025093586853,15715.543331482257,11450.506855691452,185.37016652140989,146.56631557314284,224.174017469677,2753539661.338775,1376769830.6693876,4130309492.0081625,7109719.499999999
Zurich,ssp126,2058,Switzerland,7109719.499999999,9.635404241615593,61225867.13451526,13419.368139073107,15490.515019025856,11348.22125912036,183.1367084587489,145.44958654181235,220.8238303756855,2720363258.291395,1360181629.1456976,4080544887.437093,7109719.499999999
Zurich,ssp126,2059,Switzerland,7109719.499999999,9.760462772181302,63007127.427100785,13809.781353886374,16027.333189394094,11592.229518378652,188.46475299547427,148.11360881017504,228.81589718077356,2799507503.6927133,1399753751.8463566,4199261255.53907,7109719.499999999
Zurich,ssp126,2060,Switzerland,7109719.499999999,9.6487101336594,59762671.28963064,13098.667679920312,15049.551887690763,11147.783472149864,178.7600473610152,143.2612559929455,214.25883872908497,2655351125.3090515,1327675562.6545258,3983026687.9635773,7109719.499999999
Zurich,ssp126,2061,Switzerland,7109719.499999999,10.01691011553185,66236590.125315934,14517.608794591062,17000.595920363045,12034.621668819083,198.12461076999853,152.94353769743716,243.30568384255994,2942997699.5758457,1471498849.7879229,4414496549.363769,7109719.499999999
Zurich,ssp126,2062,Switzerland,7109719.499999999,9.555876089445134,59968238.51276057,13143.723509647421,15111.503653565538,11175.943365729307,179.3749329702023,143.56869879753907,215.18116714286563,2664484806.007816,1332242403.003908,3996727209.0117235,7109719.499999999
Zurich,ssp126,2063,Switzerland,7109719.499999999,9.782330716281693,63434246.27369265,13903.396443550344,16156.053937682056,11650.738949418634,189.7423362024816,148.7524004136787,230.7322719912846,2818485077.5772843,1409242538.7886422,4227727616.3659267,7109719.499999999
Zurich,ssp126,2064,Switzerland,7109719.499999999,9.471219690258618,58346608.58508797,12788.297772075344,14622.79326440393,10953.802279746758,174.5243692919512,141.1434169584135,207.9053216254889,2592433193.1806126,1296216596.5903063,3888649789.770919,7109719.499999999
Zurich,ssp126,2065,Switzerland,7109719.499999999,9.689718920619546,60076970.256592944,13167.555124733968,15144.272124309538,11190.8381251584,179.7001676235015,143.73131612418865,215.6690191228144,2669315931.392804,1334657965.696402,4003973897.089206,7109719.499999999
Zurich,ssp126,2066,Switzerland,7109719.499999999,9.730210625787993,60333364.07448535,13223.751030025454,15221.541494085332,11225.960565965577,180.46708399521768,144.11477431004676,216.8193936803887,2680707919.036117,1340353959.5180585,4021061878.5541754,7109719.499999999
Zurich,ssp126,2067,Switzerland,7109719.499999999,9.844530143490081,63822475.905341126,13988.487869665078,16273.054648589812,11703.921090740341,190.90359532699568,149.33302997593574,232.47416067805565,2835734741.406399,1417867370.7031994,4253602112.109598,7109719.499999999
Zurich,ssp126,2068,Switzerland,7109719.499999999,9.616834308250064,60520039.68451357,13264.666232223422,15277.799897107538,11251.532567339307,181.0254616609024,144.3939631428891,217.65696017891574,2689002215.1319838,1344501107.5659919,4033503322.6979756,7109719.499999999
Zurich,ssp126,2069,Switzerland,7109719.499999999,9.898258349217434,64176004.24038133,14065.973532139644,16379.597434492342,11752.349629786946,191.96105712633465,149.86176087560523,234.06035337706413,2851442571.0937314,1425721285.5468657,4277163856.6405973,7109719.499999999
Zurich,ssp126,2070,Switzerland,7109719.499999999,9.804613286329293,63813580.37327357,13986.538164006433,16270.37380330918,11702.702524703689,190.87698731735713,149.31972597111647,232.43424866359788,2835339498.680863,1417669749.3404315,4253009248.0212946,7109719.499999999
Zurich,ssp126,2071,Switzerland,7109719.499999999,9.615487942017305,58514145.878512375,12825.018274743707,14673.28395557293,10976.752593914485,175.02550108310112,141.39398285398846,208.65701931221383,2599877143.2421765,1299938571.6210883,3899815714.863265,7109719.499999999
Zurich,ssp126,2072,Switzerland,7109719.499999999,9.506884371925981,58220825.46351473,12760.728868716826,14584.886022285966,10936.571715147684,174.14813114388255,140.95529788437918,207.34096440338595,2586844447.7947903,1293422223.8973951,3880266671.6921854,7109719.499999999
Zurich,ssp126,2073,Switzerland,7109719.499999999,9.681020346769927,61023689.292587325,13375.055187417669,15429.584710499626,11320.525664335712,182.53196105006592,145.14721283747087,219.916709262661,2711380173.2235594,1355690086.6117797,4067070259.835339,7109719.499999999
Zurich,ssp126,2074,Switzerland,7109719.499999999,9.519640499536973,58713064.24745995,12868.616821362353,14733.231957173568,11004.001685551139,175.62049886828558,141.69148174658068,209.5495159899905,2608715404.709267,1304357702.3546336,3913073107.063901,7109719.499999999
Zurich,ssp126,2075,Switzerland,7109719.499999999,9.708895628310142,61104291.37094505,13392.721396372786,15453.875747812914,11331.56704493266,182.7730552152646,145.2677599200702,220.2783505104591,2714961452.554802,1357480726.277401,4072442178.832203,7109719.499999999
Zurich,ssp126,2076,Switzerland,7109719.499999999,9.85886253871657,63361193.77539082,13887.384937073228,16134.03811627602,11640.731757870437,189.52382408154602,148.64314435321091,230.40450380988116,2815239238.169733,1407619619.0848665,4222858857.2545996,7109719.499999999
Zurich,ssp126,2077,Switzerland,7109719.499999999,9.835715888136114,63851696.39540586,13994.892360638169,16281.860823677813,11707.923897598524,190.9909986521009,149.37673163848837,232.6052656657135,2837033054.54236,1418516527.27118,4255549581.8135395,7109719.499999999
Zurich,ssp126,2078,Switzerland,7109719.499999999,9.666519497772043,60303548.04565707,13217.216010008298,15212.555841561742,11221.876178454855,180.37789931504122,144.07018196995853,216.68561666012397,2679383145.1598334,1339691572.5799167,4019074717.73975,7109719.499999999
Zurich,ssp126,2079,Switzerland,7109719.499999999,9.791802281823214,62095484.67786049,13609.969244463842,15752.591538938115,11467.34694998957,185.73787855171477,146.7501715882953,224.7255855151343,2759001757.416026,1379500878.708013,4138502636.124039,7109719.499999999
Zurich,ssp126,2080,Switzerland,7109719.499999999,9.901252312235505,63911255.20101478,14007.946345429165,16299.810052765435,11716.082638092897,191.16914890344785,149.46580676416184,232.87249104273394,2839679347.5892224,1419839673.7946112,4259519021.383834,7109719.499999999
Zurich,ssp126,2081,Switzerland,7109719.499999999,9.616085031153444,61296731.063560076,13434.899959137725,15511.871271614702,11357.928646660745,183.34867420657906,145.55556941572746,221.1417789974308,2723511856.064427,1361755928.0322134,4085267784.0966406,7109719.499999999
Zurich,ssp126,2082,Switzerland,7109719.499999999,9.822353508981292,63680736.07641879,13957.421605791687,16230.338535763902,11684.504675819473,190.4796280245921,149.12104632473398,231.83820972445028,2829437013.977081,1414718506.9885404,4244155520.965621,7109719.499999999
Zurich,ssp126,2083,Switzerland,7109719.499999999,9.566737010400992,57966022.66060875,12704.881679038805,14508.096136478687,10901.66722159892,173.38597376148513,140.57421919318045,206.1977283297898,2575523151.4934716,1287761575.7467358,3863284727.2402077,7109719.499999999
Zurich,ssp126,2084,Switzerland,7109719.499999999,9.763787684757428,63321636.2824983,13878.714801644732,16122.116680061838,11635.312923227626,189.40550106903072,148.5839828469533,230.22701929110826,2813481635.4555326,1406740817.7277663,4220222453.183299,7109719.499999999
Zurich,ssp126,2085,Switzerland,7109719.499999999,9.953608249130827,64627798.144720376,14164.996853638611,16515.754501553423,11814.2392057238,193.31244751759823,150.53745607123705,236.08743896395953,2871516497.2822094,1435758248.6411047,4307274745.923314,7109719.499999999
Zurich,ssp126,2086,Switzerland,7109719.499999999,9.85611276584169,63408939.512209944,13897.849756102078,16148.427242440692,11647.272269763467,189.66663948773342,148.71455205630463,230.61872691916227,2817360657.665474,1408680328.832737,4226040986.498211,7109719.499999999
Zurich,ssp126,2087,Switzerland,7109719.499999999,9.642934667547685,58946743.66168441,12919.83422721977,14803.655890227517,11036.012564212026,176.31947269680825,142.04096866084203,210.5979767327745,2619098155.047104,1309549077.523552,3928647232.570656,7109719.499999999
Zurich,ssp126,2088,Switzerland,7109719.499999999,9.712318007734796,60775794.097274564,13320.72199392446,15354.876569446467,11286.567418402457,181.7904654659761,144.77646504542597,218.80446588652632,2700365792.982049,1350182896.4910245,4050548689.4730735,7109719.499999999
Zurich,ssp126,2089,Switzerland,7109719.499999999,9.58428605028222,59755651.68798755,13097.129137094431,15047.436391305173,11146.821882883687,178.7390505699566,143.2507575974162,214.22734354249704,2655039233.1743803,1327519616.5871902,3982558849.7615705,7109719.499999999
Zurich,ssp126,2090,Switzerland,7109719.499999999,9.747383377207814,61864889.82048355,13559.427905860677,15683.097198358762,11435.758613362592,185.04813114356878,146.4052978842223,223.69096440291534,2748756058.87523,1374378029.437615,4123134088.3128448,7109719.499999999
Zurich,ssp126,2091,Switzerland,7109719.499999999,9.63545940914969,59098688.86563377,12953.137285619629,14849.447595527323,11056.826975711936,176.77396596607034,142.26821529547308,211.27971663666767,2625849323.6208253,1312924661.8104126,3938773985.431238,7109719.499999999
Zurich,ssp126,2092,Switzerland,7109719.499999999,9.593621995953297,59428583.55387218,13025.44297071298,14948.867912530679,11102.01802889528,177.76073561376293,142.76160011931938,212.75987110820654,2640507072.559154,1320253536.279577,3960760608.838731,7109719.499999999
Zurich,ssp126,2093,Switzerland,7109719.499999999,9.9720297645959,66740484.72520934,14628.051446622492,17152.45456690626,12103.648326338727,199.6318429702686,153.6971537975722,245.56653214296506,2965386543.046036,1482693271.523018,4448079814.569054,7109719.499999999
Zurich,ssp126,2094,Switzerland,7109719.499999999,9.802480760356708,64049105.015899956,14038.160003486191,16341.353832593846,11734.966174378538,191.58148052962557,149.6719725772507,233.49098848200046,2845804235.4695687,1422902117.7347844,4268706353.2043533,7109719.499999999
Zurich,ssp126,2095,Switzerland,7109719.499999999,9.69218734611217,61105772.25962268,13393.045974713088,15454.322043030828,11331.769906395348,182.77748479855524,145.26997471171555,220.28499488539504,2715027250.8086576,1357513625.4043288,4072540876.2129865,7109719.499999999
Zurich,ssp126,2096,Switzerland,7109719.499999999,9.78817811367593,63608008.66593523,13941.481351439128,16208.420686029134,11674.542016849124,190.26208829516008,149.01227646001794,231.51190013030225,2826205618.7415433,1413102809.3707716,4239308428.112315,7109719.499999999
Zurich,ssp126,2097,Switzerland,7109719.499999999,9.582453791684241,59336342.12177073,13005.22567052636,14921.069124774078,11089.382216278644,177.484826213877,142.6236454193764,212.34600700837765,2636408638.114287,1318204319.0571434,3954612957.1714306,7109719.499999999
Zurich,ssp126,2098,Switzerland,7109719.499999999,9.513258464366574,59492610.382794105,13039.476248284907,14968.163669192081,11110.788827377735,177.9522504628062,142.857357543841,213.04714338177146,2643351887.0321183,1321675943.5160592,3965027830.5481777,7109719.499999999
